id,analysis_date,period,pc1,pc2
2101.03815,2021-01-11 11:03:25,Pre-GPT,-0.29467615,-0.016752936
2308.01325,2023-08-02 15:33:42,Post-GPT,-0.30255646,0.27446342
1908.07369,2019-08-20 14:08:26,Pre-GPT,-0.075289786,-0.18111894
2212.12965,2022-12-25 22:27:32,Post-GPT,0.3271297,-0.11195983
2511.09813,2025-11-12 23:35:52,Post-GPT,-0.041746795,0.1856372
2512.22074,2025-12-26 16:26:39,Post-GPT,-0.35542935,0.32538876
1808.09844,2018-08-29 14:15:30,Pre-GPT,-0.16580698,-0.13912056
2010.15754,2020-10-29 16:58:47,Pre-GPT,0.07406466,0.009543175
2202.07067,2022-02-14 22:17:06,Pre-GPT,-0.385352,0.17363225
1905.12321,2019-05-29 10:47:42,Pre-GPT,0.23408732,-0.2897708
2508.04173,2025-08-06 07:58:32,Post-GPT,-0.32730448,0.08207551
1907.05666,2019-07-12 10:29:46,Pre-GPT,-0.12053439,-0.15993784
2407.13657,2024-07-18 16:32:48,Post-GPT,0.17935795,0.33661947
2212.02199,2022-12-05 12:17:02,Post-GPT,0.30025655,0.33449915
2306.08905,2023-06-15 07:19:37,Post-GPT,-0.34804422,0.30180478
2304.02945,2023-04-06 09:09:44,Post-GPT,0.28484967,0.373003
2303.14626,2023-03-26 05:03:18,Post-GPT,0.2844222,-0.004602762
2405.19095,2024-05-29 13:56:43,Post-GPT,-0.27283645,0.27026367
2303.15099,2023-03-27 11:07:09,Post-GPT,-0.13991587,0.17359613
2108.09755,2021-08-22 15:28:09,Pre-GPT,-0.28936672,0.1579044
2501.16928,2025-01-28 13:17:47,Post-GPT,-0.2757589,-0.17729059
1909.12185,2019-09-26 15:22:18,Pre-GPT,0.15214583,0.03837442
2001.04228,2020-01-13 13:22:33,Pre-GPT,-0.25057796,-0.006441054
1809.11096,2018-09-28 15:38:49,Pre-GPT,0.31923085,-0.07106359
1910.07207,2019-10-16 08:11:08,Pre-GPT,0.044907928,-0.109354764
2503.22958,2025-03-29 03:13:56,Post-GPT,0.072108164,-0.19971463
2106.08751,2021-06-16 12:56:03,Pre-GPT,-0.40986717,0.24432771
2402.14385,2024-02-22 08:55:21,Post-GPT,0.3235784,-0.12500206
1807.02183,2018-07-05 21:12:48,Pre-GPT,-0.28078544,-0.26033282
1811.02617,2018-11-06 20:21:26,Pre-GPT,0.19060794,0.22943285
2511.06958,2025-11-10 11:06:25,Post-GPT,0.34372857,-0.09723784
2102.00334,2021-01-30 23:10:20,Pre-GPT,-0.1869781,-0.18877362
2402.06412,2024-02-09 13:58:33,Post-GPT,0.01314339,-0.03633338
1803.00596,2018-03-01 19:38:19,Pre-GPT,-0.14149204,-0.20834103
2102.10692,2021-02-21 21:47:43,Pre-GPT,-0.38889876,0.2506364
2303.07576,2023-03-14 01:53:49,Post-GPT,0.24671316,0.10285166
2205.11693,2022-05-24 01:14:59,Pre-GPT,0.36446002,-0.02173889
2003.04383,2020-03-09 19:55:57,Pre-GPT,-0.23654094,-0.14800905
2208.10298,2022-08-22 13:25:20,Pre-GPT,-0.09553617,0.11538841
2210.03499,2022-09-07 10:29:10,Pre-GPT,-0.016731977,0.16145524
2207.01145,2022-07-04 00:09:33,Pre-GPT,0.28346387,0.08034547
2011.09335,2020-11-18 15:18:29,Pre-GPT,0.24518403,-0.24990971
2202.03066,2022-02-07 10:57:50,Pre-GPT,-0.3334091,0.31208077
2503.15765,2025-03-20 00:51:13,Post-GPT,-0.3607329,-0.27114618
2504.03299,2025-04-04 09:25:59,Post-GPT,0.091419995,-0.09152152
2310.08582,2023-10-12 17:59:50,Post-GPT,0.2777127,0.19740926
1902.08431,2019-02-22 10:44:55,Pre-GPT,0.2334589,-0.046924047
2112.0653,2021-12-13 10:04:51,Pre-GPT,0.30928355,0.021041844
1903.04786,2019-03-12 08:54:01,Pre-GPT,-0.15405355,-0.01943818
2305.14853,2023-05-24 08:03:01,Post-GPT,-0.30976942,-0.08017191
2111.13822,2021-11-27 06:14:28,Pre-GPT,0.24168193,0.05928118
2304.05223,2023-04-11 13:46:59,Post-GPT,0.022973835,-0.08767025
2109.05953,2021-09-13 13:28:14,Pre-GPT,-0.19102263,-0.19188088
1901.02096,2019-01-07 23:04:54,Pre-GPT,-0.27911493,0.32347536
2508.21009,2025-08-28 17:10:28,Post-GPT,-0.14069666,-0.24634178
2506.23623,2025-06-30 08:40:36,Post-GPT,0.3195527,0.022783872
2212.08594,2022-12-16 17:21:11,Post-GPT,-0.15085009,0.15567052
2509.16641,2025-09-20 11:42:57,Post-GPT,-0.39571303,0.19431216
1905.00479,2019-05-01 20:25:49,Pre-GPT,-0.20829548,-0.16402955
2309.0913,2023-09-17 01:46:11,Post-GPT,-0.38236475,0.0858943
1804.06978,2018-04-19 02:23:09,Pre-GPT,-0.34931645,0.29072636
2506.19344,2025-06-24 06:16:56,Post-GPT,0.003002435,-0.26804128
2201.0865,2022-01-21 11:34:45,Pre-GPT,-0.052118152,0.11689708
2402.17546,2024-02-27 14:38:47,Post-GPT,0.25337622,0.23297237
2305.00427,2023-04-30 08:56:58,Post-GPT,-0.048547097,0.19740033
2501.04982,2025-01-09 05:45:03,Post-GPT,0.35464898,-0.13125807
2106.1363,2021-06-25 13:33:23,Pre-GPT,-0.15027164,-0.23816685
2511.00315,2025-10-31 23:27:11,Post-GPT,0.376461,0.0879336
2307.13619,2023-07-25 16:22:58,Post-GPT,0.31645012,-0.069393724
2306.00872,2023-06-01 16:32:53,Post-GPT,0.227842,-0.08348037
2204.09184,2022-04-20 02:10:43,Pre-GPT,-0.31335324,0.1975427
2510.00471,2025-10-01 03:46:58,Post-GPT,0.021528006,-0.06285688
1803.0696,2018-03-19 14:42:25,Pre-GPT,-0.109061494,0.2742541
2404.10692,2024-04-16 16:11:46,Post-GPT,-0.23415785,0.0725975
2101.10281,2021-01-25 18:02:43,Pre-GPT,0.3014844,0.2831868
2007.14049,2020-07-28 08:12:23,Pre-GPT,0.011311531,0.26628017
2306.04813,2023-06-07 22:30:27,Post-GPT,0.27318266,0.09925747
2403.03354,2024-03-05 22:43:53,Post-GPT,-0.31852335,0.13124986
2507.07757,2025-07-10 13:34:33,Post-GPT,0.18682861,-0.21579085
2011.02443,2020-11-04 17:47:43,Pre-GPT,-0.16791444,-0.29414594
2301.05639,2023-01-08 04:54:33,Post-GPT,0.091029346,-0.20353314
1906.04819,2019-06-11 21:00:10,Pre-GPT,0.28226614,-0.07401797
1801.06786,2018-01-21 08:22:17,Pre-GPT,-0.31655338,0.013229329
2203.1541,2022-03-29 10:13:35,Pre-GPT,-0.18393725,-0.05351111
2003.08582,2020-03-19 05:35:45,Pre-GPT,-0.19030613,-0.022624373
2505.16427,2025-05-22 09:13:20,Post-GPT,-0.1733854,-0.2145885
1805.01707,2018-05-04 10:54:38,Pre-GPT,-0.046955794,-0.1526262
2201.13424,2022-01-31 18:35:03,Pre-GPT,-0.4370409,0.28028277
2511.08957,2025-11-12 04:02:00,Post-GPT,0.2241137,-0.11990133
2410.00183,2024-09-30 19:34:51,Post-GPT,0.054029435,-0.15859735
2506.0241,2025-06-03 03:53:51,Post-GPT,-0.074134775,-0.019731628
2408.07321,2024-08-14 06:43:06,Post-GPT,0.00012780726,0.23425697
1910.08103,2019-10-17 18:28:01,Pre-GPT,0.12635139,-0.07193008
2011.01975,2020-11-03 19:42:32,Pre-GPT,0.2756115,-0.08283006
2302.08755,2023-02-17 08:33:46,Post-GPT,-0.32934272,-0.0067251083
1904.01189,2019-04-02 03:08:36,Pre-GPT,0.3573492,-0.0023524556
2405.19186,2024-05-29 15:28:42,Post-GPT,0.39222315,0.21022862
2105.05028,2021-05-11 13:36:41,Pre-GPT,-0.35472095,-0.20719193
2309.09612,2023-09-18 09:33:41,Post-GPT,-0.2437387,-0.16554634
1904.0286,2019-04-05 03:23:16,Pre-GPT,0.22635448,0.08067688
2204.10772,2022-04-22 15:45:15,Pre-GPT,-0.31411788,0.0072009563
2003.02585,2020-03-05 13:01:46,Pre-GPT,-0.094144806,-0.107904285
2307.04289,2023-07-10 00:40:09,Post-GPT,-0.09985416,-0.12864874
2006.03308,2020-06-05 08:46:32,Pre-GPT,-0.34628102,-0.2456776
2007.06552,2020-07-13 17:54:34,Pre-GPT,0.15947762,0.027856845
2211.09367,2022-11-17 06:40:48,Pre-GPT,-0.21664883,-0.081227705
1912.0953,2019-12-19 20:16:43,Pre-GPT,-0.22065215,-0.025924217
2510.16753,2025-10-19 08:29:43,Post-GPT,0.406316,0.20006277
2202.09548,2022-02-19 08:18:56,Pre-GPT,-0.4699248,0.02978754
2203.14189,2022-03-27 02:26:26,Pre-GPT,-0.20091829,0.0110582765
2304.03983,2023-04-08 10:57:19,Post-GPT,0.20685518,0.13180818
2310.0485,2023-10-07 15:18:40,Post-GPT,-0.24486971,-0.13141614
2108.105,2021-08-24 03:11:25,Pre-GPT,-0.39247343,0.06809074
2410.18215,2024-10-23 18:32:03,Post-GPT,0.30815887,0.25179324
2505.0121,2025-05-02 11:54:31,Post-GPT,-0.23615448,0.024417914
2411.05158,2024-11-07 20:06:13,Post-GPT,-0.104560405,-0.12093131
2304.12281,2023-04-24 17:21:49,Post-GPT,0.36644033,-0.070552304
2406.0328,2024-06-05 13:54:28,Post-GPT,0.42334798,-0.06614837
2205.12171,2022-05-24 16:14:05,Pre-GPT,-0.38504386,-0.18520342
2401.0683,2024-01-12 10:14:10,Post-GPT,0.27106613,0.2039113
2201.10745,2022-01-26 04:43:19,Pre-GPT,-0.019933827,-0.32419944
2101.05197,2021-01-13 17:15:01,Pre-GPT,0.10792056,-0.09156039
2407.08892,2024-07-11 23:34:32,Post-GPT,0.28146532,0.2449766
2108.02987,2021-08-06 07:43:04,Pre-GPT,-0.16834429,-0.3577819
2512.01686,2025-12-01 13:51:41,Post-GPT,0.24217764,0.117613226
2101.12161,2021-01-28 18:16:58,Pre-GPT,-0.118561834,-0.11076343
2506.0186,2025-06-02 16:50:29,Post-GPT,0.19189209,-0.20599572
2205.15653,2022-05-31 09:48:47,Pre-GPT,0.33153704,0.12859617
1805.09146,2018-05-23 13:34:51,Pre-GPT,0.0009202212,-0.050863985
2003.1355,2020-03-30 15:23:30,Pre-GPT,-0.25780886,-0.13117214
2509.1141,2025-09-14 19:54:58,Post-GPT,0.0551776,-0.044001177
2412.09774,2024-12-13 00:57:47,Post-GPT,0.07981652,-0.39048338
2003.13074,2020-03-29 16:55:23,Pre-GPT,0.08445622,0.2109082
1902.10907,2019-02-28 05:37:15,Pre-GPT,-0.25610894,-0.14616989
2001.03033,2020-01-09 14:58:12,Pre-GPT,-0.33188632,0.17825341
1811.09336,2018-11-23 01:14:39,Pre-GPT,-0.3002644,0.020668585
1901.09887,2019-01-29 14:16:54,Pre-GPT,0.40192655,0.007034749
2309.05358,2023-09-11 10:08:22,Post-GPT,-0.34755966,-0.28855577
2506.00815,2025-06-01 03:35:46,Post-GPT,0.2245026,0.21591039
2411.10638,2024-11-16 00:11:26,Post-GPT,-0.10833469,-0.21959354
2102.1161,2021-02-23 10:42:49,Pre-GPT,-0.32602888,0.34244472
1812.00573,2018-12-03 06:37:02,Pre-GPT,0.39718524,0.05665299
2003.01569,2020-03-03 15:05:05,Pre-GPT,-0.33817232,-0.21232726
2106.0144,2021-06-01 07:24:19,Pre-GPT,0.5144284,0.1125543
2005.12071,2020-05-25 12:23:43,Pre-GPT,-0.23153412,-0.12957297
1910.04246,2019-10-09 20:49:38,Pre-GPT,-0.35407588,0.16994359
2107.07118,2021-07-15 04:56:13,Pre-GPT,-0.3548982,0.010278109
2311.02063,2023-11-03 17:47:23,Post-GPT,-0.29808217,-0.047060326
2503.24024,2025-03-31 12:50:40,Post-GPT,-0.2760364,0.070766225
2512.1284,2025-12-14 21:05:19,Post-GPT,0.24314949,0.20206316
2401.04694,2024-01-09 17:42:19,Post-GPT,-0.16573152,-0.20062171
2010.00376,2020-10-01 13:16:59,Pre-GPT,-0.2773655,-0.025144063
2509.17724,2025-09-22 12:56:39,Post-GPT,-0.15274812,-0.19870156
2306.0038,2023-06-01 06:25:01,Post-GPT,0.14767084,0.188322
2011.12576,2020-11-25 08:36:33,Pre-GPT,-0.19643648,-0.15569042
2009.13408,2020-09-28 15:23:02,Pre-GPT,-0.2224668,-0.15995009
1910.07783,2019-10-17 09:22:33,Pre-GPT,-0.017861053,0.20680453
1912.12709,2019-12-29 19:06:11,Pre-GPT,-0.29623583,0.09595455
1801.06257,2018-01-19 00:01:46,Pre-GPT,-0.14752069,-0.14306206
2302.13083,2023-02-25 14:08:15,Post-GPT,0.27250457,0.23591556
2511.19221,2025-11-24 15:28:25,Post-GPT,0.3947359,-0.0877164
2408.16764,2024-08-29 17:58:12,Post-GPT,-0.2344496,0.06013144
2406.04645,2024-06-07 05:13:09,Post-GPT,0.06502588,-0.061961353
2311.04843,2023-11-08 17:26:38,Post-GPT,0.2273517,-0.19548559
2006.12278,2020-06-22 14:08:32,Pre-GPT,0.21186408,-0.10845867
1909.03031,2019-09-06 17:39:15,Pre-GPT,-0.2360325,0.057419505
1809.05993,2018-09-17 01:37:14,Pre-GPT,-0.21297392,-0.28515506
2506.16853,2025-06-20 09:02:05,Post-GPT,0.30634278,0.13191788
2205.1528,2022-05-30 17:43:18,Pre-GPT,-0.06739524,0.03411105
2102.00376,2021-01-31 04:50:40,Pre-GPT,0.3188152,0.026218526
2209.07053,2022-09-15 05:14:31,Pre-GPT,0.011039108,0.35555628
2505.10072,2025-05-15 08:16:12,Post-GPT,0.16269696,-0.0983192
2009.09037,2020-09-18 19:31:37,Pre-GPT,-0.33327642,0.16404681
2001.11266,2020-01-30 11:44:41,Pre-GPT,-0.21193042,0.06294681
2001.09907,2020-01-27 16:51:39,Pre-GPT,0.074659795,0.24802382
1808.06845,2018-08-21 11:16:30,Pre-GPT,-0.2671082,-0.10432693
2305.10685,2023-05-18 03:54:49,Post-GPT,-0.37705457,0.19276206
2510.00958,2025-10-01 14:31:36,Post-GPT,0.24035823,-0.032643344
1908.0043,2019-08-01 14:25:59,Pre-GPT,-0.39527982,0.07493074
2005.08856,2020-05-18 16:30:07,Pre-GPT,-0.020589978,0.15632272
2510.10112,2025-10-11 08:43:18,Post-GPT,-0.09178922,-0.22565357
2503.01191,2025-03-03 05:34:05,Post-GPT,-0.20241326,0.20487861
2407.19437,2024-07-28 09:29:30,Post-GPT,-0.25195238,-0.2883895
2104.04333,2021-04-09 12:33:00,Pre-GPT,-0.2306127,-0.12694842
2512.01966,2025-12-01 18:22:58,Post-GPT,-0.36345398,-0.14516206
2505.22838,2025-05-28 20:17:09,Post-GPT,-0.28558433,0.07978313
2312.10576,2023-12-17 01:32:41,Post-GPT,-0.35927886,-0.2377175
2105.00971,2021-05-03 16:14:43,Pre-GPT,-0.2710676,0.1782444
2503.21143,2025-03-27 04:16:15,Post-GPT,-0.30320662,-0.18701309
2410.17361,2024-10-22 18:54:12,Post-GPT,0.05816658,0.18869035
2505.05002,2025-05-08 07:12:43,Post-GPT,-0.16016504,-0.15576853
2505.24714,2025-05-30 15:36:19,Post-GPT,0.30467638,0.23225503
2112.04421,2021-12-08 17:12:54,Pre-GPT,0.3018442,-0.030874152
2112.15538,2021-12-31 16:25:23,Pre-GPT,0.26528195,0.000549959
1808.06116,2018-08-18 19:04:54,Pre-GPT,0.27523693,0.21823923
2211.1052,2022-11-18 22:13:00,Pre-GPT,-0.28984633,0.20928422
2009.14068,2020-09-28 09:21:14,Pre-GPT,0.24448279,-0.1830035
2102.0695,2021-02-13 16:02:14,Pre-GPT,0.21597114,0.13288973
2006.03275,2020-06-05 07:51:12,Pre-GPT,-0.06322642,-0.21880484
2308.0649,2023-08-12 07:27:04,Post-GPT,-0.04878343,0.099927336
2312.16093,2023-12-26 15:36:00,Post-GPT,-0.30671906,-0.08088817
2212.14879,2022-12-30 18:49:47,Post-GPT,-0.33936757,-0.054535083
2003.09478,2020-03-20 19:41:42,Pre-GPT,-0.06787668,-0.27164412
2303.05788,2023-03-10 08:47:22,Post-GPT,0.15706149,-0.23878463
2411.16345,2024-11-25 12:44:02,Post-GPT,0.22821474,0.283436
2410.21629,2024-10-29 00:21:26,Post-GPT,0.26961634,-0.011856517
1910.14452,2019-10-31 13:20:54,Pre-GPT,-0.2871259,-0.1816818
2209.14836,2022-09-29 14:50:50,Pre-GPT,0.11237389,0.29851633
1904.00449,2019-03-31 17:17:17,Pre-GPT,-0.24696463,0.3451926
2506.22843,2025-06-28 10:45:30,Post-GPT,0.29541814,-0.02347344
2006.0797,2020-06-14 18:32:08,Pre-GPT,0.1830428,0.017620504
2004.06967,2020-04-15 09:28:40,Pre-GPT,0.1756565,-0.10119167
2402.1168,2024-02-18 19:08:19,Post-GPT,0.27008334,-0.1793384
1910.01069,2019-10-02 16:40:14,Pre-GPT,-0.16236033,-0.253021
2011.10232,2020-11-20 06:31:37,Pre-GPT,0.20618579,-0.14922279
2206.08775,2022-06-17 13:46:30,Pre-GPT,-0.3516422,0.3571946
1802.05091,2018-02-14 13:33:06,Pre-GPT,0.20914796,0.17938514
2112.11012,2021-12-21 06:36:03,Pre-GPT,-0.40644333,0.10019599
2106.01198,2021-06-02 14:42:18,Pre-GPT,-0.05646023,-0.26847747
1811.0596,2018-11-14 18:50:54,Pre-GPT,-0.37136328,-0.124665454
2011.01665,2020-11-03 12:41:43,Pre-GPT,-0.32108366,0.20860758
2509.09864,2025-09-11 21:35:19,Post-GPT,0.2211703,0.14930065
2112.13323,2021-12-26 06:26:39,Pre-GPT,0.03606373,0.146849
2204.10221,2022-04-21 15:56:01,Pre-GPT,0.16965273,0.15239727
1903.06339,2019-03-15 02:59:48,Pre-GPT,-0.18649668,-0.04082331
2506.00698,2025-05-31 20:11:32,Post-GPT,0.44418982,0.09617795
2303.0646,2023-03-11 17:20:39,Post-GPT,0.16375497,0.14024436
2505.14892,2025-05-20 20:38:21,Post-GPT,0.27311575,0.051727306
2012.15115,2020-12-30 11:22:31,Pre-GPT,0.1880149,0.376966
2503.2366,2025-03-31 01:51:09,Post-GPT,0.3929557,0.19152279
2408.11532,2024-08-21 11:14:07,Post-GPT,0.16210523,-0.12935154
2303.00973,2023-03-02 05:10:57,Post-GPT,0.3810018,0.085734054
2512.05547,2025-12-05 09:08:40,Post-GPT,-0.20005895,-0.24833763
2007.14991,2020-07-27 16:44:58,Pre-GPT,-0.1465173,-0.15202461
2211.04374,2022-11-08 16:58:57,Pre-GPT,-0.19154513,0.110740826
2508.04518,2025-08-06 15:02:52,Post-GPT,-0.34302896,0.28885037
2507.12091,2025-07-16 09:54:08,Post-GPT,-0.03195776,-0.2231838
2505.03248,2025-05-06 07:21:01,Post-GPT,-0.20258057,-0.10418719
2504.10674,2025-04-14 19:52:02,Post-GPT,-0.16264796,-0.29105735
2008.03325,2020-08-07 18:18:29,Pre-GPT,-0.02053675,-0.04984927
2007.13565,2020-07-24 15:02:30,Pre-GPT,-0.38485467,0.23314834
2511.18694,2025-11-24 02:28:31,Post-GPT,0.0923042,-0.15705091
2303.01331,2023-03-02 15:09:25,Post-GPT,0.29830614,-0.061798427
2307.0228,2023-07-05 13:29:05,Post-GPT,0.37197784,0.031656187
1905.10836,2019-05-26 16:42:56,Pre-GPT,0.2970802,-0.11066879
2410.15434,2024-10-20 16:05:22,Post-GPT,-0.2645333,0.064191416
2402.17009,2024-02-26 20:35:02,Post-GPT,-0.34964043,-0.10842544
2105.01496,2021-05-04 13:48:47,Pre-GPT,0.30645487,-0.08517192
2504.05343,2025-04-06 09:14:43,Post-GPT,0.2617916,0.20587172
2406.13185,2024-06-19 03:33:45,Post-GPT,0.39041725,0.13295744
2507.20837,2025-07-28 13:46:18,Post-GPT,-0.24523762,-0.24269646
2312.15879,2023-12-26 04:20:13,Post-GPT,-0.28753638,-0.01816132
2010.13945,2020-10-26 23:16:49,Pre-GPT,-0.2426151,-0.02338003
2403.06038,2024-03-09 23:12:41,Post-GPT,-0.19094905,-0.062436793
2106.0686,2021-06-12 20:38:59,Pre-GPT,0.3525862,-0.04089764
2410.24019,2024-10-31 15:20:50,Post-GPT,0.2621487,0.22616859
2401.09684,2024-01-18 02:25:13,Post-GPT,-0.23992597,-0.110715985
1902.0782,2019-02-21 00:25:25,Pre-GPT,-0.058074117,-0.18788183
2311.07796,2023-11-13 23:14:32,Post-GPT,-0.40373746,-0.06998095
2003.09683,2020-03-21 15:42:40,Pre-GPT,-0.093981534,-0.23929441
2102.03001,2021-02-05 05:20:13,Pre-GPT,-0.33089483,-0.09545092
2203.13484,2022-03-25 07:28:49,Pre-GPT,-0.35574389,0.03835247
1910.12958,2019-10-28 20:40:37,Pre-GPT,-0.04715789,-0.2065682
2309.14947,2023-09-26 14:02:47,Post-GPT,-0.4153242,0.23385324
2406.10883,2024-06-16 10:22:43,Post-GPT,-0.25256288,0.3048643
2107.07176,2021-07-15 07:53:04,Pre-GPT,-0.22360893,-0.12043761
2012.11841,2020-12-22 05:44:20,Pre-GPT,0.22519562,-0.2013892
2104.10942,2021-04-22 09:13:57,Pre-GPT,-0.16544957,0.26191264
1901.04601,2019-01-14 23:10:23,Pre-GPT,-0.40720347,-0.16750859
2212.00416,2022-12-01 10:42:10,Post-GPT,-0.18477398,-0.15803944
2509.17451,2025-09-22 07:45:13,Post-GPT,-0.29299414,0.03712282
2001.08383,2020-01-23 05:51:27,Pre-GPT,0.2889773,-0.13620195
2106.10712,2021-06-20 15:27:10,Pre-GPT,-0.30511677,-0.08736518
2410.23127,2024-10-30 15:39:03,Post-GPT,0.11168268,-0.0174314
1906.11049,2019-06-21 02:24:55,Pre-GPT,0.28585336,-0.03573508
2406.08435,2024-06-12 17:22:00,Post-GPT,0.26044253,0.32167423
1908.04355,2019-08-12 19:33:58,Pre-GPT,0.36463645,0.027586356
2203.01684,2022-03-03 12:47:46,Pre-GPT,0.15888003,0.03673471
2209.03346,2022-09-04 22:24:35,Pre-GPT,0.15568951,0.07574302
1911.11595,2019-11-25 12:25:08,Pre-GPT,-0.2669738,0.1795171
2310.04107,2023-10-06 09:15:05,Post-GPT,-0.4156047,0.10524602
2006.08801,2020-06-15 22:18:51,Pre-GPT,-0.3226914,-0.2663561
2402.06675,2024-02-07 15:38:29,Post-GPT,0.33736262,0.08561954
2206.13542,2022-06-27 18:00:06,Pre-GPT,-0.08924673,0.013676055
2412.03532,2024-12-04 18:27:04,Post-GPT,-0.393442,0.12486014
1806.11492,2018-06-29 15:49:36,Pre-GPT,-0.2934341,0.21226202
2512.0046,2025-11-29 12:25:17,Post-GPT,-0.4118897,0.26319575
2306.02719,2023-06-05 09:12:34,Post-GPT,0.29784036,0.037862998
2004.03486,2020-04-07 15:36:40,Pre-GPT,0.006572932,1.0542572e-06
2111.05504,2021-11-10 02:54:17,Pre-GPT,0.02479069,-0.25373438
2404.05584,2024-04-08 14:59:53,Post-GPT,0.3550727,-0.11134389
2407.03418,2024-07-03 18:00:48,Post-GPT,0.38810322,0.12291598
2511.14544,2025-11-18 14:45:19,Post-GPT,0.13122854,-0.0065112337
2007.12336,2020-07-24 03:58:25,Pre-GPT,0.30146042,0.062389236
1805.11397,2018-05-29 12:43:39,Pre-GPT,-0.259607,0.06292845
2503.05903,2025-03-07 19:53:26,Post-GPT,-0.29370853,0.042539883
2405.05125,2024-05-08 15:21:44,Post-GPT,-0.03568411,-0.030264657
2205.08508,2022-05-17 17:26:23,Pre-GPT,0.3068705,0.17432569
2508.06225,2025-08-08 11:11:22,Post-GPT,0.3799369,0.2926737
2109.08535,2021-09-17 13:19:03,Pre-GPT,0.34964368,0.28229174
2502.08568,2025-02-12 16:56:51,Post-GPT,-0.35375026,-0.07849188
2511.16179,2025-11-20 09:36:15,Post-GPT,-0.22482112,-0.17454125
2405.03542,2024-04-26 09:27:59,Post-GPT,0.07702917,-0.20693885
2005.08661,2020-05-18 12:51:08,Pre-GPT,0.033402696,-0.4312499
2302.04919,2023-02-09 20:21:17,Post-GPT,-0.11510225,-0.26109466
2412.09981,2024-12-13 09:08:02,Post-GPT,0.23711282,0.13048734
2105.02794,2021-05-06 16:35:09,Pre-GPT,0.3603276,-0.10702686
2005.03507,2020-05-06 16:55:10,Pre-GPT,-0.04789848,-0.066968665
2508.17162,2025-08-23 23:25:38,Post-GPT,0.23124918,0.2720635
2507.01047,2025-06-25 02:05:30,Post-GPT,0.23323572,-0.20982184
2108.02613,2021-08-05 13:47:11,Pre-GPT,0.275962,-0.18819697
2501.02311,2025-01-04 15:20:09,Post-GPT,0.21686634,-0.17838393
2109.12519,2021-09-26 07:56:10,Pre-GPT,0.18419594,-0.11087626
2001.11308,2020-01-30 13:41:27,Pre-GPT,-0.24568754,-0.20003924
2101.11986,2021-01-28 13:25:28,Pre-GPT,0.42285982,0.058972005
2407.1837,2024-07-25 20:04:59,Post-GPT,0.31375378,0.24772312
2309.15176,2023-09-26 18:19:51,Post-GPT,0.31249326,0.24006458
2108.1018,2021-08-23 13:48:54,Pre-GPT,-0.025852345,-0.23686351
2210.02524,2022-10-05 19:46:24,Pre-GPT,0.06706421,-0.25817305
2310.12793,2023-10-19 14:50:46,Post-GPT,0.26441064,0.10519639
2305.17239,2023-05-26 19:53:31,Post-GPT,-0.12323534,0.09250423
1812.03498,2018-12-09 15:12:37,Pre-GPT,-0.3916013,0.33128965
2209.15478,2022-09-30 14:06:31,Pre-GPT,-0.37638238,0.26705763
2511.07032,2025-11-10 12:28:04,Post-GPT,0.26607284,-0.0038435068
2308.06496,2023-08-12 07:56:48,Post-GPT,0.18932828,-0.19634311
2201.10316,2022-01-25 13:40:27,Pre-GPT,0.06221062,-0.00028232485
2111.10227,2021-11-19 14:03:02,Pre-GPT,0.08272421,-0.29181275
2212.07945,2022-12-13 19:48:20,Post-GPT,-0.2152548,-0.09766865
2110.07378,2021-10-14 14:10:03,Pre-GPT,-0.07513362,-0.119455695
2511.18859,2025-11-24 07:57:37,Post-GPT,0.40158787,-0.021352598
2210.01483,2022-10-04 09:18:48,Pre-GPT,-0.30026227,0.15197907
2110.11999,2021-10-08 09:14:06,Pre-GPT,0.20763734,-0.046942692
2509.10179,2025-09-12 12:12:20,Post-GPT,0.15240571,0.30715948
2303.02759,2023-03-05 19:45:46,Post-GPT,0.08075191,-0.1992184
2212.08108,2022-12-15 19:49:27,Post-GPT,0.31503275,0.10824451
2407.01312,2024-07-01 14:19:36,Post-GPT,0.36059693,0.02530713
2210.03519,2022-10-07 13:04:58,Pre-GPT,0.043125093,0.28148487
2208.06254,2022-08-07 14:13:18,Pre-GPT,-0.32626155,0.20685112
2210.0448,2022-10-10 08:11:12,Pre-GPT,-0.16582331,-0.2391774
1912.02973,2019-12-06 04:41:51,Pre-GPT,0.38925138,0.048147637
2310.16819,2023-10-25 17:51:07,Post-GPT,0.05868116,0.0009034127
2410.12258,2024-10-16 05:52:51,Post-GPT,0.18727323,-0.08486469
2205.10951,2022-05-22 23:02:43,Pre-GPT,0.12261143,0.1215518
2211.09159,2022-11-16 19:15:14,Pre-GPT,0.23023486,0.30341312
2312.09376,2023-12-14 22:19:08,Post-GPT,-0.08554663,-0.09408823
2404.05262,2024-04-08 07:51:20,Post-GPT,-0.020759508,-0.14047816
2402.03971,2024-02-06 13:01:21,Post-GPT,-0.032326043,-0.048497017
2007.10242,2020-07-20 16:29:32,Pre-GPT,0.09442443,-0.13682956
1901.0191,2018-12-06 03:09:07,Pre-GPT,0.17982882,-0.01362724
1805.03118,2018-05-08 15:44:41,Pre-GPT,-0.09101449,-0.14216451
2411.1159,2024-11-18 14:09:01,Post-GPT,-0.056568243,0.07772498
2503.2012,2025-03-26 00:00:53,Post-GPT,-0.06864883,-0.17164378
2006.12048,2020-06-22 07:46:04,Pre-GPT,-0.3849741,0.37612432
2308.10158,2023-08-20 04:12:50,Post-GPT,0.36484364,-0.005625571
2307.01207,2023-06-28 09:44:39,Post-GPT,0.05885382,0.16325936
2403.12372,2024-03-19 02:32:47,Post-GPT,0.33165792,0.08950037
1911.01795,2019-11-05 14:26:03,Pre-GPT,-0.40635428,-0.19474545
2310.08811,2023-10-13 01:46:17,Post-GPT,-0.1924112,-0.27804166
2508.20559,2025-08-28 08:51:51,Post-GPT,0.23499477,0.21295457
2303.06041,2023-03-10 16:30:59,Post-GPT,-0.110865414,-0.04775029
2107.03567,2021-07-08 02:08:29,Pre-GPT,-0.1268869,-0.11346488
2209.01703,2022-09-04 22:35:14,Pre-GPT,0.01829508,-0.20390914
2411.01456,2024-11-03 06:46:17,Post-GPT,0.22522554,-0.08703989
2409.04268,2024-09-06 13:24:53,Post-GPT,-0.23404908,-0.30143577
2103.02717,2021-03-03 22:05:24,Pre-GPT,-0.0031365752,-0.042267367
2306.02156,2023-06-03 16:52:51,Post-GPT,-0.10229443,-0.08519645
1901.01554,2019-01-06 15:30:46,Pre-GPT,-0.3216393,-0.1438049
2310.05411,2023-10-09 05:09:02,Post-GPT,-0.30535072,-0.27749205
1908.02834,2019-08-07 20:58:44,Pre-GPT,-0.22696948,0.06641708
2410.07912,2024-10-10 13:39:17,Post-GPT,0.3306003,0.024980754
2308.04867,2023-08-09 11:01:46,Post-GPT,0.1689404,0.093424335
1912.10589,2019-12-23 02:27:05,Pre-GPT,0.22889546,-0.16036552
2111.02569,2021-11-04 00:41:32,Pre-GPT,0.26759598,-0.15087809
2005.01005,2020-05-03 06:48:17,Pre-GPT,-0.038956404,0.18540178
2510.03744,2025-10-04 09:09:06,Post-GPT,0.35249725,-0.09344374
2401.00829,2024-01-01 17:57:14,Post-GPT,-0.28040373,0.26822704
1809.07836,2018-08-17 20:27:35,Pre-GPT,-0.14463873,0.10372765
1901.09049,2019-01-25 19:07:36,Pre-GPT,0.2585251,-0.1778832
2203.01012,2022-03-02 10:43:54,Pre-GPT,0.23687044,0.057211574
2409.15195,2024-09-23 16:44:33,Post-GPT,-0.21117046,-0.21386825
2012.10938,2020-12-20 14:41:38,Pre-GPT,-0.41125336,0.29337654
2007.10001,2020-07-20 11:02:35,Pre-GPT,-0.27347988,-0.07164177
2306.03276,2023-06-05 21:50:47,Post-GPT,-0.27317345,-0.24148192
2508.02956,2025-08-04 23:40:43,Post-GPT,0.32046726,-0.06335971
2302.12456,2023-02-24 05:14:27,Post-GPT,0.077923864,-0.1554265
2303.02778,2023-03-05 21:35:34,Post-GPT,0.048184693,-0.16997628
2404.07016,2024-04-10 14:04:53,Post-GPT,-0.26562494,-0.36699533
2308.16565,2023-08-31 08:59:25,Post-GPT,-0.05071155,-0.07952587
2412.11452,2024-12-16 05:14:08,Post-GPT,0.4125124,0.11945245
2505.08834,2025-05-13 05:29:30,Post-GPT,0.32025847,-0.012787193
2009.14813,2020-09-30 17:36:29,Pre-GPT,-0.26915976,-0.22891699
2007.06372,2020-07-13 13:34:19,Pre-GPT,-0.14660832,0.07870953
2004.07994,2020-04-16 23:40:57,Pre-GPT,0.042782664,-0.24024068
1812.09089,2018-12-21 12:48:01,Pre-GPT,-0.32800093,0.15919395
1909.00197,2019-08-31 11:19:56,Pre-GPT,0.14248255,-0.09016633
2001.05992,2020-01-16 18:48:34,Pre-GPT,0.24487048,-0.2026171
2503.0398,2025-03-06 00:06:02,Post-GPT,-0.06764291,0.027185187
2306.05507,2023-06-08 18:58:37,Post-GPT,-0.28528023,0.14736532
1810.11941,2018-10-29 03:45:17,Pre-GPT,-0.33282372,0.38513193
2412.12581,2024-12-17 06:20:39,Post-GPT,0.38392064,0.1775682
2203.15043,2022-03-28 19:13:19,Pre-GPT,-0.0458102,0.10517289
1902.06141,2019-02-16 19:23:47,Pre-GPT,0.11531195,0.09780581
2302.12419,2023-02-24 02:50:18,Post-GPT,0.23192722,-0.17795117
2508.14553,2025-08-20 09:14:48,Post-GPT,0.2877042,0.3441815
1805.0463,2018-05-12 01:00:15,Pre-GPT,-0.24650069,-0.3511603
2402.00275,2024-02-01 01:58:34,Post-GPT,-0.094554454,0.13774179
1901.07909,2019-01-23 14:16:36,Pre-GPT,-0.07255043,-0.050552968
2406.15673,2024-06-21 22:29:40,Post-GPT,0.19976598,0.18422182
2310.17878,2023-10-27 03:40:37,Post-GPT,-0.017206587,0.059795167
2204.11967,2022-04-25 21:14:48,Pre-GPT,-0.32065824,0.26895332
2004.11983,2020-04-24 20:38:53,Pre-GPT,-0.16193001,-0.28162518
2510.00052,2025-09-28 05:00:01,Post-GPT,0.27508157,0.026949871
2410.19351,2024-10-25 07:17:21,Post-GPT,-0.34642655,0.32711598
1911.06922,2019-11-16 00:24:05,Pre-GPT,0.39833263,-0.028768208
2208.07943,2022-08-16 20:46:08,Pre-GPT,0.36494592,0.028527644
2304.11628,2023-04-23 12:00:36,Post-GPT,0.0074992776,-0.22361678
2103.05256,2021-03-09 07:00:48,Pre-GPT,0.33475682,0.25709495
1810.06204,2018-10-15 07:26:14,Pre-GPT,0.14673886,-0.2898975
2505.00298,2025-05-01 04:42:02,Post-GPT,-0.27114463,0.20977111
2306.11289,2023-06-20 05:05:05,Post-GPT,-0.34533167,0.15726314
2211.11208,2022-11-21 06:40:46,Pre-GPT,0.25507703,-0.10667314
2007.07781,2020-07-15 15:58:27,Pre-GPT,-0.1174172,0.02356549
2302.13988,2023-02-27 17:28:51,Post-GPT,-0.26499575,-0.07103439
2201.04897,2022-01-13 11:37:44,Pre-GPT,-0.29915178,-0.29757646
2205.14583,2022-05-29 06:48:53,Pre-GPT,0.30109212,0.19267836
2508.06254,2025-08-08 12:19:15,Post-GPT,0.090030596,0.15881227
1806.01931,2018-06-05 20:37:38,Pre-GPT,-0.26514518,-0.26659447
2205.04149,2022-05-09 09:56:11,Pre-GPT,0.017787322,0.14072348
2502.12404,2025-02-18 00:39:30,Post-GPT,0.2965791,0.2825259
2511.09,2025-11-12 05:43:07,Post-GPT,0.016381323,0.22964518
2506.07398,2025-06-09 03:43:46,Post-GPT,0.21077827,0.1454746
2209.13702,2022-09-27 21:32:20,Pre-GPT,0.22317275,0.32905573
2401.03315,2024-01-06 22:25:42,Post-GPT,0.03925766,0.24065338
2411.16509,2024-11-25 15:46:54,Post-GPT,0.03592071,-0.13425873
2008.10759,2020-08-25 00:30:17,Pre-GPT,0.08527653,0.013313027
2103.02603,2021-03-03 18:58:18,Pre-GPT,0.36741653,-0.0013195891
2203.11763,2022-03-22 14:23:49,Pre-GPT,-0.35555014,-0.08126688
2508.18982,2025-08-26 12:31:53,Post-GPT,0.2205765,0.06781526
2305.02571,2023-05-04 05:56:23,Post-GPT,-0.28749335,0.24193116
2106.03852,2021-06-05 17:57:04,Pre-GPT,-0.23060876,0.16753893
2110.03532,2021-10-07 14:57:52,Pre-GPT,-0.3526162,0.08256765
2404.06278,2024-04-09 13:02:22,Post-GPT,0.31843713,0.071613595
2306.02931,2023-06-05 14:51:05,Post-GPT,0.15591305,0.049852785
2301.0044,2023-01-01 16:45:47,Post-GPT,-0.05929114,-0.0035449788
2510.0586,2025-10-07 12:30:01,Post-GPT,0.078843236,0.30896324
2011.00682,2020-11-02 02:06:33,Pre-GPT,0.31885666,0.3012324
2111.00416,2021-10-31 07:13:24,Pre-GPT,-0.070313245,-0.007711781
2512.13027,2025-12-15 06:53:59,Post-GPT,-0.3889998,0.33185577
2005.04859,2020-05-11 04:39:40,Pre-GPT,-0.33268487,-0.12702647
2011.07907,2020-11-16 12:46:46,Pre-GPT,-0.27157852,-0.14070651
2202.03483,2022-02-07 19:43:02,Pre-GPT,0.38863423,0.06444436
2102.07138,2021-02-14 12:27:18,Pre-GPT,-0.16686659,0.18443987
1902.09573,2019-02-25 19:16:18,Pre-GPT,-0.13260685,0.18187934
2504.16688,2025-04-23 13:19:35,Post-GPT,0.05780968,-0.1480569
1906.04202,2019-06-10 18:01:50,Pre-GPT,-0.3704229,-0.093504265
2511.23199,2025-11-28 14:03:39,Post-GPT,0.3549848,-0.10945341
1803.07844,2018-03-21 10:41:36,Pre-GPT,-0.006329164,-0.226205
1902.09762,2019-02-26 07:03:52,Pre-GPT,-0.34413728,0.13194329
2001.07141,2020-01-20 15:27:23,Pre-GPT,-0.10584332,0.19447939
2505.08842,2025-05-13 12:58:11,Post-GPT,0.28619388,0.24390925
2407.14949,2024-07-20 17:52:32,Post-GPT,0.3463985,0.06560555
2207.06172,2022-07-13 13:12:00,Pre-GPT,0.23184538,-0.16103147
2007.10802,2020-07-18 14:40:49,Pre-GPT,0.00462839,-0.1504432
2304.08671,2023-04-18 00:27:16,Post-GPT,-0.3765791,0.21791463
1806.02234,2018-06-06 14:56:49,Pre-GPT,-0.47220084,0.17621137
2505.00213,2025-04-30 23:14:32,Post-GPT,0.27833793,0.009732081
1809.01667,2018-09-05 18:00:06,Pre-GPT,-0.32830843,0.057965945
2505.04338,2025-05-07 11:37:16,Post-GPT,0.02159068,-0.15549545
1910.03143,2019-10-08 00:33:19,Pre-GPT,-0.1593942,-0.19486122
2005.00532,2020-04-14 15:19:09,Pre-GPT,-0.07197663,-0.03894208
2205.1079,2022-05-22 10:10:47,Pre-GPT,-0.28161585,0.13178678
2102.12289,2021-02-24 13:55:24,Pre-GPT,0.25378385,-0.08158718
2510.20149,2025-10-23 02:55:40,Post-GPT,0.01668182,-0.13432774
2411.192,2024-11-28 15:14:20,Post-GPT,0.1519117,-0.26537007
2010.15525,2020-10-29 12:45:47,Pre-GPT,0.06805852,-0.08886735
2311.08663,2023-11-15 03:00:39,Post-GPT,0.0707304,-0.14529037
1802.06673,2018-02-19 15:41:00,Pre-GPT,-0.3848624,-0.25040293
1910.0815,2019-10-17 20:33:32,Pre-GPT,-0.1702213,-0.14429286
2509.13276,2025-09-16 17:31:03,Post-GPT,-0.2493751,0.08752388
2009.05107,2020-08-14 09:03:26,Pre-GPT,0.26632997,0.046526942
2501.16302,2025-01-27 18:42:48,Post-GPT,0.32378373,0.19386314
2102.02961,2021-02-05 02:11:17,Pre-GPT,-0.17771527,-0.1916713
2203.10006,2022-03-18 15:14:13,Pre-GPT,0.30645737,-0.103937835
2412.08887,2024-12-12 02:50:37,Post-GPT,-0.41798803,0.29010072
2501.12835,2025-01-22 12:21:17,Post-GPT,0.20505878,0.18352087
2403.04387,2024-03-07 10:29:05,Post-GPT,0.22293219,-0.07843353
2503.13492,2025-03-10 17:18:14,Post-GPT,0.15886569,-0.19377272
2203.02242,2022-03-04 11:17:34,Pre-GPT,-0.0403485,-0.040357456
2503.23786,2025-03-31 07:02:32,Post-GPT,0.29822502,0.012281802
1801.06501,2018-01-19 17:35:24,Pre-GPT,-0.30353427,-0.034043826
1903.08575,2019-03-20 16:00:47,Pre-GPT,-0.27278554,0.14998044
2210.12503,2022-10-22 17:21:15,Pre-GPT,-0.21122795,0.2326279
2010.12545,2020-10-23 17:12:41,Pre-GPT,-0.45382228,0.21049239
2202.00035,2022-01-31 19:00:52,Pre-GPT,0.29675472,0.20030047
2403.19739,2024-03-28 18:00:00,Post-GPT,0.086737305,-0.10906181
1904.02264,2019-04-03 22:55:04,Pre-GPT,-0.24646628,-0.0014615916
2012.06513,2020-12-11 17:33:11,Pre-GPT,0.00078868866,-0.06498471
1908.08534,2019-08-22 20:42:51,Pre-GPT,-0.3581046,0.13708949
2302.02923,2023-02-06 16:55:37,Post-GPT,0.15951201,0.076203644
2104.1055,2021-04-21 14:17:38,Pre-GPT,0.073400036,0.20313136
2001.10729,2020-01-29 08:56:30,Pre-GPT,-0.33559114,0.07890363
1808.02615,2018-08-08 03:40:33,Pre-GPT,-0.22997329,-0.17491885
1907.05232,2019-07-11 14:30:38,Pre-GPT,-0.39838687,0.11928187
2104.09932,2021-04-20 12:43:34,Pre-GPT,-0.17218195,-0.20576233
2104.08329,2021-02-06 01:16:38,Pre-GPT,-0.09221485,-0.10620999
2411.00206,2024-10-31 21:03:17,Post-GPT,-0.36798322,0.40658477
2511.11738,2025-11-13 10:20:07,Post-GPT,0.17508194,0.11321671
2005.09603,2020-05-19 17:24:39,Pre-GPT,-0.3493138,-0.15134968
2107.13684,2021-07-29 00:44:58,Pre-GPT,0.122957915,0.33437145
2310.05848,2023-10-06 17:20:11,Post-GPT,0.1855886,-0.087244004
2407.03916,2024-07-04 13:21:07,Post-GPT,0.2291866,0.36447996
1907.07923,2019-07-18 08:45:55,Pre-GPT,-0.29058138,-0.14723308
2401.05853,2024-01-11 11:55:17,Post-GPT,-0.39283213,0.23741277
2305.0217,2023-05-03 15:07:42,Post-GPT,-0.00024327636,0.29414147
2310.03882,2023-10-05 20:31:37,Post-GPT,0.27751598,-0.097990096
2305.05575,2023-05-09 16:04:18,Post-GPT,0.14486554,-0.04992102
2111.00329,2021-10-30 20:41:44,Pre-GPT,-0.04616256,-0.08808324
2502.14888,2025-02-16 14:51:07,Post-GPT,0.3888196,0.15573606
2106.12935,2021-06-24 11:58:29,Pre-GPT,-0.44786528,0.14769334
2505.15702,2025-05-21 16:16:33,Post-GPT,0.19219649,0.09738746
2304.14084,2023-04-27 10:51:30,Post-GPT,0.06249392,0.1098516
2105.04621,2021-05-10 19:06:11,Pre-GPT,-0.3437978,0.015258893
2401.17654,2024-01-31 08:16:32,Post-GPT,0.26893795,0.0721219
2501.16172,2025-01-27 16:14:03,Post-GPT,-0.33977383,0.2535566
1802.00805,2018-02-02 18:56:52,Pre-GPT,-0.41346446,0.2352816
2105.09853,2021-05-20 16:01:02,Pre-GPT,-0.3564561,-0.12282407
2407.12072,2024-07-16 14:27:57,Post-GPT,-0.14888236,-0.23760541
2012.07,2020-12-13 08:22:33,Pre-GPT,0.40546146,0.15671186
2205.06268,2022-05-11 11:44:39,Pre-GPT,0.1213043,-0.3358658
2406.19679,2024-06-28 06:38:35,Post-GPT,-0.23278195,0.018253598
2203.02478,2022-03-04 18:21:24,Pre-GPT,-0.18578395,0.12986563
2401.11522,2024-01-21 15:24:44,Post-GPT,-0.18835069,-0.11513436
2507.20454,2025-07-28 01:13:24,Post-GPT,0.35158196,-0.13889763
2410.05937,2024-10-08 11:41:38,Post-GPT,0.027685016,0.22550881
2406.12505,2024-06-18 11:13:34,Post-GPT,0.28794023,-0.21676464
2504.10127,2025-04-14 11:35:02,Post-GPT,0.40573654,0.15983962
2109.0423,2021-09-09 12:47:15,Pre-GPT,0.05280678,0.15639071
1803.00627,2018-02-19 09:48:13,Pre-GPT,-0.37519628,0.08752827
2303.15015,2023-03-27 08:58:22,Post-GPT,0.23275593,0.097045586
2006.15603,2020-06-28 13:41:55,Pre-GPT,-0.12844078,-0.23263489
2008.02964,2020-08-07 02:54:55,Pre-GPT,0.22032526,0.30037946
2208.01649,2022-08-02 18:00:00,Pre-GPT,-0.3876728,-0.13909051
2103.0176,2021-02-27 06:47:27,Pre-GPT,0.30894196,-0.044764593
2402.04146,2024-02-06 16:54:59,Post-GPT,0.20334837,-0.12344596
2109.09296,2021-09-20 04:48:03,Pre-GPT,-0.38014033,-0.026132874
2010.07981,2020-10-15 19:01:05,Pre-GPT,-0.15501317,-0.091098964
2307.10993,2023-07-11 19:48:42,Post-GPT,0.1908057,0.020008769
2212.00288,2022-12-01 05:27:50,Post-GPT,-0.102433436,0.09817159
1803.09302,2018-03-25 18:17:51,Pre-GPT,-0.30612645,-0.070330836
1806.06957,2018-06-18 21:18:18,Pre-GPT,0.35337678,0.19186212
2307.07248,2023-07-14 09:43:29,Post-GPT,-0.061805084,-0.083356604
2503.20268,2025-03-26 06:33:32,Post-GPT,0.2964314,-0.25264135
2411.15235,2024-11-21 22:31:06,Post-GPT,0.3427697,-0.04048483
2409.13963,2024-09-21 00:48:10,Post-GPT,0.015323639,-0.058827233
2410.22898,2024-10-30 10:57:46,Post-GPT,0.3456318,-0.024054062
2411.11013,2024-11-17 09:33:10,Post-GPT,-0.31335944,0.29303116
2411.08425,2024-11-13 08:18:03,Post-GPT,0.13491765,0.17871
2510.13709,2025-10-15 16:09:33,Post-GPT,0.34402543,0.19612135
2302.03118,2023-02-06 20:54:17,Post-GPT,0.15602335,0.057230253
2205.156,2022-05-31 08:30:11,Pre-GPT,-0.34467804,-0.068938464
2305.00076,2023-04-28 20:03:46,Post-GPT,0.23457903,0.33982724
2407.10706,2024-07-15 13:23:58,Post-GPT,-0.36843318,0.3581323
2511.1316,2025-11-17 09:08:31,Post-GPT,0.36624244,0.11017467
2101.11843,2021-01-28 07:29:28,Pre-GPT,-0.35445818,0.0022542924
2411.02165,2024-11-04 15:23:37,Post-GPT,0.28550503,0.06532608
2101.04486,2021-01-12 14:08:55,Pre-GPT,-0.16424935,-0.08408569
1905.01992,2019-04-29 15:21:13,Pre-GPT,0.37241188,0.22274987
2406.0058,2024-06-02 00:32:12,Post-GPT,-0.35021913,0.017430194
2109.08998,2021-09-18 19:48:31,Pre-GPT,0.093829736,-0.07915057
2411.00343,2024-11-01 03:58:06,Post-GPT,-0.33047304,0.21066451
2502.07419,2025-02-11 09:54:47,Post-GPT,-0.012176886,0.06457016
2111.14332,2021-11-29 05:37:37,Pre-GPT,-0.36961406,0.22265033
2011.08149,2020-11-16 18:22:08,Pre-GPT,-0.32392073,-0.051245637
1811.03956,2018-11-07 23:39:14,Pre-GPT,-0.29321194,-0.24470061
2511.09088,2025-11-12 08:01:16,Post-GPT,0.3657939,0.19313085
2008.09309,2020-08-21 05:15:58,Pre-GPT,0.24020365,-0.07668279
2501.08504,2025-01-15 00:54:12,Post-GPT,0.3672954,0.049072597
2504.01953,2025-04-02 17:56:57,Post-GPT,0.2533848,-0.17694767
2103.00649,2021-02-28 22:41:29,Pre-GPT,-0.42722544,0.31564838
2404.04191,2024-04-05 16:03:07,Post-GPT,-0.35400096,-0.24276832
2002.09133,2020-02-21 05:15:48,Pre-GPT,0.23472333,0.0039793327
2012.08913,2020-12-16 12:50:35,Pre-GPT,-0.32548702,-0.00046334043
1807.10902,2018-07-28 06:55:20,Pre-GPT,0.07367489,-0.10948613
2010.1137,2020-10-22 01:27:23,Pre-GPT,0.07999748,0.08685258
2304.09234,2023-04-18 18:49:04,Post-GPT,-0.16034125,-0.008359384
2511.1647,2025-11-20 15:40:55,Post-GPT,0.20549032,0.20169805
2510.12104,2025-10-14 03:10:25,Post-GPT,-0.09172743,-0.185702
2506.11086,2025-06-05 06:21:28,Post-GPT,0.22711232,0.17111869
2309.05973,2023-09-12 05:51:56,Post-GPT,0.20485872,0.07792041
1907.06529,2019-07-15 14:55:41,Pre-GPT,-0.21124515,0.0047101807
1807.0775,2018-07-20 09:09:36,Pre-GPT,-0.31628034,0.092808574
2109.15317,2021-09-30 17:59:17,Pre-GPT,0.36989418,0.011062173
1804.0754,2018-04-20 10:42:50,Pre-GPT,-0.32864052,0.13295917
2507.07677,2025-07-10 11:59:10,Post-GPT,-0.060083777,-0.089776814
1910.12652,2019-10-25 15:23:23,Pre-GPT,-0.2941748,-0.31125322
2104.08474,2021-04-17 07:30:23,Pre-GPT,0.16781977,-0.1414614
2406.1114,2024-06-17 01:59:09,Post-GPT,-0.26723236,-0.26003805
2009.03008,2020-09-07 10:46:12,Pre-GPT,0.054028034,-0.36209917
2305.11195,2023-05-18 14:03:47,Post-GPT,0.2646908,-0.092638865
2209.03475,2022-08-26 12:46:16,Pre-GPT,0.27601287,-0.07882078
2502.18608,2025-02-25 19:52:55,Post-GPT,0.17842352,0.2595442
2001.01684,2019-12-27 19:24:05,Pre-GPT,0.05275455,-0.10111824
2308.08372,2023-08-16 13:52:38,Post-GPT,-0.20281321,-0.28220224
2106.10255,2021-06-18 17:44:44,Pre-GPT,-0.3455069,-0.07034304
2405.14377,2024-05-23 09:52:15,Post-GPT,0.21760866,-0.05457914
1903.01145,2019-03-04 09:13:44,Pre-GPT,-0.36598086,0.253976
1908.09272,2019-08-25 08:15:54,Pre-GPT,-0.098649204,-0.09675516
1805.06805,2018-05-17 14:48:26,Pre-GPT,-0.27719742,0.20814122
1912.09698,2019-12-20 08:50:32,Pre-GPT,-0.35363075,-0.18859662
1808.06818,2018-08-21 09:38:53,Pre-GPT,0.1138888,0.30594677
2503.01909,2025-02-28 22:50:38,Post-GPT,0.44380584,0.19291908
2402.102,2024-02-15 18:55:41,Post-GPT,0.29728577,0.29409534
1906.03997,2019-06-10 14:16:02,Pre-GPT,0.06490542,0.20245476
2305.17205,2023-05-26 18:53:35,Post-GPT,0.31937817,-0.10980415
2402.04731,2024-02-07 10:33:04,Post-GPT,-0.2756378,0.053274762
1801.09042,2018-01-27 05:48:20,Pre-GPT,0.33135313,-0.00448394
2209.14089,2022-09-28 13:33:31,Pre-GPT,0.074588,-0.23701407
2409.15191,2024-09-23 16:41:30,Post-GPT,-0.2996369,0.22850971
2505.23999,2025-05-29 20:48:18,Post-GPT,-0.3303207,0.17854993
2409.09619,2024-09-15 06:00:42,Post-GPT,0.31422794,0.0054443553
1906.05354,2019-06-03 04:52:58,Pre-GPT,-0.22076912,-0.029811235
2001.10621,2020-01-28 22:23:51,Pre-GPT,0.00860402,0.12695183
2207.05954,2022-07-13 04:11:42,Pre-GPT,-0.09003878,-0.17644328
1807.1121,2018-07-30 07:45:16,Pre-GPT,-0.28290212,-0.125401
2502.18865,2025-02-26 06:18:13,Post-GPT,0.31304464,0.014857713
2509.07451,2025-09-09 07:22:22,Post-GPT,0.18618402,-0.15152498
2410.07305,2024-10-09 17:57:01,Post-GPT,-0.034912154,0.09401336
2011.07493,2020-11-15 10:43:55,Pre-GPT,-0.3633394,-0.18390313
2511.17331,2025-11-21 15:52:44,Post-GPT,0.10074788,0.100896865
2304.10719,2023-04-21 03:17:04,Post-GPT,0.34604576,-0.14406508
2110.15736,2021-10-29 12:20:33,Pre-GPT,-0.401739,0.18136598
2006.06109,2020-06-10 23:28:00,Pre-GPT,0.01680708,0.06368402
2105.06251,2021-05-10 23:00:02,Pre-GPT,0.1381424,0.084335715
2301.09683,2023-01-23 19:24:14,Post-GPT,-0.29305428,0.115880236
2509.14265,2025-09-14 08:11:06,Post-GPT,0.27452338,0.15396954
2512.22315,2025-12-26 11:43:21,Post-GPT,0.42780128,0.051302966
1912.05724,2019-12-12 01:55:27,Pre-GPT,0.059881896,-0.3442602
2001.11395,2020-01-30 15:28:48,Pre-GPT,-0.22340392,-0.22280282
2506.1834,2025-06-23 06:42:48,Post-GPT,0.17956209,-0.13437377
2007.08731,2020-07-17 03:02:46,Pre-GPT,-0.30584583,0.33100873
2504.0231,2025-04-03 06:37:55,Post-GPT,0.35254553,0.30106667
2103.14174,2021-03-25 23:28:20,Pre-GPT,0.2833384,-0.11862047
2512.00707,2025-11-30 03:08:22,Post-GPT,-0.15561388,-0.124047846
2304.09102,2023-04-16 04:16:06,Post-GPT,0.19644862,0.22050397
2510.05444,2025-10-06 23:17:44,Post-GPT,0.35281596,0.24625163
2206.07758,2022-06-15 18:35:16,Pre-GPT,0.31257114,0.020768333
1907.12796,2019-07-30 09:21:53,Pre-GPT,0.114479095,0.044894233
1904.11563,2019-04-25 19:59:47,Pre-GPT,-0.08020357,-0.05882128
2203.15943,2022-03-29 22:59:02,Pre-GPT,0.1950736,-0.025017489
2406.16855,2024-06-24 17:58:47,Post-GPT,0.42530063,0.07639782
2112.05993,2021-12-11 14:22:05,Pre-GPT,0.3194373,0.14791985
2405.08237,2024-05-13 23:36:19,Post-GPT,0.22512189,-0.0016788524
2201.07681,2022-01-19 16:12:25,Pre-GPT,0.08022916,0.122714356
2209.02081,2022-09-05 18:01:09,Pre-GPT,-0.19925669,-0.20448114
2412.06958,2024-12-09 20:05:07,Post-GPT,0.3001571,-0.16977851
2309.08599,2023-09-15 17:56:33,Post-GPT,0.12918103,0.14521529
1807.0706,2018-07-18 17:55:09,Pre-GPT,-0.30270824,-0.27391532
2206.09471,2022-06-19 19:28:32,Pre-GPT,-0.4363415,0.3391538
2212.09967,2022-12-20 02:45:09,Post-GPT,0.1328116,-0.30105996
2403.18203,2024-03-27 02:24:38,Post-GPT,0.3988805,0.025358211
2407.1372,2024-07-18 17:20:38,Post-GPT,-0.22748949,-0.10879038
2404.12074,2024-04-18 10:57:14,Post-GPT,0.11583421,0.1807453
2505.04035,2025-05-07 00:29:53,Post-GPT,-0.09724544,-0.2614014
2105.04036,2021-05-09 22:05:03,Pre-GPT,-0.057227373,0.18596707
2208.00542,2022-07-31 23:39:33,Pre-GPT,0.19664434,-0.22026132
2011.03347,2020-11-06 13:30:23,Pre-GPT,-0.15088834,-0.15855522
2405.16777,2024-05-27 03:02:38,Post-GPT,-0.16567428,-0.10197945
2301.09565,2023-01-16 13:02:22,Post-GPT,0.029736161,-0.15441729
2510.24141,2025-10-28 07:29:18,Post-GPT,-0.02225639,0.13411273
2111.07564,2021-11-15 07:27:35,Pre-GPT,0.41188857,0.17674308
1905.11229,2019-05-27 13:56:49,Pre-GPT,0.10866521,-0.1692978
2008.06545,2020-08-14 19:00:21,Pre-GPT,0.1500408,-0.057593312
2411.00803,2024-10-21 05:32:39,Post-GPT,0.18198976,-0.22214168
2112.14266,2021-12-28 19:05:44,Pre-GPT,0.24675241,0.21984969
2503.20425,2025-03-26 10:59:08,Post-GPT,0.16811389,-0.09775141
2405.20885,2024-05-31 14:58:24,Post-GPT,-0.41287783,-0.007911194
2202.1328,2022-02-27 03:20:49,Pre-GPT,-0.29061195,-0.19497943
2305.06556,2023-05-11 04:22:24,Post-GPT,0.039154977,-0.11506024
2208.05802,2022-08-11 12:58:53,Pre-GPT,-0.35087422,-0.19155675
2412.09084,2024-12-12 09:11:45,Post-GPT,0.31635258,0.26139212
2409.12974,2024-09-03 00:51:12,Post-GPT,-0.016963229,0.119934365
2406.12349,2024-06-18 07:33:05,Post-GPT,0.3603439,0.0102021415
2112.05552,2021-12-10 14:05:44,Pre-GPT,-0.34135637,0.17898618
2105.09595,2021-05-20 08:40:43,Pre-GPT,0.2837073,0.12039676
2505.06325,2025-05-09 06:17:46,Post-GPT,0.37922093,0.056963976
2507.18923,2025-07-25 03:31:47,Post-GPT,0.16263834,-0.17470272
2507.13268,2025-07-17 16:25:03,Post-GPT,-0.27827477,0.06899488
2004.03906,2020-04-08 09:39:47,Pre-GPT,-0.3062923,0.115822986
2208.0746,2022-08-15 22:33:07,Pre-GPT,0.08397901,0.13338123
2403.1009,2024-03-15 08:05:45,Post-GPT,-0.38405845,0.03621677
2305.03209,2023-05-04 23:42:14,Post-GPT,-0.33928615,-0.23549552
2507.03805,2025-07-04 20:54:01,Post-GPT,-0.36247998,-0.109485865
2211.05485,2022-11-10 11:00:57,Pre-GPT,0.33114782,0.28370565
2405.01022,2024-05-02 05:46:13,Post-GPT,0.37435308,0.24240465
1902.01123,2019-02-04 10:58:40,Pre-GPT,-0.22071268,-0.3302152
2006.0136,2020-06-02 02:50:28,Pre-GPT,-0.0954637,-0.21495353
2105.01481,2021-05-04 13:17:36,Pre-GPT,-0.32533276,-0.19078568
1809.05645,2018-09-15 04:15:16,Pre-GPT,0.37899473,-0.20497824
2512.05613,2025-12-05 10:54:23,Post-GPT,0.41963878,0.07732363
2405.11047,2024-05-17 18:45:20,Post-GPT,-0.06765176,-0.063782014
2308.0132,2023-08-02 18:49:57,Post-GPT,0.4660963,0.11789338
2509.04461,2025-08-28 06:35:12,Post-GPT,0.3502483,0.2338713
2505.07266,2025-05-12 06:35:22,Post-GPT,0.3690081,0.006891392
2307.15295,2023-07-28 04:18:19,Post-GPT,0.021523103,-0.10115862
2510.12909,2025-10-14 18:32:57,Post-GPT,0.45398012,-0.0181544
2305.13706,2023-05-23 05:45:22,Post-GPT,0.22903612,-0.091745466
1905.06326,2019-05-15 17:59:05,Pre-GPT,0.36013085,-0.024495542
2512.01917,2025-12-01 17:34:41,Post-GPT,0.33829543,-0.12136288
2106.04299,2021-06-08 12:52:10,Pre-GPT,-0.2726143,0.027863916
1807.02763,2018-07-08 06:32:27,Pre-GPT,0.048081994,-0.017373553
2411.06635,2024-11-11 00:10:48,Post-GPT,0.402913,-0.03189698
1905.10622,2019-05-25 15:53:14,Pre-GPT,0.36358824,0.18404126
2305.10818,2023-05-18 08:56:05,Post-GPT,0.2174741,0.16811089
2007.13863,2020-07-27 21:01:11,Pre-GPT,-0.13560148,-0.17189355
2511.09545,2025-11-12 18:49:21,Post-GPT,0.2881894,0.36165705
2301.0413,2023-01-10 18:53:50,Post-GPT,0.01756613,0.092236444
2107.14722,2021-07-30 15:52:47,Pre-GPT,-0.255072,-0.17082654
2003.12593,2020-03-27 18:32:32,Pre-GPT,-0.2463741,-0.17145373
2404.15859,2024-04-24 13:17:52,Post-GPT,-0.073265865,0.057967033
1904.05942,2019-04-11 20:10:32,Pre-GPT,-0.41170427,0.32209516
2111.13624,2021-11-26 17:37:32,Pre-GPT,-0.099255234,-0.2431372
1905.05986,2019-05-15 07:18:01,Pre-GPT,-0.2870449,0.32074454
1912.048,2019-12-10 16:34:38,Pre-GPT,-0.2307128,0.07793203
2408.09992,2024-08-19 13:43:48,Post-GPT,0.24611041,0.14413793
2303.02401,2023-03-04 12:26:47,Post-GPT,0.34273747,-0.001703579
2504.07544,2025-04-10 08:18:09,Post-GPT,0.15794224,-0.2696463
2009.00399,2020-09-01 13:03:51,Pre-GPT,0.0019643754,-0.04229051
2509.19026,2025-09-23 14:00:35,Post-GPT,-0.18552694,-0.060206983
2305.0585,2023-05-10 02:47:04,Post-GPT,-0.1259518,-0.0969954
1812.0608,2018-12-14 18:59:03,Pre-GPT,0.36853608,-0.06677705
2503.20108,2025-03-25 23:09:05,Post-GPT,0.14077935,0.060528267
1803.0494,2018-03-13 17:12:25,Pre-GPT,-0.24807157,0.07141903
2507.14641,2025-07-19 14:35:51,Post-GPT,0.22211018,-0.14687616
2410.23687,2024-10-31 07:22:51,Post-GPT,0.30890003,0.11706126
2508.057,2025-08-07 00:31:20,Post-GPT,0.27643195,0.17139287
2307.04654,2023-07-10 15:54:06,Post-GPT,-0.294901,-0.20952806
2212.02985,2022-12-05 17:27:28,Post-GPT,0.25436327,0.06517707
2501.1061,2025-01-17 23:59:08,Post-GPT,-0.029934965,-0.12259056
2406.11163,2024-06-17 03:08:06,Post-GPT,0.24587247,-0.20210768
2502.162,2025-02-22 11:58:12,Post-GPT,-0.14747806,-0.08431059
2009.04778,2020-09-10 11:31:09,Pre-GPT,-0.12494564,0.08430454
2001.03288,2020-01-10 02:45:41,Pre-GPT,0.2724368,-0.058943793
2411.01854,2024-11-04 07:07:56,Post-GPT,-0.26918977,0.17173196
2306.16714,2023-06-29 06:22:50,Post-GPT,0.32278392,-0.13047707
1804.01293,2018-04-04 08:30:17,Pre-GPT,-0.35670543,0.36975572
1906.00571,2019-06-03 04:41:48,Pre-GPT,0.1605449,-0.2105545
2001.01874,2020-01-07 03:36:01,Pre-GPT,-0.2712624,0.24420102
2403.15458,2024-03-19 11:36:53,Post-GPT,0.15305343,0.27477467
1807.10571,2018-07-11 06:59:45,Pre-GPT,0.2462509,-0.111919984
2305.05429,2023-05-09 13:16:45,Post-GPT,-0.18916231,-0.07799957
2306.0735,2023-06-12 18:16:33,Post-GPT,0.0075883865,-0.095402464
2306.0536,2023-06-08 17:05:38,Post-GPT,0.34753814,0.20861961
2507.08616,2025-07-11 14:13:22,Post-GPT,0.14579874,0.149651
2301.05882,2023-01-14 10:33:24,Post-GPT,-0.15912051,0.014173618
2102.01911,2021-02-03 07:06:58,Pre-GPT,-0.4495661,0.114241004
2405.0225,2024-05-03 17:07:45,Post-GPT,0.12152797,-0.12630175
2101.08626,2021-01-21 14:16:19,Pre-GPT,-0.039078675,0.23745991
2511.11463,2025-11-14 16:35:45,Post-GPT,-0.13197732,-0.16270639
2304.01919,2023-04-04 16:15:05,Post-GPT,0.14831981,0.111194715
2204.11172,2022-04-24 03:05:42,Pre-GPT,-0.39342222,-0.06620528
2509.10139,2025-09-12 11:07:56,Post-GPT,0.15900284,-0.1154405
2501.13863,2025-01-23 17:34:02,Post-GPT,-0.2225996,-0.1609109
2409.16963,2024-09-25 14:23:04,Post-GPT,-0.029052466,-0.123052165
2003.11307,2020-03-25 10:34:23,Pre-GPT,-0.08494947,-0.012437146
1911.07233,2019-11-17 13:32:23,Pre-GPT,-0.14057311,-0.08216825
2303.15765,2023-03-28 06:45:36,Post-GPT,-0.31416747,0.21424912
2307.10337,2023-07-19 15:18:21,Post-GPT,0.15736029,0.25577226
2202.01426,2022-02-03 05:58:46,Pre-GPT,0.33103383,-0.09691273
2506.01819,2025-06-02 16:00:50,Post-GPT,0.2333324,0.30790856
2103.1368,2021-03-25 08:58:30,Pre-GPT,-0.103284866,-0.16743596
2405.01862,2024-05-03 05:30:10,Post-GPT,-0.28614196,-0.09136261
2304.00409,2023-04-01 23:29:14,Post-GPT,0.34426686,0.18771358
2401.14666,2024-01-26 06:19:21,Post-GPT,-0.20733216,-0.14076443
1810.12665,2018-10-30 11:22:12,Pre-GPT,-0.11674392,0.1290717
2410.1607,2024-10-21 14:48:35,Post-GPT,0.05593209,0.07235381
2504.03652,2025-03-01 13:13:59,Post-GPT,0.15473667,0.016544446
2008.02577,2020-08-06 11:14:37,Pre-GPT,0.32449433,0.15195723
1809.03378,2018-09-10 14:56:05,Pre-GPT,0.014811665,-0.17028213
1908.06438,2019-08-18 13:03:13,Pre-GPT,-0.024693474,-0.0020468496
2101.11254,2021-01-27 08:20:49,Pre-GPT,0.35135698,-0.15135664
2003.06735,2020-03-15 02:06:34,Pre-GPT,-0.13144894,-0.25318298
2011.0852,2020-11-17 09:15:08,Pre-GPT,-0.14741296,-0.27598828
2401.02797,2024-01-05 13:22:12,Post-GPT,0.39714858,0.18469597
1805.01024,2018-05-02 21:08:47,Pre-GPT,0.32092336,0.051752638
2210.17417,2022-10-28 03:34:51,Pre-GPT,0.28112397,0.21994625
2411.01759,2024-11-04 02:52:02,Post-GPT,0.22120327,0.01900645
2004.07346,2020-04-15 21:17:10,Pre-GPT,-0.06737209,0.039170153
2512.19768,2025-12-22 02:59:12,Post-GPT,-0.18332916,-0.27517623
2508.07588,2025-08-11 03:34:22,Post-GPT,-0.18228422,-0.074435666
2208.09828,2022-08-21 07:34:37,Pre-GPT,0.29006925,0.27305126
1805.06392,2018-05-16 16:05:06,Pre-GPT,-0.15784028,-0.32388258
1805.09948,2018-05-25 02:00:53,Pre-GPT,-0.0028154552,-0.12393749
2008.11637,2020-08-26 15:59:51,Pre-GPT,-0.4649112,0.24133159
2209.14076,2022-09-28 13:17:28,Pre-GPT,0.093979076,-0.15686555
2007.09635,2020-07-19 09:33:40,Pre-GPT,0.34515595,-0.005451938
2504.01773,2025-04-02 14:32:39,Post-GPT,-0.06658105,0.10531862
2308.13479,2023-08-25 16:35:06,Post-GPT,0.2872618,0.34574184
2312.16618,2023-12-27 15:55:21,Post-GPT,-0.39032647,0.33875293
2005.04661,2020-05-10 13:28:18,Pre-GPT,0.31788936,-0.05808751
2209.07699,2022-09-16 03:48:39,Pre-GPT,0.40428188,0.029359046
2306.16414,2023-06-28 17:59:12,Post-GPT,-0.40104258,0.33950716
2110.15466,2021-10-29 00:05:25,Pre-GPT,-0.2067114,-0.11173688
1905.08063,2019-05-17 10:14:07,Pre-GPT,0.06856549,0.18746842
2007.1165,2020-07-22 20:05:01,Pre-GPT,-0.20969747,-0.09136616
2411.15851,2024-11-24 14:14:14,Post-GPT,0.3791091,0.12015553
2410.01477,2024-10-02 12:30:19,Post-GPT,-0.29609028,-0.21369651
1802.06909,2018-02-19 23:33:37,Pre-GPT,-0.32094178,0.34902117
2512.03065,2025-11-26 16:05:02,Post-GPT,0.29560083,0.044134505
1908.08415,2019-08-22 14:45:39,Pre-GPT,-0.22724208,-0.21878183
2403.1774,2024-03-26 14:29:34,Post-GPT,0.19682574,0.12925567
2203.16582,2022-03-30 18:14:01,Pre-GPT,0.14110056,-0.037245765
2209.13322,2022-09-27 11:57:46,Pre-GPT,-0.24406981,-0.19701374
2203.13495,2022-03-25 08:12:01,Pre-GPT,0.2125502,0.040698253
2503.16375,2025-03-20 17:37:43,Post-GPT,0.32937807,-0.106218204
2404.19451,2024-04-30 11:06:42,Post-GPT,-0.3001721,0.3484792
2105.03388,2021-05-07 16:47:18,Pre-GPT,0.26211134,-0.02363361
2510.11994,2025-10-13 22:43:46,Post-GPT,-0.12984142,-0.05081918
2202.06595,2022-02-14 10:35:59,Pre-GPT,-0.34992653,0.21422638
1901.00605,2019-01-03 04:17:47,Pre-GPT,-0.35563934,0.07211147
2011.07706,2020-11-16 03:39:53,Pre-GPT,0.26950678,-0.09225851
1901.01847,2018-12-31 18:18:08,Pre-GPT,-0.16690159,-0.077925876
2408.06589,2024-08-13 02:56:17,Post-GPT,-0.26650795,0.13795848
2505.07638,2025-05-12 15:10:25,Post-GPT,-0.09562096,-0.22884864
2106.04878,2021-06-09 07:59:22,Pre-GPT,0.31111595,-0.112274334
2012.12375,2020-12-22 21:58:20,Pre-GPT,-0.12091783,-0.20196615
2112.06172,2021-12-12 07:32:25,Pre-GPT,-0.11116037,0.07955061
2106.02607,2021-06-03 16:34:54,Pre-GPT,0.35942724,0.17640956
2208.08603,2022-08-18 02:48:35,Pre-GPT,0.1424945,0.26455668
2508.09176,2025-08-07 07:31:48,Post-GPT,0.23298803,-0.1067511
2401.06352,2024-01-12 04:00:17,Post-GPT,-0.26372388,-0.24818487
2303.10786,2023-03-19 22:39:52,Post-GPT,-0.35184696,0.20121765
2505.05239,2025-05-08 13:34:02,Post-GPT,-0.2909782,0.15843357
2106.07267,2021-06-14 09:40:51,Pre-GPT,-0.19452937,-0.23136939
2010.16316,2020-10-30 15:15:04,Pre-GPT,-0.14197287,-0.03295521
2501.02285,2025-01-04 13:27:18,Post-GPT,0.30688694,0.011753254
2203.0043,2022-02-25 03:57:33,Pre-GPT,-0.121826366,0.03976909
2508.01093,2025-08-01 22:04:01,Post-GPT,-0.08858299,-0.1974027
2001.05338,2020-01-15 14:25:57,Pre-GPT,-0.35023648,0.37836906
2212.11075,2022-12-21 15:22:20,Post-GPT,-0.30921468,0.24526651
2411.02403,2024-10-18 04:20:02,Post-GPT,0.36387292,0.24765037
1804.03999,2018-04-11 14:13:03,Pre-GPT,0.3705285,-0.085194215
2207.02025,2022-07-05 13:14:10,Pre-GPT,0.2701772,-0.10536161
2001.06359,2020-01-17 15:04:27,Pre-GPT,-0.24534579,0.28024238
2108.07618,2021-08-17 13:37:22,Pre-GPT,-0.07460227,0.13188754
2405.08471,2024-05-14 09:54:39,Post-GPT,-0.24881,0.23167042
2205.08881,2022-05-18 12:11:50,Pre-GPT,-0.1261715,-0.13775723
1803.10572,2018-03-28 13:04:11,Pre-GPT,0.06856005,0.015310083
1805.07121,2018-05-18 10:06:44,Pre-GPT,-0.3636246,0.29478472
2508.06708,2025-08-08 21:19:56,Post-GPT,0.017329127,-0.058401566
2109.13432,2021-09-28 02:04:18,Pre-GPT,0.40575162,0.027401939
2406.14132,2024-06-20 09:21:09,Post-GPT,0.20773509,-0.053956367
2212.07049,2022-12-14 06:03:36,Post-GPT,-0.27814335,-0.21114688
1810.09535,2018-10-19 10:39:23,Pre-GPT,0.2181342,-0.3171543
2504.07977,2025-03-27 11:07:06,Post-GPT,-0.3981808,0.22723143
2405.12849,2024-05-21 14:59:39,Post-GPT,0.26643315,-0.22342901
2503.03338,2025-03-05 10:12:22,Post-GPT,0.20712957,-0.064846456
2411.05503,2024-11-08 12:03:31,Post-GPT,0.22556302,0.3704505
2309.01229,2023-09-03 17:29:55,Post-GPT,-0.052086115,-0.19361308
2006.14915,2020-06-26 11:28:43,Pre-GPT,-0.3215111,0.10201058
2404.16011,2024-04-24 17:43:40,Post-GPT,-0.35769394,0.2557733
2107.00301,2021-07-01 08:39:24,Pre-GPT,-0.36243466,0.2462355
2512.10592,2025-12-11 12:33:51,Post-GPT,0.3081193,-0.03280859
2311.13104,2023-11-22 02:10:39,Post-GPT,0.118338495,-0.06851278
2407.06913,2024-07-09 14:48:30,Post-GPT,-0.17191969,-0.08309269
2010.15987,2020-10-29 23:07:31,Pre-GPT,0.27276143,-0.0674226
2010.14086,2020-10-27 06:07:09,Pre-GPT,-0.3186913,0.2947151
2301.1316,2023-01-16 09:56:12,Post-GPT,-0.17709598,-0.18400578
2204.01344,2022-04-04 09:37:18,Pre-GPT,-0.28652948,0.004271552
2106.02537,2021-06-04 15:05:27,Pre-GPT,-0.47162804,0.28985542
2503.08661,2025-03-11 17:50:23,Post-GPT,0.22113892,-0.16739129
2103.06763,2021-03-11 16:20:41,Pre-GPT,0.035547197,0.008222384
2211.14399,2022-11-25 23:20:02,Pre-GPT,-0.42651138,0.029465329
2103.11356,2021-03-21 10:23:44,Pre-GPT,0.378305,0.16332431
2409.06244,2024-09-10 06:25:18,Post-GPT,-0.43542543,0.25159222
2511.03818,2025-11-05 19:34:59,Post-GPT,-0.39192018,0.22921982
1912.12761,2019-12-30 00:03:28,Pre-GPT,0.24356231,-0.18193828
1905.1313,2019-05-27 08:27:36,Pre-GPT,0.23820576,0.120510444
1903.0677,2019-03-13 18:32:55,Pre-GPT,-0.4135599,0.29141408
1910.04139,2019-10-09 17:26:56,Pre-GPT,-0.4355273,-0.022306297
2208.1475,2022-08-31 09:54:06,Pre-GPT,0.11298141,0.15582246
2211.09469,2022-11-17 11:27:15,Pre-GPT,0.41482797,0.19881646
2308.07649,2023-08-15 08:54:51,Post-GPT,0.29800245,-0.016649392
2010.02346,2020-10-05 21:43:59,Pre-GPT,-0.1651023,-0.11936332
2411.0392,2024-11-06 13:51:42,Post-GPT,0.41230085,0.29289258
1808.0029,2018-08-01 12:13:58,Pre-GPT,-0.3983834,-0.07842918
2502.01713,2025-02-03 15:58:42,Post-GPT,0.12239751,0.19000377
2111.00725,2021-11-01 06:50:27,Pre-GPT,-0.36480424,-0.07763502
1907.05059,2019-07-11 08:56:04,Pre-GPT,-0.27573743,-0.18530403
2210.10684,2022-10-19 15:58:59,Pre-GPT,0.21636954,0.21346073
1901.01468,2019-01-05 20:52:37,Pre-GPT,-0.2946889,-0.15231617
2511.19275,2025-11-24 16:25:55,Post-GPT,0.13862735,-0.18152648
2407.1931,2024-07-27 17:55:28,Post-GPT,0.3027788,-0.039945036
1911.02725,2019-11-07 02:43:01,Pre-GPT,0.3255747,-0.018831063
2012.13586,2020-12-25 14:40:18,Pre-GPT,0.052616045,-0.18023576
2505.12475,2025-05-18 15:52:36,Post-GPT,-0.12222165,-0.23034015
2211.01422,2022-11-02 18:29:27,Pre-GPT,-0.33954534,0.23330459
1904.0969,2019-04-22 01:28:15,Pre-GPT,-0.09882062,-0.065431446
2311.03937,2023-11-07 12:19:23,Post-GPT,-0.14247176,-0.07039286
1905.11742,2019-05-28 11:16:02,Pre-GPT,0.29671887,0.19742419
2512.14722,2025-12-09 11:34:28,Post-GPT,0.14200309,0.115556195
2502.16886,2025-02-24 06:33:39,Post-GPT,0.29651788,0.09600416
2111.08212,2021-11-16 03:21:25,Pre-GPT,-0.3288477,-0.03463781
2510.19875,2025-10-22 09:42:29,Post-GPT,0.33945572,0.22833106
2003.06933,2020-03-15 21:56:15,Pre-GPT,-0.06408489,0.091634706
1801.07037,2018-01-22 10:50:50,Pre-GPT,-0.3259036,0.22173418
2009.01208,2020-07-24 04:14:59,Pre-GPT,-0.25404108,-0.20590861
2501.00438,2024-12-31 13:44:27,Post-GPT,0.2583613,0.10507475
2503.05384,2025-03-07 12:54:30,Post-GPT,-0.21004608,-0.12992425
2304.04297,2023-04-09 19:11:04,Post-GPT,0.19588277,-0.23675784
1912.04439,2019-12-10 01:21:32,Pre-GPT,0.08704072,0.0969059
2011.13451,2020-11-26 19:27:07,Pre-GPT,-0.0516136,0.30208284
2001.10567,2020-01-28 19:32:22,Pre-GPT,-0.003083378,0.1464477
2004.0676,2020-04-14 19:21:20,Pre-GPT,0.09499234,-0.2433402
2302.05688,2023-02-11 13:09:16,Post-GPT,-0.18622595,-0.20415455
2411.19933,2024-11-29 18:49:55,Post-GPT,0.1836144,-0.02087073
2410.24108,2024-10-31 16:38:51,Post-GPT,0.2709726,-0.028697021
2102.01373,2021-02-02 07:57:06,Pre-GPT,0.34816748,0.3355648
2105.14422,2021-05-30 03:40:16,Pre-GPT,0.1154758,-0.15301855
2206.08568,2022-06-17 05:54:31,Pre-GPT,0.3348745,-0.022491282
2505.10969,2025-05-16 08:10:36,Post-GPT,0.22152412,-0.22661509
2111.07981,2021-11-15 18:47:08,Pre-GPT,-0.09295227,-0.21567507
2410.01985,2024-10-02 19:45:19,Post-GPT,0.3122466,0.21376109
2406.00965,2024-06-03 03:38:56,Post-GPT,0.2021032,0.10017671
2104.04407,2021-04-09 14:57:20,Pre-GPT,-0.347945,0.041846182
2312.13023,2023-12-20 13:44:18,Post-GPT,0.20649102,-0.055970155
1903.12612,2019-03-29 16:56:30,Pre-GPT,-0.31031936,0.08192697
2102.00936,2021-02-01 16:08:54,Pre-GPT,-0.37989455,0.30945063
2303.09461,2023-03-08 15:46:14,Post-GPT,0.028713286,0.28002363
2410.19924,2024-10-25 18:37:44,Post-GPT,0.2670633,-0.1355322
2207.12399,2022-07-13 08:48:43,Pre-GPT,0.11610481,0.009103097
2405.19429,2024-05-29 18:10:36,Post-GPT,0.20736751,0.09199153
2403.05886,2024-03-09 11:56:26,Post-GPT,0.24362636,-0.18200459
1812.08639,2018-12-20 15:38:21,Pre-GPT,-0.06224434,0.20793806
2012.02838,2020-12-04 20:34:04,Pre-GPT,-0.19303158,-0.19736607
2210.13227,2022-10-19 17:04:35,Pre-GPT,-0.27285558,-0.17189509
1810.05935,2018-10-13 22:31:22,Pre-GPT,-0.06626639,-0.07502125
2105.03222,2021-05-07 12:50:41,Pre-GPT,-0.11388632,0.05500621
2402.15292,2024-02-23 12:38:27,Post-GPT,-0.0076630265,0.09956063
2501.04683,2025-01-08 18:43:59,Post-GPT,0.15287322,0.17007105
2006.10782,2020-06-18 18:01:19,Pre-GPT,0.20523226,-0.053808186
2511.159,2025-11-19 22:06:09,Post-GPT,-0.3864606,0.19189362
2509.01119,2025-09-01 04:29:43,Post-GPT,0.46171883,0.018385809
2208.09711,2022-08-20 15:35:34,Pre-GPT,0.10104248,0.05482064
2503.05785,2025-02-27 05:37:53,Post-GPT,0.08820316,0.15089066
1912.06403,2019-12-13 10:52:20,Pre-GPT,-0.06591303,-0.29685628
1807.06087,2018-07-16 20:09:25,Pre-GPT,0.051215187,0.18566035
2205.07124,2022-05-14 20:08:19,Pre-GPT,0.3490414,-0.07663624
2509.06095,2025-09-07 15:20:44,Post-GPT,-0.39115563,0.08673252
2205.08071,2022-05-17 03:11:12,Pre-GPT,-0.1460052,0.067176774
1807.0807,2018-07-21 02:35:05,Pre-GPT,-0.19731772,-0.13841082
2402.10063,2024-02-15 16:30:45,Post-GPT,0.35633755,0.20623098
2112.07532,2021-12-14 16:44:54,Pre-GPT,-0.13976376,0.108942956
2401.0423,2024-01-08 20:41:08,Post-GPT,0.28084308,-0.08395234
2508.12402,2025-08-17 15:33:09,Post-GPT,-0.029920325,-0.14409445
2404.0476,2024-04-07 00:06:05,Post-GPT,-0.032793283,0.26401597
2412.00268,2024-11-29 21:58:50,Post-GPT,-0.035739116,-0.044040877
2207.0527,2022-07-12 02:44:40,Pre-GPT,0.25625005,0.31125128
1906.04829,2019-06-11 21:27:22,Pre-GPT,-0.04474148,-0.06045893
2110.02077,2021-10-05 14:19:30,Pre-GPT,0.23971269,-0.15565847
2006.01507,2020-06-02 10:17:24,Pre-GPT,0.10222812,-0.07260161
1809.00984,2018-08-29 06:53:06,Pre-GPT,0.15847972,0.038578395
2509.11134,2025-09-14 07:05:06,Post-GPT,0.09411843,0.043881558
2203.14214,2022-03-27 05:45:51,Pre-GPT,0.0008096099,-0.2790821
2009.04392,2020-09-09 16:20:02,Pre-GPT,0.22563103,-0.19396757
2403.16286,2024-03-24 20:31:42,Post-GPT,0.17715523,-0.11439592
2206.08812,2022-06-17 14:43:42,Pre-GPT,-0.29763502,0.19339807
2509.25496,2025-09-29 20:52:30,Post-GPT,0.032258183,0.15577935
2509.0649,2025-09-08 09:51:24,Post-GPT,0.19678608,-0.14532442
2410.06167,2024-10-08 16:10:54,Post-GPT,-0.16699798,-0.18719205
2009.12388,2020-09-25 18:12:50,Pre-GPT,-0.12571861,-0.06752341
2307.1436,2023-07-24 17:33:12,Post-GPT,-0.23814389,-0.12922953
2507.21874,2025-07-29 14:43:46,Post-GPT,-0.006006792,-0.03167873
2004.01089,2020-04-02 15:45:40,Pre-GPT,-0.03611821,-0.15270771
2407.12234,2024-07-17 01:04:28,Post-GPT,0.06304455,-0.25094455
2411.05134,2024-11-07 19:45:40,Post-GPT,-0.15266618,0.15268221
2302.12937,2023-02-24 23:53:03,Post-GPT,-0.16076592,0.21386667
1910.14532,2019-10-31 15:28:08,Pre-GPT,0.122396976,-0.14070989
2506.07206,2025-06-08 16:12:37,Post-GPT,0.07942094,-0.08350119
2312.16302,2023-12-26 19:13:41,Post-GPT,-0.36101535,0.17144941
2506.11415,2025-06-13 02:28:46,Post-GPT,0.27482015,0.3055591
2005.00003,2020-04-30 09:43:29,Pre-GPT,-0.14900768,-0.30246383
2401.04618,2024-01-09 15:39:50,Post-GPT,-0.07672991,-0.19343671
2504.05229,2025-04-07 16:14:27,Post-GPT,0.24914119,0.36825657
1902.00421,2019-02-01 15:58:10,Pre-GPT,-0.40242726,0.28056878
2112.01537,2021-12-02 05:33:03,Pre-GPT,0.20793486,0.066204965
2002.00915,2020-02-03 17:50:28,Pre-GPT,-0.068264924,-0.13087983
1805.06446,2018-05-16 17:51:19,Pre-GPT,-0.093791366,-0.113937706
2009.03582,2020-09-08 08:44:44,Pre-GPT,-0.16812885,-0.17846979
2506.1024,2025-06-11 23:47:56,Post-GPT,0.048746884,-0.13027175
2303.13516,2023-03-23 17:59:42,Post-GPT,0.35657403,0.13315524
2503.20474,2025-03-26 11:56:16,Post-GPT,-0.18808812,-0.22891484
2106.06395,2021-06-11 13:53:52,Pre-GPT,-0.173402,-0.26824117
2110.09865,2021-10-19 11:36:45,Pre-GPT,-0.16905934,-0.27210993
2504.06989,2025-04-09 15:56:31,Post-GPT,-0.34255487,-0.27915424
2508.16106,2025-08-22 05:47:42,Post-GPT,0.24419692,0.19991636
2003.00549,2020-03-01 18:44:48,Pre-GPT,-0.29123902,-0.14184491
2110.00889,2021-10-02 23:04:05,Pre-GPT,0.09319207,-0.033415906
2111.00528,2021-10-31 16:02:02,Pre-GPT,0.3873342,-0.12142484
2110.05695,2021-10-12 02:28:49,Pre-GPT,0.18801442,-0.06901212
1906.07535,2019-06-18 12:52:05,Pre-GPT,0.04463443,0.23081082
2505.04811,2025-05-07 21:22:28,Post-GPT,-0.10967806,-0.19304445
2307.14296,2023-07-26 16:53:25,Post-GPT,-0.17078811,-0.1984672
2305.18046,2023-05-29 12:19:41,Post-GPT,0.0855806,-0.34700924
2506.19109,2025-06-23 20:39:43,Post-GPT,0.024529368,0.18147524
1904.02453,2019-04-04 10:15:54,Pre-GPT,-0.4421141,0.12651579
2507.1134,2025-07-15 14:11:48,Post-GPT,-0.35349616,0.2865125
2503.18803,2025-03-24 15:48:07,Post-GPT,0.36156052,0.031594094
2108.11323,2021-08-25 16:37:43,Pre-GPT,-0.18572263,-0.10912901
2310.09486,2023-10-14 04:21:52,Post-GPT,0.38238743,-0.043145724
2306.04225,2023-06-07 08:02:17,Post-GPT,0.34014672,-0.061986167
2312.12615,2023-12-19 21:45:18,Post-GPT,-0.233989,0.34071624
1807.11325,2018-07-30 12:58:09,Pre-GPT,-0.2797088,0.373082
2402.11702,2024-02-18 20:48:09,Post-GPT,0.20833918,0.34487826
2405.1531,2024-05-24 07:52:53,Post-GPT,0.33123866,-0.11947274
1908.00296,2019-08-01 09:41:52,Pre-GPT,-0.18437782,-0.14901765
2302.04457,2023-02-09 06:33:15,Post-GPT,0.3029673,0.0010539219
2504.15099,2025-04-21 13:41:09,Post-GPT,0.30786487,-0.07095392
2110.07543,2021-10-14 17:11:35,Pre-GPT,-0.39162734,-0.030825198
1902.09745,2019-02-26 05:56:05,Pre-GPT,0.14378387,-0.14139946
2008.07171,2020-08-17 09:21:40,Pre-GPT,-0.015769422,0.06439015
2501.05275,2025-01-09 14:37:57,Post-GPT,-0.049012855,-0.14379127
1811.00246,2018-11-01 05:45:43,Pre-GPT,0.32802892,0.15574095
2210.13898,2022-10-25 10:33:45,Pre-GPT,0.41624615,0.10535285
1911.05636,2019-11-13 17:12:40,Pre-GPT,0.13143423,0.32299325
2511.0893,2025-11-12 03:12:06,Post-GPT,0.3662857,-0.17809261
1905.06148,2019-05-15 12:57:57,Pre-GPT,0.27472344,-0.165534
2506.00773,2025-06-01 01:42:40,Post-GPT,0.29446524,0.22589189
2507.16036,2025-07-21 19:57:12,Post-GPT,-0.049779333,-0.12907645
1908.03767,2019-08-10 14:42:19,Pre-GPT,-0.24202645,-0.26643172
2106.04996,2021-06-09 11:32:29,Pre-GPT,0.27189463,0.09870455
2411.10483,2024-11-13 19:08:36,Post-GPT,0.31521782,-0.2885583
2510.0484,2025-10-06 14:25:03,Post-GPT,0.13281801,0.078369096
2509.09066,2025-09-11 00:13:17,Post-GPT,0.35217658,0.2280295
1807.02609,2018-07-07 03:55:26,Pre-GPT,0.34998372,-0.050820444
1810.01486,2018-10-01 14:07:53,Pre-GPT,-0.047013134,-0.011827227
2302.10138,2023-02-20 18:17:33,Post-GPT,-0.08287218,-0.25960428
2407.07102,2024-06-23 10:12:26,Post-GPT,-0.21160567,0.016970493
1807.0232,2018-07-06 09:05:26,Pre-GPT,-0.46764717,-0.19680803
2005.13932,2020-05-28 11:55:22,Pre-GPT,-0.24091545,0.067067415
1811.02656,2018-10-31 11:22:54,Pre-GPT,0.27325213,-0.14311378
2510.18053,2025-10-20 19:46:02,Post-GPT,0.37298396,-0.0066836476
1908.11441,2019-08-29 20:02:58,Pre-GPT,-0.20663728,-0.12796307
2409.04697,2024-09-07 03:39:32,Post-GPT,0.008606613,-0.10334596
2308.04073,2023-08-08 06:11:52,Post-GPT,0.20880541,-0.32170022
2106.16049,2021-06-30 13:24:27,Pre-GPT,0.25503638,-0.07688944
2111.1278,2021-11-24 20:22:28,Pre-GPT,0.3572201,0.08383095
2204.0335,2022-04-07 10:42:30,Pre-GPT,0.34166968,-0.03867134
2508.05693,2025-08-06 13:55:43,Post-GPT,0.15475604,0.22510897
2210.1716,2022-10-31 09:11:04,Pre-GPT,-0.057770044,-0.14737438
2304.09854,2023-04-19 17:59:02,Post-GPT,0.4213368,-0.047226414
2410.16064,2024-10-21 14:45:20,Post-GPT,-0.15647002,-0.25832433
2501.16456,2025-01-27 19:29:11,Post-GPT,0.3042437,0.2976552
2107.13681,2021-07-29 00:37:07,Pre-GPT,-0.090574786,-0.21688321
2506.01371,2025-06-02 06:58:43,Post-GPT,0.39765337,0.089228734
2310.095,2023-10-14 05:55:35,Post-GPT,-0.3885968,0.20495567
2306.14297,2023-06-25 17:14:45,Post-GPT,0.15095016,-0.07488419
2205.13238,2022-05-26 09:08:44,Pre-GPT,-0.33774912,-0.05912034
2507.11207,2025-07-15 11:26:09,Post-GPT,-0.33438015,0.20213605
1905.07658,2019-05-18 23:39:56,Pre-GPT,-0.34079343,-0.18058632
2406.06926,2024-06-11 03:45:03,Post-GPT,-0.31369194,-0.04599019
2312.01319,2023-12-03 08:45:32,Post-GPT,-0.1908811,0.12181434
2501.11829,2025-01-21 02:15:17,Post-GPT,0.08420691,-0.087855875
1902.05815,2019-02-15 14:17:08,Pre-GPT,-0.17226604,-0.16722898
1912.05874,2019-12-12 10:54:11,Pre-GPT,-0.3735177,-0.10458246
2303.14706,2023-03-26 12:23:11,Post-GPT,0.2668877,-0.13747045
2210.15598,2022-10-27 16:37:52,Pre-GPT,0.18857464,-0.13746652
2504.0873,2025-04-11 17:56:52,Post-GPT,0.14817414,-0.3149309
2411.0363,2024-11-06 03:04:05,Post-GPT,0.41969165,-0.14324565
2111.11372,2021-11-22 17:29:20,Pre-GPT,0.14173627,0.30934104
2212.07556,2022-12-15 00:00:17,Post-GPT,-0.043741688,-0.23062731
2506.06635,2025-06-07 03:06:41,Post-GPT,0.03463605,0.07021043
2504.21486,2025-04-30 10:10:32,Post-GPT,0.060630053,-0.13581704
2408.1341,2024-08-23 23:56:06,Post-GPT,-0.36853135,0.20460908
2306.11794,2023-06-20 18:00:02,Post-GPT,-0.22597873,-0.22017677
2412.11332,2024-12-15 22:41:09,Post-GPT,-0.41759926,0.18993802
2412.17813,2024-11-27 19:39:14,Post-GPT,0.064396754,-0.116091266
2310.19998,2023-10-30 20:31:50,Post-GPT,0.34406427,0.08081181
2111.0033,2021-10-30 20:45:30,Pre-GPT,-0.219939,-0.08944003
2408.05985,2024-08-12 08:21:04,Post-GPT,0.34000057,-0.12878567
2212.07427,2022-12-14 09:02:41,Post-GPT,-0.14750428,0.08125885
2303.13626,2023-03-23 19:30:48,Post-GPT,-0.19348189,-0.21948276
2212.13916,2022-12-23 18:16:09,Post-GPT,0.10720599,0.196382
2109.03078,2021-09-07 13:34:17,Pre-GPT,-0.022342995,-0.08799864
2505.22489,2025-05-28 15:38:33,Post-GPT,0.22080284,-0.29526332
2105.13258,2021-05-27 15:56:41,Pre-GPT,0.26944637,-0.057882253
2209.08315,2022-09-17 11:37:14,Pre-GPT,0.032485247,0.07549964
2102.04696,2021-02-09 08:18:10,Pre-GPT,0.14497823,-0.21624367
2011.10321,2020-11-20 10:20:46,Pre-GPT,0.22430739,-0.29829836
2209.1017,2022-09-21 08:05:26,Pre-GPT,0.379656,0.079539075
2012.06657,2020-12-11 21:58:05,Pre-GPT,-0.04039301,-0.24772665
2003.05188,2020-03-11 09:42:39,Pre-GPT,0.041941464,0.102399334
1902.10059,2019-02-26 17:10:16,Pre-GPT,0.17573038,-0.10781835
2503.13279,2025-03-17 15:31:20,Post-GPT,0.24882919,0.19938059
2106.10534,2021-06-19 17:11:02,Pre-GPT,-0.25588757,-0.0075141313
1904.0849,2019-04-17 20:41:39,Pre-GPT,-0.16494855,-0.107733846
1808.09317,2018-08-28 14:15:24,Pre-GPT,0.060610846,0.038480654
2302.11123,2023-02-22 03:36:56,Post-GPT,0.08359049,-0.0021253424
1811.04325,2018-11-10 23:35:37,Pre-GPT,-0.32856223,0.2661451
2407.12825,2024-07-02 13:13:35,Post-GPT,0.34747085,0.13261583
1811.03796,2018-11-09 07:06:46,Pre-GPT,0.27755868,0.3229016
2110.13886,2021-10-26 17:42:23,Pre-GPT,-0.39215007,0.26417333
2208.06713,2022-08-13 19:12:25,Pre-GPT,-0.39386758,0.30187833
2412.04384,2024-12-05 17:59:58,Post-GPT,0.29215762,-0.14000645
2412.13592,2024-12-18 08:15:55,Post-GPT,0.03599246,0.011918649
2008.07847,2020-08-18 10:51:23,Pre-GPT,-0.30006328,0.16240253
1908.10555,2019-08-28 05:32:07,Pre-GPT,0.29998496,0.00618688
2411.14374,2024-11-21 18:09:04,Post-GPT,0.09871739,0.015712429
2303.16567,2023-03-29 09:55:57,Post-GPT,-0.005545944,-0.13875687
2112.13264,2021-12-25 18:05:48,Pre-GPT,0.29471657,-0.1824696
1809.03996,2018-09-11 16:02:48,Pre-GPT,-0.28782877,0.09838691
1806.10644,2018-06-27 18:56:14,Pre-GPT,0.21414176,-0.23326972
2105.06724,2021-05-14 09:14:50,Pre-GPT,0.34319773,0.14891413
2307.00142,2023-06-30 21:26:24,Post-GPT,0.38928285,-0.010914058
2409.01755,2024-09-03 10:04:16,Post-GPT,-0.30137807,0.24634583
2203.03512,2022-03-07 16:49:18,Pre-GPT,-0.09649768,-0.15416498
2508.21324,2025-08-29 04:42:17,Post-GPT,0.35573304,0.0727064
2504.08501,2025-04-11 13:08:20,Post-GPT,-0.37805575,0.32855594
2402.06928,2024-02-10 11:35:03,Post-GPT,0.11787078,-0.041290507
1803.0996,2018-03-27 08:43:46,Pre-GPT,0.034028426,-0.04231622
2112.09423,2021-12-17 10:39:41,Pre-GPT,0.46069422,0.19542487
2003.04916,2020-03-10 18:11:57,Pre-GPT,-0.10935218,0.1626079
2510.10419,2025-10-12 03:04:24,Post-GPT,0.3719069,0.2966216
2406.10752,2024-06-15 22:22:45,Post-GPT,-0.16393772,0.19698119
2503.1592,2025-03-20 07:55:31,Post-GPT,-0.35899583,0.15108962
1910.07251,2019-10-16 09:51:25,Pre-GPT,-0.0781736,-0.1829328
2302.03607,2023-02-07 17:11:31,Post-GPT,-0.37380207,0.24405228
2407.1677,2024-07-23 18:04:40,Post-GPT,0.23883244,0.065779
2406.04066,2024-06-06 13:32:50,Post-GPT,-0.122550696,0.13977759
2402.03345,2024-01-24 19:04:49,Post-GPT,0.24737221,-0.18841483
2007.13819,2020-07-27 19:14:23,Pre-GPT,0.089297056,-0.17800029
1902.02782,2019-02-08 01:45:15,Pre-GPT,-0.26441467,0.06066763
1804.06837,2018-04-18 17:53:17,Pre-GPT,-0.40141222,0.24636455
2308.01452,2023-08-02 21:59:55,Post-GPT,-0.06456357,-0.103066325
1901.07976,2019-01-23 16:17:20,Pre-GPT,0.15739861,0.022535868
2211.08751,2022-11-16 08:26:32,Pre-GPT,-0.49241662,0.23674549
1805.08579,2018-05-22 13:47:09,Pre-GPT,-0.36434925,0.21060975
2005.11536,2020-05-23 13:38:43,Pre-GPT,-0.37336442,0.30076838
2208.04859,2022-08-09 15:47:21,Pre-GPT,-0.068182945,-0.100927636
2010.10579,2020-10-20 19:35:18,Pre-GPT,-0.18142281,0.20400283
2010.14588,2020-10-27 19:51:53,Pre-GPT,0.11933544,0.22731887
2108.01914,2021-08-04 08:59:41,Pre-GPT,-0.0648599,-0.4194587
2305.10198,2023-05-17 13:22:21,Post-GPT,0.17748037,-0.16516529
2311.1196,2023-11-20 17:36:36,Post-GPT,-0.27404588,0.17993796
2411.01038,2024-11-01 21:13:11,Post-GPT,-0.07015066,-0.09241952
2310.19515,2023-10-30 13:17:38,Post-GPT,0.1844869,-0.111698374
2303.02648,2023-03-05 11:45:53,Post-GPT,0.4645534,0.17752187
1907.04661,2019-07-09 00:46:28,Pre-GPT,-0.31029397,0.04424953
2011.02767,2020-11-05 11:44:37,Pre-GPT,-0.29062435,-0.1764536
2503.0183,2025-03-03 18:54:19,Post-GPT,0.309652,0.1278048
2501.03124,2025-01-06 16:31:45,Post-GPT,0.3298171,0.28415287
2211.04651,2022-11-09 02:58:18,Pre-GPT,-0.34921297,-0.0923619
2501.19308,2025-01-31 17:09:53,Post-GPT,-0.14370787,0.24109913
2501.03748,2025-01-07 12:41:24,Post-GPT,-0.27160656,0.27714223
2010.04352,2020-10-09 03:44:45,Pre-GPT,-0.009520888,-0.26653445
1901.09545,2019-01-28 08:18:21,Pre-GPT,-0.33489454,-0.010518307
2007.02768,2020-07-06 14:14:36,Pre-GPT,-0.25010273,-0.045643672
2004.12602,2020-04-27 06:50:17,Pre-GPT,0.13834327,-0.13232103
2101.04465,2021-01-12 13:28:43,Pre-GPT,-0.36360043,0.33670104
2010.04195,2020-10-08 18:22:07,Pre-GPT,-0.27772728,-0.24901646
2312.15248,2023-12-23 13:03:37,Post-GPT,-0.2666609,0.035084795
2311.15129,2023-11-25 22:30:26,Post-GPT,-0.12515245,-0.20783047
2011.09725,2020-11-19 08:57:49,Pre-GPT,-0.14135438,-0.039740592
1809.07988,2018-09-21 08:36:15,Pre-GPT,0.36089286,-0.010389693
2203.00231,2022-03-01 04:56:09,Pre-GPT,-0.16013564,-0.17297845
1805.0382,2018-05-10 05:04:35,Pre-GPT,-0.3098647,-0.15271883
2506.06287,2025-05-06 15:28:50,Post-GPT,0.34422317,0.23228346
2007.11391,2020-07-22 12:54:19,Pre-GPT,0.17373836,-0.2666818
2508.0285,2025-08-04 19:25:00,Post-GPT,-0.01661168,-0.15078105
1806.03002,2018-06-08 07:46:34,Pre-GPT,0.27790868,-0.1159288
2504.15658,2025-04-22 07:30:00,Post-GPT,-0.2919026,0.12051152
2505.08298,2025-05-13 07:22:38,Post-GPT,-0.14136998,-0.13175
2004.03166,2020-04-07 07:28:11,Pre-GPT,-0.15881716,-0.054561708
2408.02205,2024-08-05 03:08:51,Post-GPT,0.14611396,0.16138388
1804.1121,2018-04-27 11:32:12,Pre-GPT,-0.021385133,0.15424381
2208.14255,2022-08-30 13:28:34,Pre-GPT,-0.08151691,0.021001268
2411.13124,2024-11-20 08:35:28,Post-GPT,-0.26239067,0.30998564
2207.07365,2022-07-15 09:26:57,Pre-GPT,-0.15148875,-0.10641606
1812.05782,2018-12-14 05:12:06,Pre-GPT,-0.42270535,0.19261773
1807.09305,2018-07-24 18:51:22,Pre-GPT,0.2611672,-0.19827737
2109.14326,2021-09-29 10:26:57,Pre-GPT,0.29481217,0.21999116
2511.01052,2025-11-02 19:00:40,Post-GPT,0.47322592,0.1668257
1805.05043,2018-05-14 07:52:47,Pre-GPT,-0.1573972,-0.038645487
2206.15226,2022-06-30 12:18:16,Pre-GPT,-0.4107642,0.1873646
1801.06747,2018-01-21 01:42:35,Pre-GPT,-0.28722477,0.21615899
2507.23406,2025-07-31 10:24:18,Post-GPT,-0.3199405,-0.19922139
2011.08991,2020-11-17 22:42:45,Pre-GPT,-0.13232112,0.10188384
2407.11573,2024-07-16 10:28:50,Post-GPT,0.36899492,0.021156486
2105.06105,2021-05-13 06:51:51,Pre-GPT,-0.11281015,0.042902555
2303.05206,2023-03-09 12:19:45,Post-GPT,0.08325359,0.06948501
2407.025,2024-06-08 23:38:03,Post-GPT,0.2084718,0.029874068
2406.13096,2024-06-18 23:00:44,Post-GPT,-0.123443305,-0.16420126
2105.03794,2021-05-08 22:46:10,Pre-GPT,-0.3157949,0.018741872
2101.09928,2021-01-25 07:37:28,Pre-GPT,-0.3611552,0.35311455
2305.01708,2023-05-02 18:21:00,Post-GPT,0.10702106,0.11798987
2407.17534,2024-07-24 04:53:55,Post-GPT,0.18420371,0.019356925
2004.0826,2020-04-17 14:14:50,Pre-GPT,0.035579413,-0.175254
2007.10407,2020-07-20 18:55:49,Pre-GPT,0.042663246,-0.20079888
2408.16727,2024-08-29 17:19:19,Post-GPT,-0.3484822,0.2057145
2312.01179,2023-12-02 17:03:34,Post-GPT,-0.31112963,-0.24294703
2110.14348,2021-10-27 11:00:06,Pre-GPT,-0.12479383,-0.26877236
2403.0985,2024-03-14 20:18:08,Post-GPT,0.19411421,-0.22386418
2001.11845,2020-01-30 01:52:07,Pre-GPT,0.3877249,0.05922891
2211.03922,2022-11-08 00:42:27,Pre-GPT,0.33924454,0.26853722
2503.12732,2025-03-17 01:51:00,Post-GPT,0.12207052,-0.14739095
2512.16635,2025-12-18 15:10:19,Post-GPT,0.35407054,-0.093652815
2011.08516,2020-11-17 09:11:28,Pre-GPT,0.032014877,-0.17297587
2304.08412,2023-04-17 16:26:11,Post-GPT,-0.31886265,-0.110254124
2510.08979,2025-10-10 03:46:17,Post-GPT,0.24231702,-0.09140134
2009.07416,2020-09-16 01:51:58,Pre-GPT,-0.36448067,0.27552947
2005.10118,2020-05-20 15:17:06,Pre-GPT,-0.389631,0.27848962
2507.12407,2025-07-16 16:53:07,Post-GPT,0.13320592,-0.07042588
2005.11384,2020-05-22 20:35:34,Pre-GPT,0.2558093,-0.09163165
2201.06969,2022-01-12 09:14:19,Pre-GPT,-0.11941413,0.017875914
2311.17389,2023-11-29 06:42:12,Post-GPT,0.21598622,-0.0056185545
2510.08593,2025-10-05 09:32:12,Post-GPT,0.31068584,0.050010595
1911.09838,2019-11-22 03:54:16,Pre-GPT,-0.019186951,-0.3176696
2506.1193,2025-06-13 16:31:51,Post-GPT,0.18788186,0.03367102
2002.09474,2020-02-19 12:55:34,Pre-GPT,0.03384696,-0.104300454
2402.05467,2024-02-08 07:56:49,Post-GPT,0.22362792,0.1582656
2306.1004,2023-06-10 08:40:28,Post-GPT,-0.28736034,-0.29182976
2010.00199,2020-10-01 05:27:29,Pre-GPT,-0.038427323,-0.07123001
2308.0785,2023-08-15 15:54:18,Post-GPT,-0.32153398,-0.2873577
2201.08713,2022-01-21 14:22:31,Pre-GPT,-0.30550173,-0.26160783
2104.04181,2021-04-09 03:51:27,Pre-GPT,-0.17484173,-0.21979526
1811.12849,2018-11-30 15:42:11,Pre-GPT,-0.21622035,-0.041654684
2205.15006,2022-05-30 11:41:25,Pre-GPT,-0.1706351,-0.097791
2509.05081,2025-09-05 13:20:48,Post-GPT,-0.3390087,0.046480153
2512.20976,2025-12-24 06:08:50,Post-GPT,0.2567902,-0.21172076
2512.18771,2025-12-21 15:19:19,Post-GPT,-0.15448716,-0.23572071
1806.00664,2018-06-02 16:33:27,Pre-GPT,-0.024014145,-0.033070095
2406.19427,2024-06-27 11:18:22,Post-GPT,-0.29293644,-0.23517723
2405.15276,2024-05-24 07:04:44,Post-GPT,-0.3766391,0.2073217
2409.10975,2024-09-17 08:15:48,Post-GPT,-0.20670596,-0.19351815
2110.12432,2021-10-24 12:59:48,Pre-GPT,-0.12258542,-0.2540957
2406.09409,2024-06-13 17:59:46,Post-GPT,0.08576828,-0.33144805
2409.17565,2024-09-26 06:27:26,Post-GPT,0.35244206,-0.051975355
2007.09695,2020-07-19 15:47:37,Pre-GPT,0.3802934,-0.09685409
2311.14253,2023-11-24 02:38:31,Post-GPT,-0.1429637,-0.095949695
1901.04824,2019-01-14 16:13:27,Pre-GPT,-0.016829878,0.17487355
2203.00602,2022-03-01 16:43:46,Pre-GPT,-0.047354497,-0.16566782
2402.00279,2024-02-01 02:12:32,Post-GPT,-0.20269553,-0.28599733
2002.11888,2020-02-27 02:52:27,Pre-GPT,-0.18189462,-0.13406347
2305.0606,2023-05-10 11:26:02,Post-GPT,-0.3064183,0.26236737
1910.14225,2019-10-31 02:51:56,Pre-GPT,-0.15092888,-0.14698488
2508.04358,2025-08-06 11:54:52,Post-GPT,-0.18637113,-0.044431422
2008.09777,2020-08-22 08:15:52,Pre-GPT,0.24598953,0.08799316
2202.09448,2022-02-18 22:08:52,Pre-GPT,0.099339664,-0.104330465
2302.0235,2023-02-05 09:48:57,Post-GPT,0.46906003,-0.009753145
2109.07441,2021-09-15 17:19:04,Pre-GPT,-0.027820833,0.07335648
2103.09408,2021-03-17 02:38:58,Pre-GPT,0.4091839,-0.052970067
2008.04035,2020-08-10 11:48:45,Pre-GPT,-0.22022982,-0.04359555
1912.07665,2019-12-16 19:51:11,Pre-GPT,-0.35313535,0.33332342
2403.02865,2024-03-05 11:18:06,Post-GPT,-0.04328922,-0.15164192
2002.09469,2020-02-21 18:46:06,Pre-GPT,0.30040443,0.17094068
1904.00516,2019-04-01 00:29:15,Pre-GPT,0.22849447,0.2888708
2308.08119,2023-08-16 03:20:13,Post-GPT,-0.36412987,0.14140242
2102.04964,2021-02-09 17:34:44,Pre-GPT,-0.10063121,-0.1932623
2108.04232,2021-08-07 05:50:54,Pre-GPT,0.28856233,-0.006673366
2203.07112,2022-03-14 13:56:12,Pre-GPT,0.3324691,-0.07047088
2305.17358,2023-05-27 03:54:09,Post-GPT,0.39556065,0.10159437
2404.19433,2024-04-30 10:29:15,Post-GPT,-0.361614,0.23886548
2212.07558,2022-12-15 00:08:05,Post-GPT,0.20772639,0.08266346
2306.07842,2023-06-13 15:20:37,Post-GPT,0.19725415,0.031866577
2212.14187,2022-12-29 06:22:52,Post-GPT,0.3089601,-0.07290668
2407.16571,2024-07-23 15:25:19,Post-GPT,0.044582993,-0.1909836
2412.05158,2024-12-06 16:22:00,Post-GPT,0.24646327,-0.04629126
2408.06806,2024-08-13 10:54:10,Post-GPT,0.29214582,0.04287836
2302.11839,2023-02-23 08:02:31,Post-GPT,-0.3713768,0.21237503
2509.23931,2025-09-28 15:09:00,Post-GPT,0.402707,0.16420026
2302.06212,2023-02-13 09:38:51,Post-GPT,-0.1741807,-0.11100173
2305.12301,2023-05-20 23:55:55,Post-GPT,0.42827848,0.089831665
2504.00992,2025-04-01 17:29:35,Post-GPT,0.23472753,-0.0155562395
2504.13877,2025-04-01 11:37:36,Post-GPT,0.14724311,0.014228266
1903.01544,2019-02-26 15:56:39,Pre-GPT,-0.17784582,-0.15005092
2504.16442,2025-04-23 06:02:05,Post-GPT,-0.064005494,-0.0951532
2010.12231,2020-10-23 08:34:52,Pre-GPT,0.34226155,0.05369808
2505.19136,2025-05-25 13:18:13,Post-GPT,0.23725882,-0.22100256
2110.02027,2021-10-05 13:15:59,Pre-GPT,0.2323879,0.15523377
2408.11275,2024-08-21 01:56:33,Post-GPT,-0.17829496,0.007439602
2107.06912,2021-07-14 18:00:54,Pre-GPT,0.4539083,0.17815478
2512.14178,2025-12-16 08:15:30,Post-GPT,-0.34746993,0.20210584
2306.14714,2023-06-26 14:04:07,Post-GPT,0.32965693,-0.17521171
2203.04935,2022-03-09 18:32:10,Pre-GPT,0.13765246,-0.12563923
2211.1696,2022-11-30 13:07:59,Post-GPT,0.22950771,-0.033165284
2105.00378,2021-05-02 02:19:12,Pre-GPT,-0.018796936,0.12756526
2404.02742,2024-04-03 13:39:29,Post-GPT,0.22002128,-0.27591866
2311.10057,2023-11-16 17:52:21,Post-GPT,0.311342,0.20844524
2310.14854,2023-10-23 12:17:50,Post-GPT,-0.31595558,-0.2523647
2004.04184,2020-04-08 18:04:50,Pre-GPT,-0.24538165,-0.21641813
1805.10059,2018-05-25 09:42:59,Pre-GPT,0.332796,-0.040687036
2210.02736,2022-10-06 08:01:38,Pre-GPT,-0.09918702,-0.031831317
2112.07251,2021-12-14 09:33:30,Pre-GPT,-0.4462805,0.019695342
2212.02146,2022-12-05 10:40:41,Post-GPT,-0.24091852,-0.104301065
1907.11844,2019-07-27 04:09:40,Pre-GPT,-0.17884326,-0.20765622
2111.13072,2021-11-25 13:23:15,Pre-GPT,-0.30313152,-0.33277655
2305.15255,2023-05-24 15:39:43,Post-GPT,0.37130252,0.13963582
2311.18076,2023-11-29 20:43:49,Post-GPT,-0.016457371,-0.05988073
2009.02696,2020-09-06 10:05:43,Pre-GPT,0.27517286,0.37105006
2508.177,2025-08-25 06:17:10,Post-GPT,0.14359063,-0.035222992
2404.10653,2024-04-16 15:30:20,Post-GPT,-0.14765812,0.35693622
2011.08035,2020-11-16 15:41:45,Pre-GPT,0.20381597,0.2503351
2510.00351,2025-09-30 23:29:39,Post-GPT,0.3480725,-0.013746639
2207.06033,2022-07-13 08:29:55,Pre-GPT,-0.3977209,0.28845912
2410.00338,2024-10-01 02:32:13,Post-GPT,-0.04442574,0.008272372
2410.10552,2024-10-14 14:32:26,Post-GPT,-0.39470065,0.32138753
2010.08613,2020-10-16 20:12:13,Pre-GPT,-0.30808502,0.13311459
2407.15776,2024-07-22 16:29:35,Post-GPT,0.052412882,-0.1762636
2310.00283,2023-09-30 07:23:29,Post-GPT,0.39628115,0.05279747
2309.1552,2023-09-27 09:38:03,Post-GPT,0.4071131,-0.010801012
2006.05642,2020-06-10 03:45:07,Pre-GPT,-0.32622626,0.26539648
2311.14388,2023-11-24 10:07:14,Post-GPT,0.35923028,-0.06353393
2501.18745,2025-01-30 20:49:59,Post-GPT,-0.29719722,-0.3518433
1903.01337,2019-03-04 16:27:43,Pre-GPT,-0.15426046,-0.44278103
1907.06054,2019-07-13 11:42:34,Pre-GPT,-0.14935622,-0.13788167
2412.04867,2024-12-06 09:01:10,Post-GPT,0.42406395,0.22537865
2511.05912,2025-11-08 08:16:59,Post-GPT,0.16627756,-0.023067314
2407.01418,2024-07-01 16:08:37,Post-GPT,0.2881498,-0.21815746
2005.10057,2020-05-20 14:06:36,Pre-GPT,-0.30962855,-0.23845032
2405.10529,2024-05-17 04:19:19,Post-GPT,0.34990957,0.102599606
2407.10272,2024-07-14 16:54:35,Post-GPT,-0.012637287,-0.08986893
1911.09001,2019-11-17 00:41:15,Pre-GPT,0.14344174,-0.023410168
2501.14512,2025-01-24 14:15:51,Post-GPT,0.15136,-0.056876946
1908.00143,2019-07-31 23:31:21,Pre-GPT,-0.28340435,0.04776643
2403.01284,2024-03-02 18:41:14,Post-GPT,-0.2807714,-0.30111516
2104.11103,2021-04-22 14:36:51,Pre-GPT,0.3328561,0.023258593
2504.14719,2025-04-20 19:17:54,Post-GPT,-0.43664238,0.32757762
2411.19086,2024-11-28 12:03:00,Post-GPT,-0.23992711,-0.23137675
2103.03346,2021-03-04 21:54:11,Pre-GPT,-0.10771376,0.07287784
2003.04289,2020-03-09 17:50:12,Pre-GPT,0.28106377,-0.030410487
2507.00424,2025-07-01 04:49:32,Post-GPT,-0.11962992,-0.17682157
2204.1156,2022-04-25 11:12:10,Pre-GPT,-0.05587232,-0.10902044
2412.07645,2024-12-10 16:22:56,Post-GPT,-0.32431424,0.14743447
2101.07946,2021-01-20 03:15:27,Pre-GPT,-0.35139698,0.26605994
2507.17341,2025-07-23 09:11:21,Post-GPT,-0.32402247,0.24037804
2312.10168,2023-12-15 19:26:59,Post-GPT,-0.1997073,-0.32429224
2508.12384,2025-08-17 14:47:31,Post-GPT,0.37411526,0.039791424
2209.06915,2022-09-14 20:19:24,Pre-GPT,0.090727136,-0.18594863
2401.16611,2024-01-29 22:44:28,Post-GPT,0.098736286,-0.16281463
2109.03143,2021-09-07 15:20:49,Pre-GPT,-0.34612396,-0.1835674
2405.14102,2024-05-23 02:11:11,Post-GPT,-0.2324289,-0.18429494
2503.23167,2025-03-29 17:49:34,Post-GPT,0.12875265,-0.2878706
2208.14261,2022-08-30 13:38:32,Pre-GPT,-0.082073234,0.04082731
2409.17754,2024-09-26 11:36:08,Post-GPT,0.14460185,-0.022671254
2309.04145,2023-09-08 06:15:27,Post-GPT,0.25660267,-0.104500234
2109.0543,2021-09-12 04:26:31,Pre-GPT,0.012773842,-0.06477609
1807.0592,2018-07-12 19:00:31,Pre-GPT,0.14161107,-0.004265543
2502.09265,2025-02-13 12:26:40,Post-GPT,-0.2344554,0.11995743
2307.12948,2023-07-24 17:21:42,Post-GPT,-0.25392923,0.110614344
2409.06857,2024-09-10 20:45:43,Post-GPT,0.21423414,0.21193601
2303.15638,2023-03-27 23:41:59,Post-GPT,-0.14955305,-0.28266943
2507.06353,2025-07-08 19:28:31,Post-GPT,-0.14813274,-0.06780006
1901.1082,2019-01-28 22:50:00,Pre-GPT,-0.15363722,0.006408222
2003.02712,2020-03-05 15:25:58,Pre-GPT,-0.3843673,-0.17651014
1812.10425,2018-12-26 17:32:49,Pre-GPT,-0.2727185,0.033187795
2309.00521,2023-09-01 15:18:36,Post-GPT,-0.4168178,-0.10287921
2406.08467,2024-06-12 17:53:31,Post-GPT,0.18176821,0.25450057
2303.06963,2023-03-13 10:04:58,Post-GPT,-0.17400157,0.24430828
2512.08436,2025-12-09 10:06:05,Post-GPT,0.263473,-0.1988277
2302.11516,2023-02-22 17:38:12,Post-GPT,-0.32926312,0.3008163
2401.00181,2023-12-30 09:20:03,Post-GPT,-0.3463598,0.25347924
2306.14428,2023-06-26 05:43:27,Post-GPT,-0.30258393,0.22650741
2002.11702,2020-02-24 07:56:00,Pre-GPT,0.0388989,-0.08563797
2409.00896,2024-09-02 02:18:34,Post-GPT,0.3647441,-0.083850354
2404.17253,2024-04-26 08:47:28,Post-GPT,0.26490158,0.07676706
2501.01538,2025-01-02 21:12:45,Post-GPT,-0.2768685,-0.021576071
2012.15507,2020-12-31 08:52:54,Pre-GPT,-0.29769307,0.00320803
2303.08134,2023-03-14 17:59:02,Post-GPT,0.19504851,-0.11464544
2310.12602,2023-10-19 09:16:45,Post-GPT,-0.3206486,0.036226686
2312.13537,2023-12-21 02:39:53,Post-GPT,0.38849452,0.11206232
2409.14027,2024-09-21 06:06:51,Post-GPT,-0.13565224,-0.06805931
2205.07054,2022-05-14 13:06:35,Pre-GPT,-0.118860945,0.19337127
2007.10671,2020-07-21 09:15:40,Pre-GPT,-0.14189225,-0.25609738
1902.03865,2019-02-11 13:33:55,Pre-GPT,0.14422753,-0.29552376
2508.16557,2025-08-22 17:23:49,Post-GPT,0.28947565,-0.1970465
2503.21966,2025-03-27 20:27:22,Post-GPT,0.35973254,-0.109188944
2308.16332,2023-08-30 21:38:27,Post-GPT,-0.17413944,-0.23473023
2411.1376,2024-11-21 00:15:44,Post-GPT,0.29878637,0.3502741
2205.05737,2022-05-11 19:12:15,Pre-GPT,0.19125211,0.12541601
1906.00772,2019-05-31 13:45:18,Pre-GPT,0.102826506,0.039043244
2111.04877,2021-11-08 23:46:42,Pre-GPT,0.15033779,0.011572907
1910.02814,2019-10-07 14:22:21,Pre-GPT,-0.049694322,-0.24015252
2410.00887,2024-10-01 17:22:08,Post-GPT,-0.26001602,0.15674563
2104.01261,2021-04-02 22:27:49,Pre-GPT,-0.06284221,0.01974462
2507.13681,2025-07-18 06:12:08,Post-GPT,0.35212147,0.1995428
2505.19094,2025-05-25 11:11:06,Post-GPT,0.3260201,0.045141887
2402.02845,2024-02-05 09:59:51,Post-GPT,-0.28145835,-0.10642423
2504.11347,2025-04-15 16:20:00,Post-GPT,0.22248605,-0.14844207
1902.03301,2019-02-08 21:52:46,Pre-GPT,-0.34201628,-0.0030103885
2208.08882,2022-08-17 08:54:49,Pre-GPT,0.13678774,-0.10619387
1808.02363,2018-08-02 16:20:56,Pre-GPT,-0.29957387,0.26261392
2007.13817,2020-07-27 19:11:49,Pre-GPT,-0.4693729,0.31285653
2007.06224,2020-07-13 07:51:08,Pre-GPT,-0.3660801,0.105983004
2203.13523,2022-03-25 09:16:15,Pre-GPT,-0.41702977,0.25095016
2502.18437,2025-02-25 18:31:03,Post-GPT,0.060107246,-0.13006525
2505.08716,2025-05-13 16:22:40,Post-GPT,-0.36230186,0.13644649
2009.07759,2020-09-16 15:44:22,Pre-GPT,-0.3369345,0.030475799
2505.15461,2025-05-21 12:40:29,Post-GPT,-0.06289702,-0.114270836
2403.01546,2024-03-03 15:47:43,Post-GPT,0.37664446,-0.14898212
1810.04671,2018-10-10 08:30:52,Pre-GPT,0.036696672,0.04743881
2305.0014,2023-04-29 01:21:23,Post-GPT,-0.23427334,0.18215106
2103.15452,2021-03-29 09:35:07,Pre-GPT,0.33941016,0.18874802
2107.04336,2021-07-09 10:08:06,Pre-GPT,-0.2915172,-0.043364093
1906.1233,2019-06-21 03:05:17,Pre-GPT,0.32173464,0.1706426
2405.20737,2024-05-31 09:59:49,Post-GPT,-0.18524656,-0.0731794
2304.14912,2023-04-26 07:33:54,Post-GPT,0.2952927,-0.07101604
2212.07463,2022-12-14 19:14:43,Post-GPT,-0.3043503,-0.115836486
2402.00156,2024-01-31 20:22:53,Post-GPT,0.16328931,0.10905732
2502.11077,2025-02-16 11:01:58,Post-GPT,-0.25946543,-0.17103775
2508.06427,2025-08-08 16:14:32,Post-GPT,-0.24698332,-0.2817615
2010.07643,2020-10-15 10:25:41,Pre-GPT,-0.13228087,-0.09701897
2410.17811,2024-10-23 12:15:10,Post-GPT,-0.2841565,0.08738388
1906.08243,2019-06-04 21:18:35,Pre-GPT,-0.17455068,-0.13191113
2503.19307,2025-03-25 03:13:23,Post-GPT,0.26507917,-0.11088352
2404.17095,2024-04-26 01:05:47,Post-GPT,0.0116095245,0.15728165
2303.14933,2023-03-27 06:17:10,Post-GPT,0.19358268,0.08614838
1804.08984,2018-04-24 12:26:37,Pre-GPT,-0.008605227,-0.062376924
2505.06447,2025-05-09 21:30:22,Post-GPT,-0.12746228,-0.17085135
2404.06484,2024-04-09 17:35:11,Post-GPT,0.11787799,0.12921883
2503.10589,2025-03-13 17:40:07,Post-GPT,0.3979853,-0.01688428
2503.15715,2025-03-19 21:52:18,Post-GPT,0.12823662,-0.13916813
2510.22371,2025-10-25 17:28:38,Post-GPT,0.27583084,0.268592
1902.04,2019-02-03 11:02:20,Pre-GPT,-0.15836701,-0.11765298
2502.13933,2025-02-19 18:12:34,Post-GPT,0.08268201,0.16864558
2306.14543,2023-06-26 09:31:45,Post-GPT,-0.07963755,-0.18221013
2112.06161,2021-12-12 06:11:16,Pre-GPT,0.35477027,0.056710977
2401.06971,2024-01-13 03:56:34,Post-GPT,0.14131021,-0.17286651
2402.09973,2024-02-15 14:29:21,Post-GPT,0.19736436,0.107637614
1803.03224,2018-03-08 17:45:14,Pre-GPT,-0.0951142,-0.23228678
1907.0175,2019-07-03 06:01:16,Pre-GPT,0.30618516,-0.0018504187
2410.08329,2024-10-10 19:32:17,Post-GPT,0.2680582,-0.3450184
2011.00641,2020-11-01 23:11:17,Pre-GPT,0.07579209,0.19797249
1811.07011,2018-11-16 19:59:29,Pre-GPT,0.037908435,-0.17751123
1805.00146,2018-05-01 01:13:09,Pre-GPT,-0.20380631,-0.062152274
2405.09414,2024-05-15 15:09:36,Post-GPT,-0.35993874,0.010100912
2408.16022,2024-08-27 08:20:35,Post-GPT,-0.029570207,0.020146694
2501.04365,2025-01-08 09:06:51,Post-GPT,-0.372369,0.27661473
2312.02722,2023-12-05 12:35:53,Post-GPT,-0.20890161,0.07197814
2509.26113,2025-09-30 11:30:46,Post-GPT,0.055943087,-0.35945827
1812.10335,2018-12-26 14:56:51,Pre-GPT,-0.13562778,-0.10901891
2402.16399,2024-02-26 08:49:17,Post-GPT,0.2659298,-0.047392074
2105.06485,2021-05-13 18:00:24,Pre-GPT,-0.15720856,-0.19876017
1909.03591,2019-09-09 02:11:59,Pre-GPT,0.15591633,-0.18605797
2510.26685,2025-10-30 16:55:40,Post-GPT,0.25243565,-0.03305713
2502.14421,2025-02-20 10:17:05,Post-GPT,-0.2939688,0.012933932
2409.18151,2024-09-25 11:20:26,Post-GPT,-0.35851008,-0.15491469
2210.00819,2022-10-03 11:04:24,Pre-GPT,-0.06937233,-0.047915563
2403.1652,2024-03-25 08:02:41,Post-GPT,0.32706392,-0.094875455
1912.01563,2019-12-01 09:24:06,Pre-GPT,0.0485951,0.021891367
2512.20029,2025-12-23 03:46:04,Post-GPT,0.24856785,0.107865945
1906.08889,2019-06-20 22:51:10,Pre-GPT,0.3570564,-0.13941537
2108.06094,2021-08-13 07:06:32,Pre-GPT,0.0066470206,0.096743405
2209.15257,2022-09-30 06:33:40,Pre-GPT,0.23535517,-0.1552547
2512.01022,2025-11-30 18:38:40,Post-GPT,0.2759619,-0.06263983
2009.097,2020-09-21 09:15:01,Pre-GPT,-0.2545941,-0.21041997
1907.00883,2019-07-01 15:55:36,Pre-GPT,0.32187295,0.111585274
1812.02833,2018-12-06 22:16:28,Pre-GPT,0.12146798,-0.0919721
1909.0938,2019-09-20 09:12:59,Pre-GPT,0.40625092,0.1754881
2401.1001,2024-01-18 14:26:14,Post-GPT,0.068857014,-0.072014846
2108.00384,2021-08-01 07:28:32,Pre-GPT,0.2439833,-0.09933016
1812.1125,2018-12-29 00:05:11,Pre-GPT,-0.34196436,-0.085673064
1903.11823,2019-03-28 08:11:23,Pre-GPT,-0.4114116,0.059207994
2404.16219,2024-04-24 21:35:12,Post-GPT,-0.11652084,0.03304024
2401.03435,2024-01-07 09:31:19,Post-GPT,-0.009121701,-0.072872266
2106.10432,2021-06-19 05:48:42,Pre-GPT,0.08333436,0.011216601
1904.06811,2019-04-15 02:46:26,Pre-GPT,-0.31161627,0.2829765
2406.09262,2024-06-13 16:02:03,Post-GPT,0.34106398,-0.1159513
1906.04229,2019-06-10 19:00:59,Pre-GPT,0.2056925,0.14903493
1807.00485,2018-07-02 06:36:36,Pre-GPT,-0.3619572,-0.024372468
2003.023,2020-03-04 19:29:48,Pre-GPT,-0.3219749,0.1718769
1803.0039,2018-03-01 14:44:40,Pre-GPT,-0.23888874,-0.32015812
1902.11047,2019-02-28 12:30:32,Pre-GPT,-0.15745588,-0.00719535
2005.1018,2020-05-20 16:41:07,Pre-GPT,0.078434154,0.23668148
2309.15538,2023-09-27 09:57:04,Post-GPT,-0.41463768,0.4201635
1805.0225,2018-05-06 17:44:07,Pre-GPT,-0.2928433,-0.17885752
2008.07135,2020-08-17 07:54:20,Pre-GPT,-0.13525714,-0.17254122
2306.03009,2023-06-05 16:19:48,Post-GPT,0.3561761,0.22243652
2308.07637,2023-08-15 08:33:53,Post-GPT,-0.3548133,-0.12311648
2311.09208,2023-11-15 18:51:48,Post-GPT,-0.33417007,0.23811282
2511.09568,2025-11-11 05:45:37,Post-GPT,0.06572202,-0.3501662
2405.06766,2024-05-10 18:37:04,Post-GPT,-0.102698,-0.092740834
2405.18123,2024-05-28 12:30:28,Post-GPT,0.16629037,-0.032309093
2206.01118,2022-06-02 16:00:11,Pre-GPT,0.27509844,-0.10993375
2404.07921,2024-04-11 17:05:50,Post-GPT,0.241272,0.27050543
2310.01294,2023-10-02 15:49:10,Post-GPT,-0.0759583,-0.33833325
2503.05524,2025-03-07 15:46:21,Post-GPT,-0.17145558,-0.23196504
2404.14424,2024-04-17 11:56:02,Post-GPT,-0.14905508,-0.19821139
2407.11976,2024-05-25 16:15:21,Post-GPT,0.022089496,0.0431731
2410.12266,2024-10-16 06:06:30,Post-GPT,0.31958833,-0.22396384
2506.01556,2025-06-02 11:34:11,Post-GPT,-0.29996476,0.19872509
2402.18699,2024-02-28 20:36:29,Post-GPT,0.28447482,-0.15048593
1811.03162,2018-11-07 22:05:07,Pre-GPT,-0.25063497,-0.17354077
2508.0938,2025-08-12 22:35:01,Post-GPT,-0.1997018,-0.09657334
1911.11398,2019-11-26 08:34:14,Pre-GPT,-0.27099872,-0.1628642
2307.10871,2023-07-20 13:42:15,Post-GPT,-0.06565699,-0.21695702
2401.01353,2023-12-06 09:37:45,Post-GPT,-0.10333131,0.13331802
2505.01235,2025-05-02 12:50:24,Post-GPT,0.2125974,-0.16827135
1806.08488,2018-06-22 04:06:53,Pre-GPT,-0.14712653,-0.13776007
2503.1758,2025-03-21 23:35:22,Post-GPT,-0.45840004,0.29410696
1912.09303,2019-12-18 15:35:38,Pre-GPT,0.2766117,0.07542685
1905.00799,2019-05-02 15:12:18,Pre-GPT,-0.060451537,0.16650514
2111.13756,2021-11-23 17:46:28,Pre-GPT,0.13358799,0.09070465
1912.11943,2019-12-26 22:48:51,Pre-GPT,-0.11394595,-0.13811249
2401.1356,2024-01-24 16:17:23,Post-GPT,0.30048147,-0.15153775
2510.032,2025-10-03 17:37:50,Post-GPT,0.38352075,0.16244562
2203.02956,2022-03-06 12:52:42,Pre-GPT,0.23231155,0.022185665
2410.21741,2024-10-29 04:58:07,Post-GPT,0.25830272,0.2501327
2509.17821,2025-09-22 14:14:59,Post-GPT,-0.40713206,-0.24277858
2410.11839,2024-10-15 17:59:06,Post-GPT,-0.030087471,-0.282157
2404.0204,2024-04-02 15:34:47,Post-GPT,0.039390713,0.1674866
1908.07203,2019-08-20 07:47:55,Pre-GPT,-0.29919228,-0.11782192
1802.04528,2018-02-13 09:51:41,Pre-GPT,0.3035284,0.045127545
2503.23813,2025-03-31 07:47:24,Post-GPT,-0.09897463,-0.001178313
2309.12147,2023-09-21 15:04:36,Post-GPT,-0.38759083,0.31972536
1910.05359,2019-10-11 18:16:55,Pre-GPT,-0.29615182,0.07614361
2302.05445,2023-02-10 18:59:38,Post-GPT,-0.33496124,0.097894385
2502.12558,2025-02-18 05:50:23,Post-GPT,0.35620114,0.0744811
2505.23143,2025-05-29 06:30:40,Post-GPT,0.42659137,0.07190141
2309.04069,2023-09-08 01:50:32,Post-GPT,0.16601181,-0.090679675
2407.05857,2024-07-08 12:05:53,Post-GPT,-0.16763107,0.08885242
2206.12443,2022-06-24 18:12:06,Pre-GPT,0.14510149,-0.20732908
2404.16571,2024-04-25 12:34:23,Post-GPT,0.23575562,-0.21919946
2412.18471,2024-12-24 14:56:49,Post-GPT,-0.122211374,-0.24812223
2403.02616,2024-03-05 03:11:02,Post-GPT,0.050283015,-0.105847076
2004.06593,2020-04-14 15:24:51,Pre-GPT,-0.36402246,0.1598746
2408.05972,2024-08-12 08:01:20,Post-GPT,-0.31096977,-0.30018592
1807.05013,2018-07-13 11:26:42,Pre-GPT,0.34956875,0.25537962
2512.19355,2025-12-22 12:54:32,Post-GPT,0.20292535,0.00044711307
2505.13045,2025-05-19 12:34:37,Post-GPT,-0.34872866,0.16089804
1805.08404,2018-05-22 05:35:20,Pre-GPT,-0.11637668,-0.31679985
2508.01176,2025-08-02 03:29:48,Post-GPT,-0.22373691,0.059258413
2304.02531,2023-04-05 15:52:07,Post-GPT,0.36226103,-0.017678872
2009.10297,2020-09-22 03:10:49,Pre-GPT,0.21989298,0.34188715
1908.09136,2019-08-24 13:29:03,Pre-GPT,0.013238937,-0.12682644
2503.17815,2025-03-22 16:38:00,Post-GPT,-0.3533828,0.26316738
2511.15854,2025-11-19 20:23:11,Post-GPT,0.048517153,-0.2432108
2506.13591,2025-06-16 15:18:26,Post-GPT,-0.28337508,0.18609491
2507.05315,2025-07-07 13:33:39,Post-GPT,0.26115027,-0.25165376
1807.03043,2018-07-09 11:12:16,Pre-GPT,0.30166927,-0.23087664
2005.06575,2020-05-13 20:30:39,Pre-GPT,-0.20117837,-0.16349374
2201.00043,2021-12-31 19:54:18,Pre-GPT,0.28300726,-0.10894126
1811.11538,2018-11-13 18:38:34,Pre-GPT,-0.05831746,-0.17819224
2505.07295,2025-05-12 07:31:48,Post-GPT,0.011220455,-0.008197203
2504.02094,2025-04-02 19:54:54,Post-GPT,0.37949345,-0.037110213
1806.02701,2018-06-07 14:27:15,Pre-GPT,-0.04042104,0.1758778
2405.18812,2024-05-29 06:55:03,Post-GPT,0.38459697,0.06887856
2409.05581,2024-09-09 13:07:39,Post-GPT,-0.15138502,-0.2079241
2203.16179,2022-03-30 10:01:01,Pre-GPT,-0.14547229,0.39711678
2307.12941,2023-07-24 17:11:39,Post-GPT,0.1499947,-0.11730936
2508.1272,2025-08-18 08:34:49,Post-GPT,0.2420856,-0.10824737
2209.09882,2022-09-20 17:36:28,Pre-GPT,0.26173818,-0.021061257
2505.04608,2025-05-07 17:53:47,Post-GPT,0.23269704,0.010355201
2002.10298,2020-02-24 14:58:39,Pre-GPT,0.005368978,-0.06782623
2303.1447,2023-03-25 13:53:02,Post-GPT,0.22316456,0.0076917484
2507.03688,2025-07-04 16:12:47,Post-GPT,-0.2926412,-0.2067753
2203.00512,2022-02-26 01:13:32,Pre-GPT,0.2892968,-0.12486036
1805.07824,2018-05-20 20:50:17,Pre-GPT,0.052358747,0.41934958
2012.14658,2020-12-29 08:39:30,Pre-GPT,-0.33625245,-0.07577659
2502.17427,2025-02-24 18:57:54,Post-GPT,-0.0049089044,0.026307885
2207.1372,2022-07-27 18:00:08,Pre-GPT,0.19873011,-0.33534193
2205.14005,2022-05-24 22:19:53,Pre-GPT,0.26632512,0.04763129
2503.04166,2025-03-06 07:25:52,Post-GPT,-0.324143,-0.16024967
2211.01637,2022-11-03 08:15:49,Pre-GPT,-0.41354483,-0.14848217
2309.16673,2023-07-01 22:35:04,Post-GPT,0.012001246,-0.15487422
2401.00777,2024-01-01 14:47:40,Post-GPT,-0.23169981,0.37098145
2112.01113,2021-12-02 10:38:52,Pre-GPT,0.19958171,-0.31977582
2311.11193,2023-11-19 01:00:59,Post-GPT,0.14863643,0.1724983
2110.04965,2021-10-11 02:25:36,Pre-GPT,-0.121177785,-0.17611143
1911.01137,2019-11-04 11:27:40,Pre-GPT,-0.33469135,0.3211247
2204.02827,2022-04-06 13:45:44,Pre-GPT,-0.19537762,0.07302363
1901.02759,2019-01-09 14:29:53,Pre-GPT,-0.09539223,-0.10885526
2512.21032,2025-12-24 07:55:54,Post-GPT,0.28366658,-0.15595852
2505.24775,2025-05-30 16:38:40,Post-GPT,-0.12558237,-0.15463376
2004.14996,2020-04-30 17:38:27,Pre-GPT,0.39269975,0.22885206
2501.14158,2025-01-24 01:07:58,Post-GPT,0.2562205,-0.25793394
2509.20841,2025-09-25 07:29:07,Post-GPT,0.35616916,-0.038570173
2211.04653,2022-11-09 03:01:49,Pre-GPT,-0.022471368,-0.31208873
2408.05224,2024-07-28 11:36:29,Post-GPT,-0.2491182,-0.17452992
1906.02236,2019-06-05 18:28:42,Pre-GPT,0.28560814,-0.13384417
1902.11025,2019-02-28 11:34:22,Pre-GPT,-0.09782857,-0.16991995
2404.06265,2024-04-09 12:44:34,Post-GPT,0.36625817,0.064183414
2505.02182,2025-05-04 17:02:10,Post-GPT,0.3778979,0.0574417
1811.06299,2018-11-15 11:40:42,Pre-GPT,-0.4368869,-0.04742317
1801.00377,2018-01-01 00:47:44,Pre-GPT,0.14500824,0.20306247
2406.10259,2024-06-10 18:06:33,Post-GPT,0.29969165,0.22282137
2409.15341,2024-09-09 21:09:47,Post-GPT,0.17127427,-0.012582805
2109.04208,2021-08-31 02:36:36,Pre-GPT,-0.32534555,-0.14173609
1806.11271,2018-06-29 05:43:38,Pre-GPT,-0.2107131,-0.009656731
1810.03358,2018-10-08 10:10:17,Pre-GPT,-0.020375878,-0.24861121
2012.12748,2020-12-23 15:35:34,Pre-GPT,-0.27739286,-0.067424394
2205.06337,2022-05-11 11:58:22,Pre-GPT,0.09598711,0.052708928
2403.18119,2024-03-26 21:50:09,Post-GPT,-0.13816,-0.22874142
1808.0247,2018-08-07 17:33:20,Pre-GPT,0.13802716,-0.18274279
1802.0524,2018-02-14 18:00:37,Pre-GPT,-0.09579378,-0.20586236
2401.13504,2024-01-24 14:53:06,Post-GPT,0.28791156,0.22302736
2212.14327,2022-12-29 14:45:02,Post-GPT,-0.27253586,-0.1252297
2008.05017,2020-08-11 22:08:27,Pre-GPT,-0.043860458,0.07700206
2512.07027,2025-12-07 22:41:47,Post-GPT,-0.24741618,-0.037338365
2503.1696,2025-03-21 09:09:58,Post-GPT,0.02042292,0.04470755
1907.09863,2019-07-23 13:19:46,Pre-GPT,-0.14902717,-0.18743414
2405.11642,2024-05-19 18:38:05,Post-GPT,-0.25881982,-0.3209738
2306.17317,2023-06-29 21:56:25,Post-GPT,0.016979292,-0.119777665
2111.10708,2021-11-21 01:08:43,Pre-GPT,-0.015424937,-0.05693486
2312.03439,2023-12-06 11:44:12,Post-GPT,-0.38717082,0.24077447
2310.06241,2023-10-10 01:35:54,Post-GPT,0.15820178,-0.30597734
2410.19877,2024-10-24 13:13:43,Post-GPT,0.35197523,-0.11049102
2511.22983,2025-11-28 08:44:50,Post-GPT,0.09452799,-0.23184958
1911.08479,2019-11-19 02:17:21,Pre-GPT,0.33131117,0.1468593
2103.14827,2021-03-27 07:16:26,Pre-GPT,-0.43468145,0.102343455
1809.07705,2018-09-19 09:44:04,Pre-GPT,-0.40167177,0.08445606
2203.14959,2022-03-18 14:59:22,Pre-GPT,0.026915222,-0.058465023
2506.02926,2025-06-03 14:26:29,Post-GPT,-0.12481723,-0.34309384
2103.14494,2021-03-26 14:35:05,Pre-GPT,-0.09497057,-0.16155031
2403.01741,2024-03-04 05:38:30,Post-GPT,-0.2981258,0.01494002
2506.20424,2025-06-25 13:37:51,Post-GPT,-0.022454813,-0.19727951
2302.11242,2023-02-22 09:47:09,Post-GPT,0.0129311085,-0.02705377
1811.07755,2018-11-19 15:48:12,Pre-GPT,0.24753013,-0.04997584
2311.15725,2023-11-27 11:19:15,Post-GPT,-0.26262957,-0.24724054
2310.12118,2023-10-18 17:14:41,Post-GPT,0.43465427,0.13586406
2508.11072,2025-08-14 21:05:50,Post-GPT,0.1639345,-0.041613042
2511.01381,2025-11-03 09:28:48,Post-GPT,0.20957515,-0.18240272
2202.07106,2022-02-15 00:26:59,Pre-GPT,0.106539726,0.012712983
2206.0732,2022-06-15 06:44:46,Pre-GPT,-0.39576587,0.17124785
2308.06712,2023-08-13 08:02:14,Post-GPT,0.43385664,0.16165954
2010.04819,2020-10-09 21:38:14,Pre-GPT,0.26569787,0.02092347
2309.11032,2023-09-20 03:28:22,Post-GPT,0.12597212,-0.15881099
2502.1978,2025-02-27 05:45:46,Post-GPT,-0.05609145,-0.10487665
1903.07512,2019-03-18 15:37:34,Pre-GPT,0.2735723,-0.0927932
2508.19855,2025-08-27 13:13:20,Post-GPT,0.17345712,0.29979104
2502.18015,2025-02-25 09:23:52,Post-GPT,0.20095149,-0.07671073
2510.01291,2025-10-01 04:49:43,Post-GPT,-0.071692646,-0.04587842
2511.23006,2025-11-28 09:14:15,Post-GPT,-0.33745712,0.11854245
2502.03103,2025-02-05 11:59:47,Post-GPT,0.379159,0.041105818
2312.09809,2023-12-15 14:07:08,Post-GPT,-0.29743823,0.23419102
2403.07124,2024-03-11 19:39:29,Post-GPT,0.17268509,-0.1293095
2503.14864,2025-03-19 03:42:20,Post-GPT,-0.28351265,0.037723135
2404.15661,2024-04-24 05:37:17,Post-GPT,0.04481052,-0.13323817
2306.06322,2023-06-10 00:13:09,Post-GPT,0.3159705,0.20986474
2410.22893,2024-10-30 10:40:57,Post-GPT,0.051173836,-0.051729057
2510.08347,2025-10-09 15:35:58,Post-GPT,-0.33152,0.056707773
2407.17076,2024-07-24 08:06:15,Post-GPT,-0.23512727,-0.2711066
2003.03423,2020-03-06 20:23:04,Pre-GPT,-0.019045152,0.05594727
2107.0488,2021-07-10 17:34:57,Pre-GPT,0.22730085,0.23298182
2506.05952,2025-06-06 10:26:54,Post-GPT,0.3798615,-0.038009696
2309.02873,2023-09-06 09:57:58,Post-GPT,0.2761934,-0.18675752
2501.0112,2025-01-02 07:39:48,Post-GPT,0.3736991,0.13095948
1910.11917,2019-10-25 19:58:52,Pre-GPT,0.14669564,-0.184319
2203.16692,2022-03-30 22:06:14,Pre-GPT,0.13068819,-0.37122524
1810.05083,2018-10-11 15:32:42,Pre-GPT,-0.26727173,0.084845126
2504.01029,2025-03-28 21:57:38,Post-GPT,0.11373755,0.19419804
2211.0219,2022-11-03 23:40:44,Pre-GPT,-0.34412128,0.2103904
2009.05939,2020-09-13 07:11:25,Pre-GPT,-0.053448215,-0.1106005
1908.04015,2019-08-12 06:06:59,Pre-GPT,0.2987487,-0.14435597
2405.15067,2024-05-23 21:35:22,Post-GPT,0.17296454,0.26102957
2301.1351,2023-01-31 09:54:20,Post-GPT,0.36432913,-0.12008773
1908.1022,2019-08-26 10:00:00,Pre-GPT,-0.33855236,-0.08218123
2010.02108,2020-10-05 15:48:31,Pre-GPT,-0.02583225,0.16834198
2407.14112,2024-07-19 08:29:23,Post-GPT,0.41305545,0.08621217
1901.04552,2019-01-14 20:29:45,Pre-GPT,-0.27652386,0.16577454
2006.10209,2020-06-18 00:12:36,Pre-GPT,-0.37487882,0.2490245
2009.10657,2020-09-22 16:22:50,Pre-GPT,-0.27980348,0.06946477
2311.02598,2023-11-05 08:45:26,Post-GPT,0.27462533,-0.03767991
1804.10914,2018-04-29 12:17:52,Pre-GPT,-0.07744573,-0.00294118
2406.16911,2024-06-06 10:07:19,Post-GPT,0.15605715,0.020977456
2301.0513,2023-01-12 16:32:08,Post-GPT,0.008446246,-0.023942977
2304.00804,2023-04-03 08:53:35,Post-GPT,-0.07773687,-0.17064272
2403.11483,2024-03-18 05:12:54,Post-GPT,0.2873037,0.12367152
2508.19224,2025-08-26 17:42:12,Post-GPT,-0.16880259,0.10006873
2101.09666,2021-01-24 07:28:14,Pre-GPT,0.404362,0.07980709
2202.05158,2022-02-06 11:35:47,Pre-GPT,0.3236282,-0.013614851
2401.10789,2024-01-19 16:21:50,Post-GPT,-0.011098489,-0.25894403
2401.17947,2024-01-31 15:56:10,Post-GPT,-0.26321688,0.050426465
1907.08926,2019-07-21 07:13:43,Pre-GPT,0.14412448,-0.09423843
2307.11544,2023-07-21 12:45:03,Post-GPT,0.060308486,0.11147678
2004.12799,2020-04-24 15:57:31,Pre-GPT,-0.22073928,-0.16234459
2208.06573,2022-08-13 05:16:40,Pre-GPT,0.309269,0.12198584
2509.05398,2025-09-05 14:45:01,Post-GPT,0.026264459,0.030021545
2102.05439,2021-02-01 18:48:06,Pre-GPT,0.11329523,0.24506049
2407.06873,2024-07-09 14:02:22,Post-GPT,-0.31914574,0.29672253
1906.01488,2019-06-04 14:56:56,Pre-GPT,-0.2709111,-0.25324416
2412.11119,2024-12-15 08:41:37,Post-GPT,0.32284656,-0.027191915
2507.13379,2025-07-15 10:46:20,Post-GPT,0.074201465,0.108573094
2103.16308,2021-03-30 12:56:39,Pre-GPT,-0.23746806,-0.22539216
2007.00968,2020-07-02 08:59:15,Pre-GPT,0.2398954,0.33351743
2312.15268,2023-12-23 14:36:27,Post-GPT,0.3462452,-0.08865675
2303.0415,2023-03-07 01:38:42,Post-GPT,0.27740824,-0.101760656
2508.19688,2025-08-27 08:52:35,Post-GPT,0.29011583,-0.09838484
2211.14589,2022-11-26 15:15:45,Pre-GPT,0.21848097,-0.08341929
2506.06562,2025-06-06 22:19:41,Post-GPT,0.16878414,-0.003518654
2103.01453,2021-03-02 03:39:41,Pre-GPT,0.14271057,0.06200559
2406.13061,2024-06-18 21:15:15,Post-GPT,-0.21081108,-0.12134026
2211.02423,2022-11-04 12:56:12,Pre-GPT,0.31073397,0.3977301
2303.04156,2023-03-07 17:26:18,Post-GPT,0.19069067,0.037008602
2401.03734,2024-01-08 08:54:04,Post-GPT,-0.045554757,0.09255247
2507.00819,2025-07-01 14:50:00,Post-GPT,-0.264055,-0.07705546
2003.0692,2020-03-15 20:53:50,Pre-GPT,0.20947722,0.14564545
2209.09192,2022-09-13 13:29:41,Pre-GPT,-0.32635316,0.16745116
1904.0732,2019-04-12 14:20:01,Pre-GPT,0.38946286,0.033129476
2502.14205,2025-02-20 02:35:17,Post-GPT,0.25352958,0.06901583
1808.00477,2018-08-01 18:00:26,Pre-GPT,-0.43695775,0.29685777
2203.15931,2022-03-29 22:20:34,Pre-GPT,-0.17883036,-0.08205189
1903.00686,2019-03-02 11:44:39,Pre-GPT,-0.035565242,0.21077774
1910.01623,2019-10-03 17:43:11,Pre-GPT,0.12895957,-0.05311573
2006.05702,2020-06-10 07:50:44,Pre-GPT,0.42186287,0.20528884
2112.15329,2021-12-31 07:35:04,Pre-GPT,0.26058236,-0.03024245
2401.11576,2024-01-21 19:53:17,Post-GPT,0.2415297,-0.10366404
2207.04118,2022-07-08 20:31:01,Pre-GPT,0.22288004,0.24849023
2209.03023,2022-09-07 09:40:40,Pre-GPT,-0.37225398,0.07812604
2503.07238,2025-03-10 12:20:29,Post-GPT,0.17158684,-0.14287286
1808.03007,2018-08-09 03:28:30,Pre-GPT,-0.14627147,-0.14325632
2201.08467,2022-01-20 22:03:38,Pre-GPT,-0.10701868,0.048507567
1910.06103,2019-10-14 12:40:53,Pre-GPT,-0.25865856,0.16702966
2509.22994,2025-09-26 23:09:56,Post-GPT,0.40725175,-0.09782718
2507.1366,2025-07-18 05:07:02,Post-GPT,0.06690937,-0.010495836
2002.10436,2020-02-24 18:33:03,Pre-GPT,-0.0949934,0.12526365
2109.05984,2021-09-13 14:00:39,Pre-GPT,-0.3431241,-0.008368664
2411.13259,2024-11-20 12:20:45,Post-GPT,-0.099880554,0.027449239
1907.09937,2019-07-21 18:49:33,Pre-GPT,-0.08143301,-0.1299255
2407.06442,2024-07-08 22:50:58,Post-GPT,-0.31034702,0.010000769
1911.06094,2019-11-14 13:56:16,Pre-GPT,-0.4531862,0.11678253
2210.08501,2022-10-16 10:17:26,Pre-GPT,-0.35085332,-0.25030252
2205.01287,2022-05-03 03:44:03,Pre-GPT,0.2431047,0.2808159
2307.14343,2023-05-26 11:44:35,Post-GPT,0.4082546,-0.03631778
2005.06746,2020-05-14 06:47:34,Pre-GPT,-0.2629946,0.077684045
2411.15305,2024-11-22 19:00:17,Post-GPT,-0.131039,-0.12161222
2409.044,2024-09-06 16:47:29,Post-GPT,-0.28814584,0.2313223
1805.10884,2018-05-28 12:11:03,Pre-GPT,0.4133179,0.041020114
2210.05598,2022-10-11 16:35:10,Pre-GPT,0.34621242,0.18227494
2106.02896,2021-06-05 13:40:53,Pre-GPT,0.30312285,0.10798322
2305.04963,2023-05-08 18:00:50,Post-GPT,0.24604419,0.16496089
1804.03858,2018-04-11 08:04:17,Pre-GPT,-0.3525545,0.21092503
1905.10494,2019-05-25 01:31:54,Pre-GPT,-0.17176636,0.30005324
2208.05055,2022-08-09 21:58:40,Pre-GPT,-0.21095702,-0.08321388
2311.1273,2023-11-21 17:10:14,Post-GPT,-0.16365702,0.017119579
1906.0991,2019-06-17 15:41:48,Pre-GPT,-0.124876775,-0.13909507
2510.22066,2025-10-24 23:04:05,Post-GPT,-0.21520245,0.013395797
2506.16236,2025-06-19 11:47:53,Post-GPT,-0.10754955,-0.1653979
2308.15609,2023-08-29 20:02:24,Post-GPT,0.3062932,-0.020447008
2105.04744,2021-05-11 01:48:40,Pre-GPT,-0.28047502,-0.08974947
2509.00302,2025-08-30 01:42:36,Post-GPT,-0.34221843,0.16330296
2505.08847,2025-05-13 15:27:06,Post-GPT,0.23418012,0.11275627
2301.00142,2022-12-31 07:27:01,Post-GPT,0.10983068,0.1709098
2106.01183,2021-06-02 14:26:37,Pre-GPT,0.3187489,0.23265135
2408.11309,2024-08-21 03:26:16,Post-GPT,0.3322768,-0.07861973
2206.03984,2022-06-08 16:02:47,Pre-GPT,-0.10134192,-0.25738764
2312.06568,2023-12-11 17:52:46,Post-GPT,0.2367588,0.077529326
1907.09426,2019-07-22 16:53:33,Pre-GPT,0.0366704,0.28305995
2301.10742,2023-01-25 18:05:32,Post-GPT,-0.17346354,-0.11035286
2306.13106,2023-06-19 12:57:17,Post-GPT,-0.15490684,-0.14597194
2502.14819,2025-02-20 18:39:41,Post-GPT,0.3812668,-0.12693134
2302.10554,2023-02-21 09:27:58,Post-GPT,-0.3935795,0.35309008
2409.03589,2024-09-05 14:45:59,Post-GPT,-0.049476296,-0.08664213
2508.06325,2025-08-05 20:34:25,Post-GPT,-0.04282579,-0.022554338
2210.13943,2022-10-25 11:54:05,Pre-GPT,-0.13416472,-0.10307561
2507.08227,2025-07-11 00:24:47,Post-GPT,0.31985107,0.010795422
2010.13152,2020-10-25 16:22:48,Pre-GPT,0.16821077,-0.094640106
2308.16582,2023-08-31 09:27:56,Post-GPT,0.2581174,-0.07771186
1805.11703,2018-05-26 15:11:16,Pre-GPT,0.32119706,-0.19912663
2503.00324,2025-03-01 03:20:42,Post-GPT,0.14122322,0.11765309
2504.18284,2025-04-25 11:52:06,Post-GPT,0.08024046,-0.15703274
2404.03756,2024-04-04 18:58:28,Post-GPT,-0.21310611,-0.22243737
2312.08361,2023-12-13 18:52:49,Post-GPT,0.24668464,0.15167792
2503.02162,2025-03-04 00:48:09,Post-GPT,0.29948768,-0.056114513
2402.19442,2024-02-29 18:43:52,Post-GPT,0.25224414,-0.062507585
2105.14704,2021-05-31 04:51:44,Pre-GPT,0.30279198,0.04652616
2303.05324,2023-03-09 15:14:05,Post-GPT,-0.14455992,-0.26912236
2406.07011,2024-06-11 07:10:45,Post-GPT,-0.19129153,0.1524018
2011.13365,2020-11-26 16:01:52,Pre-GPT,0.18485793,-0.15321149
1905.05652,2019-05-14 14:53:38,Pre-GPT,-0.0027409196,0.11220975
2511.19356,2025-11-24 17:56:03,Post-GPT,0.32160512,0.040599022
2504.11695,2025-04-16 01:40:06,Post-GPT,0.39988884,0.14771049
2205.14559,2022-05-29 02:34:25,Pre-GPT,-0.32168758,0.047808204
2103.00534,2021-02-28 15:18:13,Pre-GPT,-0.06492734,-0.18733853
2003.03147,2020-03-06 12:02:00,Pre-GPT,0.006634012,0.13580278
2104.14554,2021-04-29 17:59:01,Pre-GPT,0.1986647,-0.2556499
2005.11475,2020-05-23 05:24:50,Pre-GPT,0.39087906,0.09664315
1907.02813,2019-07-05 13:26:33,Pre-GPT,0.33420405,-0.008720919
2311.10905,2023-11-17 23:02:42,Post-GPT,0.20562947,0.1600836
2105.11971,2021-05-23 12:25:03,Pre-GPT,-0.30627435,0.096747115
2510.24024,2025-10-28 03:06:28,Post-GPT,0.32416025,0.119320005
2507.22022,2025-07-29 17:16:00,Post-GPT,0.13142177,-0.05147421
2511.03058,2025-11-04 22:56:33,Post-GPT,-0.2917077,-0.27608076
1905.13591,2019-05-31 12:57:45,Pre-GPT,-0.29686344,-0.047997013
2510.2095,2025-10-23 19:22:59,Post-GPT,-0.14898309,-0.25767365
2101.05582,2021-01-14 13:24:25,Pre-GPT,-0.2076999,-0.19859192
2308.13902,2023-08-26 15:16:47,Post-GPT,-0.1647632,-0.037112914
2305.19969,2023-05-31 15:55:09,Post-GPT,-0.38568342,0.2942245
2203.14016,2022-03-26 07:48:56,Pre-GPT,-0.26655608,-0.08671412
2505.18656,2025-05-24 11:49:21,Post-GPT,0.07453102,-0.001599418
2205.03788,2022-05-08 05:34:07,Pre-GPT,-0.060706005,0.009682624
2302.14618,2023-02-24 21:55:06,Post-GPT,0.02456209,-0.18288468
2312.09395,2023-12-14 23:16:12,Post-GPT,-0.09996108,0.18061799
1903.0022,2019-03-01 09:23:48,Pre-GPT,-0.09909895,-0.26365626
2202.00776,2022-02-01 21:43:53,Pre-GPT,-0.26943764,0.05380806
2407.00107,2024-06-27 11:11:19,Post-GPT,0.10798924,0.1856137
2202.00161,2022-02-01 00:36:29,Pre-GPT,0.33065885,-0.11605862
2206.15082,2022-06-30 07:30:55,Pre-GPT,-0.0535924,-0.11689998
1812.11674,2018-12-31 02:18:41,Pre-GPT,-0.34802118,-0.27144974
2310.01097,2023-10-02 11:12:02,Post-GPT,-0.15207781,0.08962831
2407.21677,2024-07-31 15:14:46,Post-GPT,-0.36198837,-0.049430147
2103.12312,2021-03-23 05:04:14,Pre-GPT,0.3350388,0.34778506
2501.10489,2025-01-17 11:52:50,Post-GPT,-0.05721364,-0.27826434
2505.20282,2025-05-26 17:58:30,Post-GPT,0.30074266,0.14794858
2401.04041,2024-01-08 17:26:49,Post-GPT,-0.36282113,-0.0029001199
2311.07152,2023-11-13 08:47:09,Post-GPT,0.38717952,-0.0026578028
2512.02272,2025-12-01 23:36:03,Post-GPT,0.26314795,-0.04252075
2407.0712,2024-07-07 14:53:05,Post-GPT,0.05342634,0.028212696
2110.00901,2021-10-03 01:03:25,Pre-GPT,0.12462857,0.03089146
2504.12503,2025-04-16 21:40:03,Post-GPT,0.40467104,-0.06482046
2108.13841,2021-08-31 13:52:07,Pre-GPT,-0.20503768,-0.24729031
2410.13599,2024-10-17 14:31:46,Post-GPT,0.2569083,-0.058638528
2301.05353,2023-01-13 01:26:23,Post-GPT,-0.25768882,-0.24517392
2402.09906,2024-02-15 12:12:19,Post-GPT,0.39415172,0.22392423
2308.04928,2023-08-09 12:54:27,Post-GPT,0.08286929,-0.008805156
2011.14402,2020-11-29 17:09:58,Pre-GPT,-0.07495014,0.03733355
1905.12297,2019-05-29 09:56:06,Pre-GPT,-0.3080285,-0.19066913
1910.11095,2019-10-24 13:46:17,Pre-GPT,0.20297107,-0.14217786
2403.16911,2024-03-25 16:29:49,Post-GPT,-0.106825426,-0.15384571
2108.13152,2021-08-30 12:22:47,Pre-GPT,-0.27051938,0.36047548
2407.19744,2024-07-29 07:13:12,Post-GPT,0.06916094,-0.049067955
2011.07241,2020-11-14 08:47:30,Pre-GPT,-0.35971296,0.2655818
2512.21235,2025-12-24 15:20:54,Post-GPT,0.29484534,0.10334501
2005.04414,2020-05-09 10:09:13,Pre-GPT,0.41368392,0.14039434
2102.08308,2021-02-16 17:49:31,Pre-GPT,0.0981486,0.08358762
2202.13227,2022-02-26 20:54:55,Pre-GPT,0.16296121,0.010274038
2510.07979,2025-10-09 09:13:11,Post-GPT,0.30852392,-0.0773714
2501.17166,2025-01-20 02:34:55,Post-GPT,0.081718385,-0.06184947
2207.12763,2022-07-26 09:15:37,Pre-GPT,0.16902843,0.046031464
2012.07012,2020-12-13 09:27:55,Pre-GPT,-0.13699451,-0.2946334
1905.06629,2019-05-16 09:57:11,Pre-GPT,-0.081750974,-0.32613462
2501.08288,2025-01-14 18:08:52,Post-GPT,-0.040576383,-0.30426818
2208.12911,2022-08-27 02:42:04,Pre-GPT,0.16339761,0.08966231
1812.03031,2018-12-07 14:12:46,Pre-GPT,-0.15780084,0.038581427
1906.05847,2019-06-13 17:48:21,Pre-GPT,0.007915929,-0.00033030473
2002.00083,2020-01-31 22:46:56,Pre-GPT,-0.3604863,0.32567662
2207.13967,2022-07-28 09:13:35,Pre-GPT,-0.4483311,0.28193432
2310.12236,2023-10-18 18:19:45,Post-GPT,0.3561603,0.15755512
1901.09712,2019-01-28 14:54:47,Pre-GPT,0.18104741,-0.09584221
2502.10844,2025-02-15 16:18:58,Post-GPT,0.03270285,0.15290077
1810.08288,2018-10-18 22:11:35,Pre-GPT,-0.31999385,0.23825844
2405.15592,2024-05-24 14:24:49,Post-GPT,-0.22900951,-0.01937795
2509.04065,2025-09-04 09:54:46,Post-GPT,0.02160117,-0.098633334
2509.15414,2025-09-18 20:41:40,Post-GPT,0.34662673,-0.030297041
2505.01131,2025-05-02 09:18:25,Post-GPT,-0.3034821,0.27011386
2510.24933,2025-10-28 19:58:24,Post-GPT,-0.105667695,-0.04405635
2512.13724,2025-12-13 06:55:20,Post-GPT,0.118038416,-0.038998146
2507.16515,2025-07-22 12:25:00,Post-GPT,0.17092502,0.20261432
2509.09805,2025-09-11 19:16:31,Post-GPT,0.09332296,-0.22198634
2003.1091,2020-03-23 15:50:32,Pre-GPT,-0.019799277,-0.06728071
2310.1882,2023-10-28 20:56:43,Post-GPT,-0.025160559,0.014269011
2507.19116,2025-07-25 09:51:12,Post-GPT,0.051358342,0.059771027
2502.13092,2025-02-18 17:59:48,Post-GPT,0.4087917,0.26115906
2407.01909,2024-07-02 03:16:47,Post-GPT,0.3082672,0.16684495
1906.02136,2019-05-23 14:48:39,Pre-GPT,0.06419508,0.32358828
2507.20006,2025-07-26 16:55:01,Post-GPT,0.15542683,-0.0057797525
1908.06616,2019-08-19 07:09:05,Pre-GPT,0.43060502,0.02758576
2307.12216,2023-07-23 03:35:24,Post-GPT,-0.076461,-0.07659057
2407.03326,2024-05-04 05:55:51,Post-GPT,-0.17217748,-0.24172619
2005.08274,2020-05-17 15:12:23,Pre-GPT,-0.11170031,-0.049793232
2506.01243,2025-06-02 01:43:18,Post-GPT,0.051089987,-0.25456893
2510.03758,2025-10-04 09:51:00,Post-GPT,0.29259312,0.100057974
2512.04414,2025-12-04 03:19:29,Post-GPT,-0.2946945,0.19986276
2507.07396,2025-07-10 03:26:24,Post-GPT,0.2644396,-0.08007023
2507.15636,2025-07-21 13:58:24,Post-GPT,0.47708318,0.06482166
1908.09952,2019-08-26 22:50:25,Pre-GPT,-0.31821725,0.06259747
2306.03979,2023-06-06 19:32:47,Post-GPT,-0.23946136,-0.21957271
2601.199,2025-10-27 18:26:03,Post-GPT,0.275977,-0.08901477
1808.01153,2018-08-03 11:02:26,Pre-GPT,0.41719702,0.08301966
2101.01505,2021-01-05 13:42:41,Pre-GPT,0.14389548,-0.22000746
2402.15203,2024-02-23 09:05:57,Post-GPT,-0.13150969,-0.09390852
1906.02272,2019-06-05 19:37:48,Pre-GPT,0.07210058,0.009471498
2306.04429,2023-06-07 13:40:20,Post-GPT,0.15737247,0.06895693
2408.10578,2024-08-20 06:36:40,Post-GPT,0.3673549,0.08892302
2002.1016,2020-02-24 10:54:04,Pre-GPT,-0.19812948,-0.008792549
2403.1434,2024-03-21 12:14:02,Post-GPT,0.3850852,0.11314945
2303.17316,2023-03-30 12:09:35,Post-GPT,0.41613212,-0.04073319
2301.03397,2023-01-05 15:35:55,Post-GPT,-0.17828912,-0.2035002
2504.04791,2025-04-07 07:35:41,Post-GPT,0.089563906,-0.09598793
2505.0465,2025-05-06 18:53:34,Post-GPT,0.42824802,0.13188927
2101.06415,2021-01-16 09:24:25,Pre-GPT,-0.01119186,-0.17514624
2310.02161,2023-10-03 15:48:22,Post-GPT,0.2931283,0.33748394
2510.21336,2025-10-24 11:02:38,Post-GPT,-0.30081165,-0.18724161
2009.12238,2020-09-25 13:52:01,Pre-GPT,-0.31771854,-0.12069164
2403.04159,2024-03-07 02:31:57,Post-GPT,-0.27812994,0.00105826
1804.04532,2018-04-12 14:25:58,Pre-GPT,-0.16878676,-0.16650918
2305.15828,2023-05-25 08:14:32,Post-GPT,0.047781378,-0.20895821
2504.00545,2025-04-01 08:51:53,Post-GPT,-0.29568568,0.11450708
2411.11247,2024-11-18 02:35:15,Post-GPT,0.33522353,0.36506525
1904.12638,2019-04-24 08:50:05,Pre-GPT,0.38010553,0.08993904
2302.00095,2023-01-31 20:53:50,Post-GPT,-0.02529794,-0.10943626
2306.10695,2023-06-19 04:33:44,Post-GPT,0.3159695,-0.0746945
2407.21182,2024-07-30 20:44:31,Post-GPT,-0.08291556,-0.29262015
1909.11762,2019-09-25 20:49:11,Pre-GPT,-0.02509752,0.14025898
2508.02289,2025-08-04 10:57:33,Post-GPT,-0.05599942,-0.18126689
2510.05283,2025-10-06 18:53:23,Post-GPT,0.44209424,0.09172405
2304.11313,2023-04-22 04:35:40,Post-GPT,0.37373343,-0.026700558
2008.07055,2020-08-17 01:43:59,Pre-GPT,0.17394099,0.07128939
1803.10219,2018-03-25 04:46:17,Pre-GPT,0.29763553,-0.14475791
2010.07761,2020-10-15 14:04:03,Pre-GPT,0.33923677,0.23864116
2307.09927,2023-07-19 12:04:09,Post-GPT,-0.3026117,0.3245942
1907.03093,2019-07-06 07:49:30,Pre-GPT,0.047938854,-0.200256
2009.03054,2020-09-07 12:18:57,Pre-GPT,-0.34476382,-0.14936142
2204.07436,2022-04-15 12:18:16,Pre-GPT,0.15656686,0.21491186
2210.02616,2022-10-06 00:32:59,Pre-GPT,0.04365015,0.039835762
2105.08598,2021-05-18 15:29:12,Pre-GPT,0.049042583,-0.10012047
2404.09099,2024-04-13 23:17:47,Post-GPT,-0.2539358,-0.23002394
2007.13168,2020-07-26 16:21:20,Pre-GPT,-0.12809277,-0.07779811
1804.10982,2018-04-29 19:41:07,Pre-GPT,0.06174852,0.19145872
2511.16524,2025-11-20 16:37:07,Post-GPT,0.2637709,-0.03373643
2405.03517,2024-05-06 14:33:14,Post-GPT,-0.35254776,0.067487955
2002.10503,2020-02-24 19:34:59,Pre-GPT,-0.34437457,0.13180052
2504.21719,2025-04-30 15:05:20,Post-GPT,-0.096180126,-0.22029945
2302.08031,2023-02-16 02:16:08,Post-GPT,-0.058023497,-0.1469191
1902.02472,2019-02-07 04:30:20,Pre-GPT,-0.139233,-0.06838564
2512.05318,2025-12-04 23:28:23,Post-GPT,0.4004692,0.24877478
2510.25794,2025-10-28 21:54:37,Post-GPT,-0.39952618,0.1539949
2403.16501,2024-03-25 07:34:42,Post-GPT,0.41550222,0.17070718
2211.10991,2022-11-20 14:37:53,Pre-GPT,0.36748627,0.31335843
2409.00894,2024-09-02 02:11:52,Post-GPT,0.2666895,-0.15220012
2510.0624,2025-10-03 06:52:59,Post-GPT,0.34977382,0.1393319
2302.0441,2023-02-09 02:37:48,Post-GPT,0.36295137,-0.1136722
2303.10105,2023-03-17 16:31:26,Post-GPT,-0.16448867,0.12286681
2306.00731,2023-04-27 14:37:38,Post-GPT,-0.2776037,-0.1560359
2101.10389,2021-01-25 20:19:36,Pre-GPT,-0.23471329,0.260479
2511.21378,2025-11-26 13:25:36,Post-GPT,0.29887763,-0.08185591
2303.03984,2023-03-07 15:33:12,Post-GPT,0.09537098,-0.14592712
2404.09788,2024-04-15 13:44:01,Post-GPT,0.105895475,-0.08133344
2003.02791,2020-03-05 17:40:37,Pre-GPT,0.11046624,-0.024785392
2403.01932,2024-03-04 11:02:17,Post-GPT,0.17154393,-0.046187624
2512.0331,2025-12-02 23:46:42,Post-GPT,0.23750564,0.2740268
2511.02881,2025-11-04 09:02:52,Post-GPT,-0.04346694,0.12260191
1902.10749,2019-02-27 19:37:08,Pre-GPT,-0.315686,-0.20073317
2510.12759,2025-10-14 17:37:17,Post-GPT,-0.35339093,-0.24005115
2301.01426,2023-01-04 03:40:45,Post-GPT,-0.20618406,-0.21364023
2512.17942,2025-12-13 05:52:25,Post-GPT,0.21680632,-0.18921219
2410.2094,2024-10-28 11:46:30,Post-GPT,0.28306887,0.2754931
2004.01759,2020-04-03 20:18:42,Pre-GPT,0.069881886,0.05963314
2411.16149,2024-11-25 07:19:06,Post-GPT,-0.124319404,0.22306395
2510.13634,2025-10-15 14:58:58,Post-GPT,0.13044244,-0.22089218
1907.03307,2019-07-07 15:22:59,Pre-GPT,-0.35783857,0.21333589
2204.03905,2022-04-08 08:07:42,Pre-GPT,0.40274003,0.19634517
2402.01533,2024-02-02 16:23:50,Post-GPT,0.29223529,-0.174936
1903.08912,2019-03-21 10:30:47,Pre-GPT,0.26312527,-0.17872746
2506.19301,2025-06-24 04:17:10,Post-GPT,-0.14294505,-0.07127613
2105.0674,2021-05-14 10:03:49,Pre-GPT,0.0009990782,-0.12378298
2507.19624,2025-07-25 18:43:09,Post-GPT,-0.4481964,-0.013485014
2410.13585,2024-10-17 14:21:22,Post-GPT,0.3557569,0.09531434
1903.12496,2019-03-29 13:01:10,Pre-GPT,-0.2834266,-0.06498319
1912.02776,2019-12-05 18:14:22,Pre-GPT,-0.27284992,-0.10038139
1911.07451,2019-11-18 06:55:08,Pre-GPT,0.35495925,-0.015476596
2101.09203,2021-01-22 16:48:02,Pre-GPT,-0.18663862,-0.03578969
2110.15242,2021-10-28 15:59:09,Pre-GPT,-0.22271183,-0.089350104
2304.04083,2023-04-08 19:06:36,Post-GPT,0.3427549,0.07348482
2205.09404,2022-05-19 09:07:06,Pre-GPT,-0.12726256,0.15485446
2205.08023,2022-05-16 23:27:40,Pre-GPT,-0.42783055,-0.14871235
2002.12205,2020-02-27 15:51:23,Pre-GPT,-0.41913852,0.31723142
2106.00631,2021-06-01 16:47:41,Pre-GPT,-0.46598494,0.34747452
2305.08485,2023-05-15 09:42:45,Post-GPT,-0.19396298,-0.06493226
2106.02201,2021-06-04 01:38:26,Pre-GPT,-0.15561208,-0.019458417
2412.09953,2024-12-13 08:22:20,Post-GPT,-0.1978096,-0.19268511
2404.11631,2024-04-17 02:05:58,Post-GPT,-0.0039493144,-0.25033054
2506.14044,2025-06-16 22:35:48,Post-GPT,-0.14680365,-0.11845885
2012.09416,2020-12-17 06:57:33,Pre-GPT,-0.32107997,0.13932936
2503.06576,2025-03-09 12:11:25,Post-GPT,-0.12700008,-0.18168592
2202.04167,2022-02-08 22:06:16,Pre-GPT,0.046026126,-0.018250894
1911.11617,2019-11-25 08:58:28,Pre-GPT,-0.25817305,0.18864337
2504.11858,2025-04-16 08:29:46,Post-GPT,0.35801145,-0.1968642
2503.2212,2025-03-28 03:47:28,Post-GPT,0.22113666,0.02501091
2311.15284,2023-11-26 12:56:59,Post-GPT,-0.048533224,-0.19365783
2502.07019,2025-02-10 20:25:34,Post-GPT,-0.1305058,-0.23852931
2401.05422,2023-12-30 09:24:19,Post-GPT,0.14240089,-0.19524895
2303.01842,2023-03-03 10:51:06,Post-GPT,-0.09768603,-0.17201842
2003.08333,2020-03-18 16:59:46,Pre-GPT,0.39769182,0.05213706
2308.10869,2023-08-17 01:15:26,Post-GPT,0.2385318,-0.097256914
2310.20409,2023-10-31 12:32:32,Post-GPT,0.07252164,-0.07214455
2103.00455,2021-02-28 11:10:32,Pre-GPT,0.26385668,0.31146517
2507.19151,2025-07-25 10:47:39,Post-GPT,0.18920854,-0.103264704
2110.1369,2021-10-26 13:28:12,Pre-GPT,0.058393076,-0.076892376
2409.18462,2024-09-27 05:50:29,Post-GPT,0.3020967,-0.0889231
2507.04654,2025-07-07 04:17:33,Post-GPT,-0.041341975,-0.2706345
1911.11546,2019-11-26 14:09:16,Pre-GPT,-0.3766834,-0.046295386
1911.07184,2019-11-17 08:27:26,Pre-GPT,0.2568071,0.12543721
2102.03381,2021-02-05 19:07:10,Pre-GPT,0.38901064,-0.009919574
2408.11083,2024-08-20 17:36:27,Post-GPT,-0.15852176,0.041390974
1812.06735,2018-12-17 12:55:55,Pre-GPT,-0.37078586,0.3187309
2309.09044,2023-09-16 16:50:38,Post-GPT,-0.17111483,-0.14190075
2203.14586,2022-03-28 08:57:25,Pre-GPT,-0.007132232,-0.14346477
2410.14898,2024-10-18 22:52:17,Post-GPT,0.1499395,-0.028655931
2405.0629,2024-05-10 07:45:10,Post-GPT,-0.014541835,-0.1595812
2407.16713,2024-07-22 23:42:43,Post-GPT,-0.14906015,0.18820955
2505.1507,2025-05-21 03:35:51,Post-GPT,0.19736302,0.24308105
2108.06814,2021-08-15 20:55:19,Pre-GPT,-0.30132586,0.3273102
2211.09704,2022-10-30 01:07:40,Pre-GPT,-0.2932444,-0.16026391
2402.18444,2024-02-28 16:13:55,Post-GPT,-0.16157143,-0.11571212
2503.11952,2025-03-15 01:47:35,Post-GPT,-0.35002214,0.17178662
2308.07452,2023-08-14 20:46:16,Post-GPT,0.15115514,-0.029364742
2112.12107,2021-12-22 18:10:04,Pre-GPT,-0.29073665,0.047595594
2506.10667,2025-06-12 12:56:46,Post-GPT,-0.3000154,0.13721408
2403.10185,2024-03-15 10:46:00,Post-GPT,0.15231213,0.32277143
2506.11293,2025-06-12 20:53:49,Post-GPT,0.10970771,-0.2337964
2404.02482,2024-04-03 05:42:27,Post-GPT,0.018061891,-0.14590149
2206.12216,2022-06-24 11:24:42,Pre-GPT,0.04403624,-0.14403592
2511.20862,2025-11-25 21:18:38,Post-GPT,-0.16690485,0.1503893
2012.11648,2020-12-21 19:21:12,Pre-GPT,-0.23033005,0.14903612
2405.05041,2024-05-08 13:26:35,Post-GPT,-0.1396058,-0.24620779
2406.1726,2024-06-25 03:56:33,Post-GPT,0.32422766,0.26565525
2509.13019,2025-09-16 12:45:28,Post-GPT,-0.013669647,0.26826906
2003.08545,2020-03-19 02:52:46,Pre-GPT,-0.3271441,0.031870905
2501.04696,2025-01-08 18:58:24,Post-GPT,0.44975552,0.11787775
2508.01979,2025-08-04 01:37:23,Post-GPT,-0.16310996,-0.17084023
2512.23466,2025-12-29 13:47:55,Post-GPT,-0.18599468,-0.25313005
2103.12624,2021-03-23 15:24:50,Pre-GPT,0.10252045,-0.17240353
2303.03622,2023-03-07 03:09:35,Post-GPT,-0.23204613,-0.22383042
2002.01389,2020-02-04 16:14:59,Pre-GPT,-0.24339688,-0.14249527
2407.10351,2024-07-14 22:31:07,Post-GPT,0.18437958,0.3617053
2504.10703,2025-04-14 20:52:13,Post-GPT,-0.20397851,0.28154057
2009.04769,2020-09-10 11:03:12,Pre-GPT,0.0958772,-0.02459525
2507.01286,2025-07-02 01:58:27,Post-GPT,-0.080806494,-0.06694974
2109.00348,2021-08-29 23:58:18,Pre-GPT,-0.07997163,0.19856717
2504.20134,2025-04-28 18:00:00,Post-GPT,-0.17634627,-0.17404892
2511.202,2025-11-25 11:24:14,Post-GPT,0.38114998,0.16381387
2509.011,2025-09-01 03:41:29,Post-GPT,-0.26847777,0.0006990321
2504.14188,2025-04-19 05:24:40,Post-GPT,0.24524224,0.10119991
2307.1655,2023-07-31 10:30:24,Post-GPT,-0.12734732,-0.2755516
2204.0934,2022-04-20 09:21:52,Pre-GPT,-0.15488142,-0.09417106
2509.18934,2025-09-23 12:52:05,Post-GPT,0.21994278,0.22708063
1909.07879,2019-09-17 15:12:44,Pre-GPT,-0.033211306,-0.25359625
1906.02271,2019-06-05 19:37:00,Pre-GPT,-0.26021147,-0.005827319
2111.05413,2021-11-09 20:48:00,Pre-GPT,-0.012246236,-0.09065065
2407.21079,2024-07-30 00:16:58,Post-GPT,-0.30706552,0.039987218
2501.04434,2025-01-08 11:30:12,Post-GPT,-0.15776114,-0.16152374
1809.0268,2018-09-07 21:24:01,Pre-GPT,-0.029077336,0.09681074
2301.09516,2023-01-23 16:05:51,Post-GPT,0.13131335,-0.11222501
1806.003,2018-06-01 11:57:17,Pre-GPT,-0.22994176,-0.0053958558
1908.04596,2019-08-13 12:03:44,Pre-GPT,-0.11014125,-0.12545885
2104.09392,2021-04-19 15:32:26,Pre-GPT,-0.1587996,-0.03267084
2305.16797,2023-05-26 10:19:04,Post-GPT,0.41439113,0.14791407
1804.01899,2018-04-05 15:10:51,Pre-GPT,-0.31178784,-0.14969178
2411.13582,2024-11-16 10:48:32,Post-GPT,0.45604125,-0.11316466
2412.0121,2024-12-02 07:28:10,Post-GPT,-0.13510343,-0.12935065
2202.02391,2022-01-31 16:41:25,Pre-GPT,-0.24455948,-0.33434257
2112.04563,2021-12-08 20:08:45,Pre-GPT,-0.1878851,-0.32478803
2407.21416,2024-07-31 08:04:32,Post-GPT,0.3428813,-0.047056742
1909.0767,2019-09-17 09:28:42,Pre-GPT,0.36670384,-0.13906707
2505.24694,2025-05-30 15:16:44,Post-GPT,0.018906176,-0.09902467
1801.07021,2018-01-22 10:12:29,Pre-GPT,-0.33909824,0.20796935
2212.13441,2022-12-27 10:40:54,Post-GPT,-0.35411403,0.093470514
2507.04691,2025-07-07 06:13:56,Post-GPT,-0.33042565,0.27150482
2205.14231,2022-05-27 20:52:02,Pre-GPT,-0.11694645,0.011127606
2412.04213,2024-12-05 14:47:38,Post-GPT,0.36117467,-0.22622092
2502.1252,2025-02-18 04:09:46,Post-GPT,0.3842844,0.16107687
2504.11172,2025-04-15 13:20:35,Post-GPT,0.30231923,-0.021591218
2009.0109,2020-09-02 14:04:28,Pre-GPT,0.088987425,-0.30514407
2511.2289,2025-11-28 05:41:34,Post-GPT,0.036138296,-0.25185618
2006.08852,2020-06-16 01:04:26,Pre-GPT,0.44412997,-0.043553032
2204.0622,2022-04-13 07:46:21,Pre-GPT,-0.16398916,-0.0054976717
2307.03963,2023-07-08 12:25:17,Post-GPT,-0.25355393,-0.04115686
1805.01922,2018-05-04 19:45:58,Pre-GPT,-0.103949755,-0.23516954
2205.11127,2022-05-23 08:34:25,Pre-GPT,0.054556698,0.22147846
2106.06106,2021-06-11 01:14:41,Pre-GPT,-0.1812026,-0.15218158
2211.00748,2022-11-01 21:06:11,Pre-GPT,0.3485888,-0.008675509
2505.08919,2025-05-13 19:31:01,Post-GPT,0.25917587,-0.20453934
2308.10822,2023-08-14 03:20:28,Post-GPT,0.3138809,0.09288688
2010.08584,2020-10-16 18:27:48,Pre-GPT,0.3019667,-0.06685732
1902.0327,2019-02-08 19:48:47,Pre-GPT,-0.25068945,-0.21766995
2406.08609,2024-06-12 19:36:45,Post-GPT,-0.30858105,0.2679484
2306.09213,2023-06-15 15:50:01,Post-GPT,-0.43465886,-0.06708279
2401.0057,2023-12-31 19:17:02,Post-GPT,-0.29892734,0.25028214
2012.06444,2020-12-11 16:08:50,Pre-GPT,0.34936222,-0.039024156
2202.03465,2022-02-07 19:08:08,Pre-GPT,-0.167405,-0.16461034
2308.12337,2023-08-23 18:00:02,Post-GPT,-0.22116882,0.14335243
2209.01069,2022-08-31 09:27:29,Pre-GPT,-0.26581255,0.10379237
1909.05455,2019-09-12 05:02:13,Pre-GPT,-0.028664947,-0.19563526
2112.07703,2021-12-14 19:10:34,Pre-GPT,0.17147669,-0.3170176
2506.08673,2025-06-10 10:33:21,Post-GPT,0.13025287,0.2119533
1903.01966,2019-03-05 18:18:41,Pre-GPT,0.035681576,0.3188424
2005.10417,2020-05-21 01:40:32,Pre-GPT,-0.32650977,-0.21412583
1810.06716,2018-10-15 21:53:42,Pre-GPT,-0.29558384,-0.21114734
1905.10454,2019-05-24 21:33:13,Pre-GPT,-0.17698275,-0.14061467
2307.08478,2023-07-17 13:36:55,Post-GPT,-0.33734137,0.08824974
1907.06814,2019-07-16 02:42:19,Pre-GPT,0.038310826,-0.15396184
2311.15729,2023-11-27 11:26:45,Post-GPT,-0.34360003,-0.047684804
2108.04283,2021-08-09 18:19:13,Pre-GPT,-0.069686756,-0.059027858
2403.06012,2024-03-09 21:23:40,Post-GPT,0.031600654,0.2354884
2506.10421,2025-06-12 07:20:54,Post-GPT,0.08561087,0.24746929
2512.21073,2025-12-24 09:35:23,Post-GPT,-0.3136673,0.27641577
2112.06743,2021-12-13 15:49:36,Pre-GPT,0.37886992,0.18568504
2106.02749,2021-06-04 22:48:13,Pre-GPT,0.44643286,-0.11752918
2206.02095,2022-06-05 04:49:58,Pre-GPT,0.17121306,-0.112593964
1807.0346,2018-07-10 03:21:51,Pre-GPT,-0.18337366,-0.21493037
2002.08546,2020-02-20 03:13:58,Pre-GPT,0.42300138,0.12772803
2306.08187,2023-06-14 01:03:12,Post-GPT,-0.32034117,0.09272826
2212.14811,2022-12-23 17:41:45,Post-GPT,-0.14253052,0.0007929392
2510.16682,2025-10-19 01:33:31,Post-GPT,-0.10496407,-0.25703302
1810.09964,2018-10-23 16:52:01,Pre-GPT,-0.22151084,-0.28025925
2509.23128,2025-09-27 05:22:53,Post-GPT,0.070838094,-0.07090986
2401.05707,2024-01-11 07:18:46,Post-GPT,0.2860203,0.29604954
2405.16292,2024-05-25 16:06:21,Post-GPT,-0.07388448,-0.06527941
2405.05597,2024-05-09 07:37:37,Post-GPT,-0.10880355,-0.021707201
2505.18071,2025-05-23 16:16:46,Post-GPT,0.3434497,0.20515044
2507.23631,2025-07-31 15:09:53,Post-GPT,-0.2057443,-0.21686243
2309.00816,2023-09-02 03:59:06,Post-GPT,0.19944552,0.043014966
1806.01325,2018-06-04 18:57:29,Pre-GPT,-0.07116391,0.060001295
2510.06185,2025-10-07 17:45:20,Post-GPT,-0.17099461,0.1678286
2404.12388,2024-04-18 17:59:53,Post-GPT,0.23456696,-0.030034043
2306.15259,2023-06-27 07:38:20,Post-GPT,-0.10266508,0.08025637
2503.03621,2025-03-05 15:59:17,Post-GPT,-0.36372828,0.14871486
2104.00842,2021-04-02 01:26:26,Pre-GPT,0.123271525,0.035168294
2209.15272,2022-09-30 07:22:21,Pre-GPT,-0.2819326,-0.11281769
1904.01264,2019-04-02 07:51:41,Pre-GPT,-0.3296727,0.2954721
2205.06915,2022-05-13 22:24:40,Pre-GPT,0.049998865,0.09696679
2402.10995,2024-02-16 15:03:53,Post-GPT,-0.18950517,-0.33783704
2108.0028,2021-07-31 16:25:10,Pre-GPT,-0.27192402,0.10573912
2301.00583,2023-01-02 10:15:54,Post-GPT,-0.14865729,-0.14119066
1908.04326,2019-08-12 18:29:28,Pre-GPT,-0.18189186,-0.019583106
2505.14338,2025-05-20 13:23:57,Post-GPT,-0.01494132,-0.00015273876
2306.01328,2023-06-02 07:49:23,Post-GPT,0.16935864,0.10104874
1911.04075,2019-11-11 04:58:35,Pre-GPT,-0.32995093,0.12820481
1804.10285,2018-04-26 21:38:21,Pre-GPT,-0.14479798,0.24056967
2502.00428,2025-02-01 13:33:45,Post-GPT,0.07167637,0.13835476
1908.06314,2019-08-17 15:35:51,Pre-GPT,0.39407852,-0.091199696
2102.10025,2021-02-19 16:51:07,Pre-GPT,0.10762417,-0.19367592
2106.06733,2021-06-12 10:08:52,Pre-GPT,0.38313714,-0.13206063
2302.00065,2023-01-20 14:28:09,Post-GPT,-0.01459229,-0.34750825
2408.02179,2024-08-05 01:38:36,Post-GPT,-0.2748982,0.014221132
1811.01619,2018-11-05 11:33:29,Pre-GPT,-0.04988554,-0.099737704
2511.19236,2025-11-24 15:48:59,Post-GPT,0.3212827,0.02390837
2101.0337,2021-01-09 14:41:46,Pre-GPT,-0.41384467,-0.03943161
2406.14921,2024-06-21 07:32:29,Post-GPT,-0.23897433,-0.10300529
2008.11817,2020-08-25 06:28:02,Pre-GPT,-0.03639453,0.080780745
2502.04808,2025-02-07 10:23:32,Post-GPT,-0.17647833,-0.31125873
2503.15235,2025-03-19 14:13:02,Post-GPT,0.24459669,0.33923233
1906.07822,2019-06-18 21:42:53,Pre-GPT,-0.12462267,-0.18791023
2202.03434,2022-02-07 15:00:02,Pre-GPT,0.26465002,-0.11982234
1805.03965,2018-05-10 13:29:06,Pre-GPT,-0.18617618,-0.16235813
2005.10496,2020-05-21 07:29:23,Pre-GPT,-0.10187695,0.23668675
2405.16767,2024-05-27 02:32:16,Post-GPT,-0.09675415,0.09886336
1911.021,2019-11-05 21:47:27,Pre-GPT,-0.30376244,0.24000661
2511.04792,2025-11-06 20:23:41,Post-GPT,0.12348735,-0.13718605
1907.0395,2019-07-09 03:08:41,Pre-GPT,0.44547936,0.07644898
1905.07763,2019-05-19 16:13:32,Pre-GPT,-0.3816778,-0.12986621
2209.05812,2022-09-13 08:37:05,Pre-GPT,0.032428354,-0.14465947
2005.0156,2020-05-04 15:19:31,Pre-GPT,-0.030022793,-0.23837997
2009.08866,2020-09-18 14:41:41,Pre-GPT,-0.105799906,0.049538378
2505.08849,2025-05-13 16:18:59,Post-GPT,0.19939789,0.16633807
2007.00853,2020-07-02 03:29:33,Pre-GPT,-0.23133868,0.23303984
2103.15746,2021-03-29 16:33:22,Pre-GPT,0.05039689,0.23504223
2503.23608,2025-03-30 22:20:08,Post-GPT,0.18266249,-0.17845249
1803.08407,2018-03-22 15:29:21,Pre-GPT,0.23220173,-0.14569059
2405.20053,2024-05-30 13:38:52,Post-GPT,0.3514379,0.18598782
2407.17935,2024-07-25 10:47:59,Post-GPT,-0.3956318,-0.05843545
2503.11667,2025-02-24 03:37:44,Post-GPT,0.32101765,0.32529324
2003.03407,2020-03-06 19:40:16,Pre-GPT,-0.29193336,-0.16227113
2209.07603,2022-09-15 20:41:18,Pre-GPT,0.20381013,0.10068469
2406.06225,2024-06-10 12:47:49,Post-GPT,0.18317166,0.08396
2305.13446,2023-05-22 19:43:05,Post-GPT,-0.08642071,0.041479975
2512.17309,2025-12-19 07:47:19,Post-GPT,0.33663806,0.21940036
2510.17575,2025-10-20 14:22:57,Post-GPT,0.25517023,0.18160707
2405.10072,2024-05-16 13:06:35,Post-GPT,-0.22801277,0.29836148
1901.09613,2019-01-28 11:42:34,Pre-GPT,0.286494,0.11244775
1911.12138,2019-11-26 05:03:39,Pre-GPT,-0.12019425,0.1567173
2511.13361,2025-11-17 13:30:51,Post-GPT,0.34976557,0.17352973
2304.02463,2023-04-05 14:41:27,Post-GPT,-0.06511854,-0.0067669265
2307.11016,2023-07-20 16:44:56,Post-GPT,0.121409625,-0.12272176
2104.006,2021-04-01 16:32:49,Pre-GPT,-0.2835691,0.21939069
1907.10932,2019-07-25 09:46:36,Pre-GPT,0.22594485,0.022209086
2512.17021,2025-12-18 19:35:09,Post-GPT,0.05311449,-0.15478899
2507.1991,2025-07-26 10:43:54,Post-GPT,-0.04826755,-0.28519458
2409.03057,2024-09-04 20:12:12,Post-GPT,0.15996516,0.040709976
2108.04076,2021-08-06 02:03:37,Pre-GPT,-0.29726976,0.19898197
2208.08016,2022-08-17 01:46:47,Pre-GPT,-0.4930798,0.23260932
2112.0794,2021-12-15 07:56:16,Pre-GPT,0.09277862,-0.017087474
2203.11424,2022-03-22 02:44:22,Pre-GPT,0.19221684,-0.261885
2311.01964,2023-11-03 14:59:54,Post-GPT,0.3428729,0.25617963
1901.07314,2019-01-09 01:59:45,Pre-GPT,-0.21742938,-0.10295373
2207.05824,2022-07-12 20:35:38,Pre-GPT,0.15172964,-0.059297834
2301.10899,2023-01-26 02:00:21,Post-GPT,-0.17257793,-0.16787893
2503.13029,2025-03-17 10:31:28,Post-GPT,-0.18033668,-0.09659146
2002.12708,2020-02-28 13:37:52,Pre-GPT,-0.07349887,-0.0033560283
2311.02024,2023-11-03 16:40:35,Post-GPT,-0.20854847,-0.21942383
2103.17178,2021-03-31 15:52:18,Pre-GPT,0.12357977,0.25116992
2505.07982,2025-05-12 18:26:59,Post-GPT,-0.22396374,0.07230157
2210.08773,2022-10-17 06:29:54,Pre-GPT,0.4424372,0.21402766
2006.16029,2020-06-29 13:19:38,Pre-GPT,-0.225981,-0.15601647
2408.11003,2024-08-20 16:55:14,Post-GPT,0.06674783,0.123156056
2311.14672,2023-10-18 18:01:18,Post-GPT,-0.07577938,-0.043939557
2109.07193,2021-09-15 10:17:12,Pre-GPT,0.20503634,-0.053056236
2406.02347,2024-06-04 14:23:27,Post-GPT,0.25411537,-0.18393694
2203.00704,2022-03-01 19:00:28,Pre-GPT,-0.415165,0.23256627
2303.15539,2023-03-27 18:36:53,Post-GPT,0.2329678,-0.1307735
2012.05465,2020-12-10 05:39:17,Pre-GPT,0.27905944,-0.0038581435
2303.15269,2023-03-27 14:58:20,Post-GPT,0.28335196,0.1935363
2312.10819,2023-12-17 21:33:07,Post-GPT,2.4139881e-05,-0.00080147944
1902.0649,2019-02-18 10:09:53,Pre-GPT,-0.30539873,0.19168575
2410.1011,2024-10-14 02:56:36,Post-GPT,0.032901004,0.026216842
2212.04585,2022-12-08 22:25:21,Post-GPT,0.19419026,-0.06489125
2108.05248,2021-08-11 14:34:30,Pre-GPT,-0.19409397,0.058303166
2311.0776,2023-11-13 21:21:39,Post-GPT,0.15706447,0.16986348
2507.23215,2025-07-31 03:10:59,Post-GPT,0.22143337,-0.022532064
2012.09386,2020-12-17 04:05:11,Pre-GPT,0.13589829,-0.17320408
2501.11653,2025-01-20 18:33:46,Post-GPT,0.4229848,0.09843771
2510.08752,2025-10-09 19:10:25,Post-GPT,0.14956939,-0.07186383
1807.09207,2018-07-24 16:09:32,Pre-GPT,0.36644277,-0.03975284
2508.11025,2025-08-14 19:03:28,Post-GPT,0.2440288,-0.10873829
2406.15887,2024-06-22 16:32:02,Post-GPT,-0.17935947,0.3358811
2309.17289,2023-09-29 14:46:42,Post-GPT,-0.45278367,-0.12970747
2308.12383,2023-08-23 18:53:00,Post-GPT,0.5181786,0.124335274
2309.04196,2023-09-08 08:14:56,Post-GPT,-0.19018011,-0.032863114
2301.04314,2023-01-11 05:28:44,Post-GPT,0.28542355,0.1083117
2307.08128,2023-07-16 19:01:27,Post-GPT,-0.3594903,0.0662545
2306.14269,2023-06-25 15:26:06,Post-GPT,0.37794748,0.21287565
1811.0029,2018-11-01 09:39:37,Pre-GPT,-0.22719756,-0.31562734
2507.07771,2025-07-10 13:54:59,Post-GPT,0.3226891,0.12719177
1905.02954,2019-05-08 08:26:36,Pre-GPT,0.06817195,-0.2047443
2601.11575,2025-12-30 11:53:49,Post-GPT,0.37983617,0.19006038
1804.03972,2018-04-11 13:27:35,Pre-GPT,-0.29800412,0.2896806
2301.04494,2023-01-11 14:42:47,Post-GPT,0.32787427,0.10591148
2506.03941,2025-06-04 13:31:58,Post-GPT,0.15527174,0.16563307
2305.11657,2023-05-19 13:14:23,Post-GPT,-0.064581536,0.11173956
2111.03723,2021-11-05 20:40:46,Pre-GPT,-0.40181497,0.27418244
2004.0106,2020-04-02 15:06:36,Pre-GPT,-0.26273426,-0.1619655
2404.07996,2024-03-30 20:03:44,Post-GPT,-0.2606364,-0.06857352
2307.05705,2023-07-11 18:12:30,Post-GPT,-0.033143878,-0.22620864
1903.03311,2019-03-08 07:46:05,Pre-GPT,-0.14564738,0.15467565
2401.14353,2024-01-25 17:58:40,Post-GPT,-0.20563164,-0.03163548
2012.10689,2020-12-19 14:00:49,Pre-GPT,-0.034157738,0.03436197
2408.01959,2024-08-04 08:26:58,Post-GPT,0.28941596,0.15743773
2505.00041,2025-04-29 20:06:57,Post-GPT,0.068713486,-0.1876611
2102.09194,2021-02-18 07:34:53,Pre-GPT,-0.030425422,0.13362025
1805.08169,2018-05-18 17:53:17,Pre-GPT,0.042437777,0.09647326
2409.0926,2024-09-14 02:13:56,Post-GPT,0.2854379,0.27942258
2504.09502,2025-04-13 09:56:02,Post-GPT,0.26140207,-0.19351514
2107.0645,2021-07-14 02:04:10,Pre-GPT,-0.23088536,0.0001058653
2209.02585,2022-08-02 05:52:50,Pre-GPT,-0.27442187,0.09987956
2305.11164,2023-05-18 17:52:58,Post-GPT,0.26959708,0.08479813
2507.09607,2025-07-13 12:24:02,Post-GPT,0.21622247,0.039418314
2512.09416,2025-12-10 08:25:00,Post-GPT,-0.16825163,-0.14228716
2307.08892,2023-07-17 23:28:12,Post-GPT,-0.37781736,-0.10189569
2011.12189,2020-11-24 16:24:45,Pre-GPT,-0.4481859,0.16889371
2111.12309,2021-11-24 07:19:46,Pre-GPT,0.3199355,0.042682946
2410.0289,2024-10-03 18:28:10,Post-GPT,0.272756,0.1817349
2409.19431,2024-09-28 18:31:51,Post-GPT,0.124812335,-0.034185074
2512.23624,2025-12-29 17:28:35,Post-GPT,0.11103836,-0.37172705
1811.04347,2018-11-11 04:33:17,Pre-GPT,-0.13511503,-0.071972564
2302.03272,2023-02-07 05:56:48,Post-GPT,-0.29930183,-0.09181987
1802.09383,2018-02-26 15:13:10,Pre-GPT,-0.41148427,0.084869385
2503.08684,2025-03-11 17:59:00,Post-GPT,0.2137318,0.29724574
2508.16032,2025-08-22 01:29:02,Post-GPT,0.1266928,-0.32900557
2412.19806,2024-10-08 08:39:04,Post-GPT,0.4310867,0.062114593
2409.04699,2024-09-07 03:41:05,Post-GPT,0.3780423,0.058852058
2011.09238,2020-11-18 12:23:36,Pre-GPT,-0.24574262,-0.2548667
1910.0434,2019-10-10 02:51:43,Pre-GPT,-0.33065006,-0.1066436
2307.15192,2023-07-27 20:46:55,Post-GPT,-0.39691138,0.26556277
2509.24902,2025-09-29 15:12:49,Post-GPT,-0.29345778,0.2773756
2205.10753,2022-05-22 06:02:52,Pre-GPT,0.32082435,-0.124981195
2105.01774,2021-05-04 21:40:04,Pre-GPT,0.14360854,0.13495548
2212.03642,2022-12-07 13:56:10,Post-GPT,-0.28288358,-0.23280737
2404.12495,2024-04-18 20:17:35,Post-GPT,-0.1290726,-0.26099902
2110.12419,2021-10-24 11:45:07,Pre-GPT,-0.4850137,0.37480262
2412.16229,2024-12-18 21:55:58,Post-GPT,0.26048142,-0.009684134
2308.02151,2023-08-04 06:14:23,Post-GPT,0.3785101,0.19502981
2509.22635,2025-09-26 17:57:32,Post-GPT,0.4693618,0.056113195
2105.12479,2021-05-26 11:28:36,Pre-GPT,0.3995922,-0.022890676
2207.02162,2022-07-05 16:33:20,Pre-GPT,0.3164356,-0.1411806
1811.10799,2018-11-27 04:26:36,Pre-GPT,0.35107002,0.0069619305
2408.04681,2024-08-08 04:55:03,Post-GPT,0.21664569,0.26778495
1807.03109,2018-07-09 13:27:21,Pre-GPT,-0.007123053,-0.20989732
2111.04597,2021-11-08 16:09:39,Pre-GPT,0.09273827,0.13813852
2407.09583,2024-07-12 08:28:39,Post-GPT,-0.17600554,-0.25046483
2510.18237,2025-10-21 02:48:08,Post-GPT,-0.060256936,0.20403567
1902.07614,2019-02-20 16:02:05,Pre-GPT,-0.43021926,0.24371497
2206.04968,2022-06-10 09:54:27,Pre-GPT,0.18888071,-0.13375801
2402.17204,2024-02-27 04:53:53,Post-GPT,0.28990695,0.08968514
2406.19097,2024-06-27 11:26:17,Post-GPT,0.27673376,0.22280462
2112.08563,2021-12-16 01:50:28,Pre-GPT,0.08082701,-0.11780955
2403.20046,2024-03-29 08:30:34,Post-GPT,0.25426215,0.25037092
2307.00376,2023-07-01 16:11:48,Post-GPT,-0.22031835,0.10356563
2506.04987,2025-06-05 13:00:19,Post-GPT,0.27900666,0.22671133
2401.12268,2024-01-22 11:49:10,Post-GPT,-0.13698728,0.010641504
2403.08857,2024-03-13 18:00:01,Post-GPT,0.33061972,0.1806383
2312.02162,2023-09-22 14:13:45,Post-GPT,-0.32354945,-0.015881281
1805.10611,2018-05-27 11:50:54,Pre-GPT,0.10738483,-0.119492754
2011.03279,2020-11-06 10:55:28,Pre-GPT,0.3431061,-0.008776006
2012.08633,2020-12-15 21:41:49,Pre-GPT,-0.27264103,0.25504723
2211.09942,2022-11-17 23:26:52,Pre-GPT,0.14436978,0.28718176
2211.1541,2022-11-23 20:06:46,Pre-GPT,0.21851224,0.15430644
2510.22634,2025-10-26 11:32:32,Post-GPT,-0.20673284,-0.35815862
2601.05271,2025-12-01 23:30:17,Post-GPT,0.3175313,0.22795647
2511.14277,2025-11-18 09:11:50,Post-GPT,-0.4255379,0.32107997
2509.25965,2025-09-30 09:02:28,Post-GPT,-0.23038077,-0.23831119
2407.08035,2024-07-10 20:32:50,Post-GPT,0.43367526,0.22007762
2511.20049,2025-11-25 08:17:29,Post-GPT,0.19494069,-0.014763989
2008.05343,2020-08-12 14:21:22,Pre-GPT,-0.2022329,-0.11199553
2205.15633,2022-05-31 09:21:51,Pre-GPT,-0.048203424,-0.16056097
2411.15141,2024-10-31 09:36:05,Post-GPT,-0.38864565,0.16324562
2201.1341,2022-01-31 18:17:40,Pre-GPT,0.09092736,0.18053426
1906.08023,2019-06-19 11:19:02,Pre-GPT,-0.15167628,-0.073031455
2303.13034,2023-03-23 04:46:49,Post-GPT,0.14089957,-0.15723339
2106.0592,2021-06-10 17:06:28,Pre-GPT,0.3525239,0.051185284
2110.1482,2021-10-28 00:09:04,Pre-GPT,0.3127518,-0.16010997
2504.20009,2025-04-28 17:29:22,Post-GPT,0.023831874,-0.27912176
2206.07023,2022-06-14 17:37:18,Pre-GPT,0.3153909,0.3110819
2503.22158,2025-03-28 05:43:11,Post-GPT,-0.20127946,-0.14607412
2106.11661,2021-06-22 10:40:21,Pre-GPT,-0.27759722,0.19757637
2409.18645,2024-09-27 11:25:10,Post-GPT,0.32955918,0.21360904
2012.10285,2020-12-18 15:01:50,Pre-GPT,0.3707693,0.110281125
2009.05687,2020-09-11 23:54:31,Pre-GPT,0.30017927,0.22336824
2511.08391,2025-11-11 16:09:36,Post-GPT,-0.13833939,-0.14616407
2312.16785,2023-12-28 02:25:28,Post-GPT,-0.2598736,0.26664615
2501.15908,2025-01-27 10:01:10,Post-GPT,0.18914899,-0.26484132
2004.02389,2020-04-06 03:27:02,Pre-GPT,-0.18996103,-0.16183607
2202.1119,2022-02-22 21:52:46,Pre-GPT,0.2866884,0.0030573178
1810.09949,2018-10-23 16:28:27,Pre-GPT,0.14910623,0.12257415
2108.11773,2021-08-26 13:11:48,Pre-GPT,0.29448777,-0.04176855
2404.19249,2024-04-30 04:12:59,Post-GPT,-0.17936136,-0.2518348
1909.0018,2019-08-31 09:58:57,Pre-GPT,0.34695482,0.1797985
2206.15309,2022-06-30 14:27:03,Pre-GPT,-0.36985606,-0.010927284
2309.07714,2023-09-14 13:46:59,Post-GPT,0.07104862,-0.21117683
2302.01815,2023-02-03 15:37:53,Post-GPT,-0.15474653,0.13824537
2312.13825,2023-12-21 13:17:47,Post-GPT,-0.28587356,0.25640845
2412.18637,2024-12-23 11:00:04,Post-GPT,-0.36264294,-0.11613549
2108.03369,2021-08-07 05:36:12,Pre-GPT,-0.08418852,0.28875288
2004.05708,2020-04-12 22:27:31,Pre-GPT,-0.2175809,0.07844183
2212.13931,2022-12-28 16:26:13,Post-GPT,-0.2481966,-0.11373024
2306.14544,2023-06-26 09:34:10,Post-GPT,0.35787445,0.09200086
1907.02143,2019-07-03 21:59:01,Pre-GPT,-0.08858167,0.15283988
2211.14832,2022-11-27 13:59:12,Pre-GPT,-0.36953652,-0.15116058
2410.15938,2024-10-21 12:07:10,Post-GPT,0.037522823,0.2198348
2312.04234,2023-12-07 11:40:32,Post-GPT,0.39410165,0.06606747
2402.12842,2024-02-20 09:10:08,Post-GPT,0.31517228,0.23562555
2309.07715,2023-09-14 13:47:48,Post-GPT,-0.32085884,-0.046993636
2002.11179,2020-02-25 21:15:40,Pre-GPT,-0.3554341,0.21851052
2410.06596,2024-10-09 06:46:34,Post-GPT,-0.18095465,-0.10978551
2402.08667,2024-02-13 18:48:28,Post-GPT,0.15419623,-0.124750346
2103.10973,2021-03-19 18:13:52,Pre-GPT,-0.0302888,-0.15632634
2105.08434,2021-05-18 10:54:07,Pre-GPT,-0.24429846,-0.17946626
1912.09605,2019-12-20 01:22:28,Pre-GPT,-0.17528535,0.015229087
2504.08935,2025-04-11 19:25:41,Post-GPT,-0.21398221,-0.24275528
2311.01113,2023-11-02 09:38:32,Post-GPT,-0.1909436,0.043840576
2505.21469,2025-05-27 17:42:22,Post-GPT,0.12881342,-0.19538411
1806.01333,2018-06-04 19:06:14,Pre-GPT,0.038527727,0.09053245
1802.05768,2018-02-15 21:17:47,Pre-GPT,0.08138484,0.17685764
2506.10514,2025-06-12 09:21:26,Post-GPT,-0.2597994,0.15448186
2510.01396,2025-10-01 19:28:16,Post-GPT,0.17947397,-0.3535817
2412.13667,2024-12-18 09:50:00,Post-GPT,0.3095335,0.1592952
2111.01874,2021-11-02 20:23:51,Pre-GPT,-0.07269355,-0.29865476
2001.00393,2020-01-02 11:16:07,Pre-GPT,-0.33425727,0.15094031
2008.01552,2020-08-04 13:56:40,Pre-GPT,0.002239421,-0.07556091
2409.07476,2024-08-28 11:39:20,Post-GPT,0.11608097,0.3465569
2206.12346,2022-06-24 15:35:21,Pre-GPT,0.057376117,-0.09659998
1802.09774,2018-02-27 08:47:46,Pre-GPT,-0.08292517,0.1307434
2312.05367,2023-12-08 20:58:30,Post-GPT,-0.3137154,0.033708125
2112.14841,2021-12-25 15:42:25,Pre-GPT,-0.36325482,0.30520397
2506.01966,2025-05-11 06:26:34,Post-GPT,0.35601613,-0.049505126
2205.11674,2022-05-23 23:49:16,Pre-GPT,-0.23773584,0.22339414
2107.09375,2021-07-20 09:46:42,Pre-GPT,-0.31177714,-0.26446524
2108.04616,2021-08-10 11:59:42,Pre-GPT,0.22110477,0.34167373
2509.01235,2025-09-01 08:23:22,Post-GPT,0.2533651,-0.12504953
1908.07521,2019-08-21 16:21:09,Pre-GPT,-0.20028523,-0.046448085
2512.12992,2025-12-15 05:38:04,Post-GPT,-0.014527649,-0.010750566
1804.05355,2018-04-15 13:16:26,Pre-GPT,-0.32886598,0.25372392
2412.06561,2024-12-09 15:12:55,Post-GPT,-0.40698022,0.17775641
2210.16028,2022-10-28 10:05:30,Pre-GPT,0.27259222,0.17666346
2002.0358,2020-02-10 07:10:56,Pre-GPT,-0.11611475,-0.03333661
2102.09751,2021-02-19 05:55:53,Pre-GPT,0.22215664,0.0614332
2212.13634,2022-12-27 22:38:59,Post-GPT,0.21645987,0.055235032
2004.13324,2020-04-28 06:35:27,Pre-GPT,0.342065,0.021894448
2412.02718,2024-11-29 23:41:46,Post-GPT,-0.36635053,-0.02136278
2210.14529,2022-10-26 07:41:32,Pre-GPT,0.28646573,0.24784549
2506.01586,2025-06-02 12:18:20,Post-GPT,0.44128814,0.030794177
1805.04143,2018-05-10 19:23:41,Pre-GPT,-0.26111752,-0.12435411
2008.10144,2020-08-24 01:00:58,Pre-GPT,-0.22085705,-0.102316305
2009.02196,2020-09-04 13:54:14,Pre-GPT,-0.4532849,0.1340373
2511.07191,2025-11-10 15:22:14,Post-GPT,-0.19642639,-0.022113513
1910.06373,2019-10-14 18:34:23,Pre-GPT,-0.37534016,0.06137002
2510.03866,2025-10-04 16:27:09,Post-GPT,0.19548965,-0.14495273
2510.00743,2025-10-01 10:27:51,Post-GPT,0.35206977,0.177348
2304.12144,2023-04-24 14:45:11,Post-GPT,-0.04287809,-0.28227338
2202.05187,2022-02-10 17:43:11,Pre-GPT,0.36746147,0.010390153
2006.13279,2020-06-23 19:21:23,Pre-GPT,-0.4135042,0.09113127
2005.08446,2020-05-18 04:06:24,Pre-GPT,-0.423564,0.26792634
2106.14308,2021-06-27 18:34:21,Pre-GPT,-0.11233189,-0.22618602
2012.0271,2020-12-04 16:38:01,Pre-GPT,0.04235381,0.22991666
2212.00506,2022-12-01 13:58:46,Post-GPT,0.05684142,0.07844974
2410.23866,2024-10-31 12:20:24,Post-GPT,0.34216794,0.30950332
2503.11659,2025-02-07 13:11:15,Post-GPT,0.0113990605,0.09908645
2204.05019,2022-04-11 11:37:11,Pre-GPT,-0.3511309,0.09058219
2303.16188,2023-03-28 17:53:06,Post-GPT,-0.071263514,-0.14262168
2311.07718,2023-11-13 19:58:25,Post-GPT,-0.21006481,-0.14283393
2012.0103,2020-12-02 08:54:26,Pre-GPT,0.31394705,0.21439329
2507.15842,2025-07-21 17:52:28,Post-GPT,0.0072276294,0.1358705
2105.14636,2021-05-30 22:00:44,Pre-GPT,0.32080927,0.15238474
2504.09455,2025-04-13 06:36:18,Post-GPT,0.32923952,-0.034706183
2509.07186,2025-09-08 20:04:17,Post-GPT,0.11111906,-0.20072423
2206.1232,2022-06-24 14:39:11,Pre-GPT,0.25337234,0.09235713
1903.06231,2019-03-14 19:56:27,Pre-GPT,-0.358635,-0.13700978
2207.04247,2022-07-09 11:02:53,Pre-GPT,-0.3602621,0.18233967
2408.00892,2024-08-01 20:12:49,Post-GPT,0.20325229,0.022102226
2110.12426,2021-10-24 12:37:38,Pre-GPT,-0.2991554,-0.20507962
2510.22664,2025-10-26 13:02:07,Post-GPT,-0.14923008,-0.10165292
1904.0107,2019-04-01 19:13:07,Pre-GPT,0.26004574,-0.08545765
2007.09495,2020-07-18 18:40:40,Pre-GPT,0.2134926,0.3166515
2306.09776,2023-06-16 11:25:44,Post-GPT,0.15954792,0.19722115
2402.10359,2024-02-15 23:09:42,Post-GPT,0.3630182,0.25046504
2011.00427,2020-11-01 05:09:13,Pre-GPT,0.28311473,-0.008232776
2406.16515,2024-06-24 10:45:59,Post-GPT,-0.13820566,0.15304442
2404.00817,2024-03-31 22:27:34,Post-GPT,-0.16619632,-0.15832141
1811.01706,2018-11-05 14:22:06,Pre-GPT,-0.2840854,0.090602085
2003.05201,2020-03-11 10:21:17,Pre-GPT,-0.18733859,-0.11073753
2106.01595,2021-06-03 04:53:23,Pre-GPT,-0.17288956,0.29076043
2306.11278,2023-06-20 04:11:30,Post-GPT,-0.087862775,-0.18098715
2405.1332,2024-05-22 03:26:15,Post-GPT,-0.3673171,0.27084902
1909.01979,2019-09-04 02:44:43,Pre-GPT,-0.42538002,0.14452821
2406.0846,2024-06-12 17:51:18,Post-GPT,-0.3856557,0.18251063
2109.00805,2021-09-02 09:34:11,Pre-GPT,-0.04989761,0.15986453
2112.10545,2021-12-20 14:13:58,Pre-GPT,0.00807187,0.062859535
2110.0646,2021-10-13 02:53:18,Pre-GPT,-0.08439907,-0.2817266
2309.14163,2023-09-25 14:13:41,Post-GPT,-0.062016584,-0.30351552
1909.10067,2019-09-22 18:56:18,Pre-GPT,-0.33485985,0.1952874
2209.00877,2022-09-02 08:34:06,Pre-GPT,-0.14624533,-0.20964353
1801.07404,2018-01-23 06:23:41,Pre-GPT,-0.28494114,0.06866658
2409.03668,2024-09-05 16:22:31,Post-GPT,0.23251733,0.20281413
2302.01126,2023-02-02 14:36:05,Post-GPT,-0.32726672,0.3244521
1803.0884,2018-03-23 15:31:40,Pre-GPT,0.3127012,-0.25563422
2512.07138,2025-12-08 03:42:19,Post-GPT,0.066854924,-0.21384414
2005.00463,2020-05-01 15:58:13,Pre-GPT,0.4021702,0.22058381
2208.07598,2022-08-16 08:21:16,Pre-GPT,-0.23501228,-0.18998347
2505.09655,2025-05-14 02:02:32,Post-GPT,0.37156877,0.08422445
2005.04881,2020-05-11 06:39:45,Pre-GPT,0.1706796,-0.052147888
2502.19432,2025-02-15 19:20:40,Post-GPT,0.009075224,0.13584426
2510.22825,2025-10-26 20:38:26,Post-GPT,-0.13524535,-0.06784162
2008.07149,2020-08-17 08:39:16,Pre-GPT,0.32290727,0.0185504
2307.09027,2023-07-18 07:35:28,Post-GPT,0.31693384,-0.1599141
2112.05469,2021-12-10 11:52:52,Pre-GPT,-0.23046148,0.17604938
2412.02586,2024-12-03 17:15:05,Post-GPT,0.044846416,-0.31122613
2210.09994,2022-10-18 16:59:13,Pre-GPT,-0.2567692,-0.30789605
2206.09259,2022-06-18 18:12:20,Pre-GPT,0.30558386,0.15509479
2507.02484,2025-07-03 09:46:22,Post-GPT,-0.3496427,0.005927298
2304.05237,2023-04-11 14:19:46,Post-GPT,0.014398575,0.08300981
2401.16207,2024-01-29 15:01:49,Post-GPT,-0.2833383,0.04226329
2009.03509,2020-09-08 04:04:04,Pre-GPT,0.4255487,0.11573757
2309.04586,2023-09-08 20:30:34,Post-GPT,-0.10531181,0.16958672
2306.10274,2023-06-17 06:38:42,Post-GPT,0.32626435,-0.020468196
1905.10103,2019-05-24 09:24:23,Pre-GPT,-0.32339,-0.13178186
2409.03195,2024-09-05 02:38:32,Post-GPT,-0.043684147,-0.24903736
2006.16849,2020-06-30 14:38:21,Pre-GPT,0.20040771,0.22095372
1807.01507,2018-07-04 10:03:57,Pre-GPT,-0.29539633,-0.109991
2206.07389,2022-06-15 08:53:02,Pre-GPT,0.22603339,0.01947195
2402.02595,2024-02-04 20:06:12,Post-GPT,-0.3813327,0.11307533
2309.02644,2023-09-06 01:11:13,Post-GPT,-0.40914926,0.35943246
2001.0726,2020-01-20 21:42:05,Pre-GPT,-0.38221097,0.22667637
1804.02908,2018-04-09 10:51:09,Pre-GPT,0.005711034,0.25088784
2509.15768,2025-09-19 08:51:41,Post-GPT,0.3455694,0.08805126
1801.08823,2018-01-26 14:31:14,Pre-GPT,0.06746383,-0.13610741
2405.12,2024-05-20 13:13:50,Post-GPT,-0.2137238,-0.26973265
2411.03308,2024-11-05 18:02:35,Post-GPT,0.24258152,-0.049002066
2112.15198,2021-12-30 20:28:28,Pre-GPT,-0.11623147,-0.13494013
2509.24166,2025-09-29 01:30:15,Post-GPT,0.35615268,-0.05972832
1807.08524,2018-07-23 10:53:49,Pre-GPT,-0.18733656,-0.22858728
2203.12733,2022-03-23 21:33:26,Pre-GPT,-0.048366852,-0.3631835
2007.07768,2020-07-14 08:16:15,Pre-GPT,0.10912126,0.19545753
2106.07751,2021-06-07 04:05:19,Pre-GPT,0.22565606,-0.041503765
2310.17466,2023-10-26 15:14:33,Post-GPT,-0.36415264,0.3289048
1806.05199,2018-06-13 18:03:47,Pre-GPT,-0.12958863,-0.05065116
2001.08346,2020-01-23 02:37:34,Pre-GPT,0.11811286,-0.31283492
2003.10605,2020-03-24 01:30:40,Pre-GPT,-0.0004323274,-0.047646783
2510.19701,2025-10-22 15:52:54,Post-GPT,0.1966013,-0.3437488
2111.14549,2021-11-29 14:24:02,Pre-GPT,0.011865586,-0.1944959
2510.03996,2025-10-05 02:12:44,Post-GPT,0.17372993,0.053998146
2502.03278,2025-02-05 15:34:25,Post-GPT,-0.11132729,-0.07722925
2508.0264,2025-08-04 17:25:36,Post-GPT,0.022546768,-0.07387437
2005.05137,2020-05-11 14:28:34,Pre-GPT,0.1540448,0.04216815
2501.01276,2025-01-02 14:17:31,Post-GPT,0.06466487,0.04422447
2107.07922,2021-07-16 14:23:20,Pre-GPT,-0.31688043,-0.09004296
2012.00378,2020-12-01 10:11:40,Pre-GPT,0.02907221,0.12514496
2306.06331,2023-06-10 02:01:02,Post-GPT,-0.03530751,0.21529193
2010.15623,2020-10-29 14:11:01,Pre-GPT,-0.057734035,0.10081698
2312.0547,2023-12-09 05:24:37,Post-GPT,-0.1871458,-0.3682682
2306.10082,2023-06-16 07:55:20,Post-GPT,0.37226364,0.04593433
2501.18871,2025-01-31 03:47:22,Post-GPT,0.30857873,-0.24404986
2210.04457,2022-10-10 06:57:19,Pre-GPT,0.30626497,0.21101595
1812.04109,2018-12-10 21:39:16,Pre-GPT,0.19372001,0.070365325
2210.12296,2022-10-21 23:15:42,Pre-GPT,0.15825662,-0.03785799
2110.14374,2021-10-27 12:18:25,Pre-GPT,0.14125183,-0.29280955
2101.10742,2021-01-26 12:25:58,Pre-GPT,-0.24940763,0.16914743
2006.02966,2020-05-29 21:30:55,Pre-GPT,-0.3370121,0.2914238
1810.07319,2018-10-16 23:54:31,Pre-GPT,-0.24810411,-0.15011112
2310.09167,2023-10-13 15:01:55,Post-GPT,0.31390435,-0.18869813
1909.09324,2019-09-20 05:20:34,Pre-GPT,-0.083804235,0.2294165
2107.06867,2021-07-14 17:36:32,Pre-GPT,-0.0041030943,0.11820328
2111.0409,2021-11-07 13:45:35,Pre-GPT,0.20655707,-0.2620943
1902.01799,2019-02-05 17:13:06,Pre-GPT,0.24988714,-0.029575597
2201.13018,2022-01-31 06:39:03,Pre-GPT,-0.07290345,-0.1486577
2206.05949,2022-06-13 07:43:34,Pre-GPT,0.14629123,-0.1627438
2007.00766,2020-07-01 21:22:59,Pre-GPT,-0.22035725,-0.10785067
2309.09885,2023-09-18 15:48:07,Post-GPT,-0.37035897,0.24823298
2512.00508,2025-11-29 14:32:37,Post-GPT,0.12117222,-0.025910253
2104.08269,2021-04-16 17:54:46,Pre-GPT,-0.16732208,-0.24653928
2504.09307,2025-04-12 18:43:24,Post-GPT,0.26130202,-0.076718286
1801.0668,2018-01-20 14:04:16,Pre-GPT,-0.40959314,-0.1590876
2101.0185,2021-01-06 03:13:59,Pre-GPT,-0.34595513,0.31759554
1906.11374,2019-06-26 22:50:41,Pre-GPT,-0.18386035,-0.30310065
2310.03659,2023-10-05 16:37:29,Post-GPT,0.30157715,0.21680851
2012.06788,2020-12-12 11:19:00,Pre-GPT,-0.12900761,0.2462038
2511.04192,2025-11-06 08:51:24,Post-GPT,0.21910879,-0.03131713
2210.06544,2022-10-12 19:15:24,Pre-GPT,-0.20678326,-0.12557039
2002.01527,2020-02-04 20:37:49,Pre-GPT,-0.0083399415,-0.05870341
1805.08091,2018-05-21 14:47:49,Pre-GPT,0.06519884,-0.07410292
2502.17774,2025-02-25 02:09:32,Post-GPT,-0.035247907,-0.06452112
2410.17787,2024-10-23 11:37:20,Post-GPT,0.37184313,0.28768206
2208.06216,2022-08-12 10:57:48,Pre-GPT,0.31481344,0.3533829
2301.11006,2023-01-26 09:39:25,Post-GPT,0.0086260885,-0.03652891
2012.05959,2020-12-10 20:30:56,Pre-GPT,0.2762001,-0.09990546
2012.15622,2020-12-31 14:24:33,Pre-GPT,-0.34112015,-0.2629508
2502.04583,2025-02-07 00:37:12,Post-GPT,0.26234695,-0.23575091
2008.11409,2020-08-26 06:58:09,Pre-GPT,0.024939999,0.20220307
2002.07212,2020-02-17 19:17:27,Pre-GPT,-0.2790292,0.2311225
2212.13714,2022-12-28 06:34:32,Post-GPT,0.28420082,-0.16246964
2111.0221,2021-11-03 13:26:11,Pre-GPT,-0.41313455,0.005857989
2202.03723,2022-02-08 08:57:04,Pre-GPT,0.26811042,-0.17115806
1803.03097,2018-03-08 14:13:37,Pre-GPT,-0.31922024,-0.2748406
2008.13346,2020-08-31 03:57:15,Pre-GPT,-0.014745131,0.11029808
2305.15739,2023-05-25 05:41:18,Post-GPT,-0.42174944,0.13739951
2006.00143,2020-05-30 01:43:59,Pre-GPT,0.27530956,0.11907266
2106.09923,2021-06-18 05:24:13,Pre-GPT,0.23031071,-0.010887446
2008.12568,2020-08-28 10:26:17,Pre-GPT,0.010827854,-0.091894954
2202.13727,2022-02-28 12:47:54,Pre-GPT,-0.18041185,0.019953683
2010.12877,2020-10-24 11:18:33,Pre-GPT,0.19030157,-0.025710817
2106.15559,2021-06-29 16:50:46,Pre-GPT,-0.01154533,0.030363958
1911.06965,2019-11-16 05:36:03,Pre-GPT,0.30630353,0.18801485
2109.11459,2021-09-23 16:04:31,Pre-GPT,-0.08971866,-0.089804634
2105.0273,2021-05-06 14:47:47,Pre-GPT,0.31072465,-0.024323663
2508.05748,2025-08-07 18:03:50,Post-GPT,0.45044693,0.14991936
1912.02107,2019-12-03 08:39:41,Pre-GPT,-0.4335452,0.0038436987
2406.03307,2024-06-05 14:18:45,Post-GPT,-0.07137873,-0.13929561
2004.13162,2020-04-27 20:35:05,Pre-GPT,-0.27969342,0.385333
1810.08317,2018-10-19 00:35:45,Pre-GPT,-0.18354069,-0.12088908
2004.13569,2020-04-28 14:52:06,Pre-GPT,-0.041429162,0.12451279
2409.15,2024-09-23 13:23:21,Post-GPT,-0.19810234,-0.21139155
2505.03407,2025-05-06 10:34:44,Post-GPT,-0.11260291,0.23095216
2401.09595,2024-01-17 20:52:44,Post-GPT,-0.123298526,-0.2430647
2310.02755,2023-10-04 11:50:52,Post-GPT,-0.34442356,0.102966025
2507.12098,2025-07-16 10:07:19,Post-GPT,0.061972767,0.058960777
2401.02471,2024-01-04 18:36:39,Post-GPT,-0.11422897,-0.15689619
1906.08945,2019-06-21 04:35:14,Pre-GPT,0.40238497,-0.037199177
2008.13491,2020-08-31 11:07:51,Pre-GPT,-0.17844613,0.28632456
2503.15994,2025-03-20 09:56:24,Post-GPT,-0.11818066,-0.20884363
2007.03618,2020-07-07 16:49:25,Pre-GPT,-0.05913824,-0.16309367
1812.08644,2018-12-20 15:45:52,Pre-GPT,-0.16037984,-0.05998734
2108.08839,2021-08-19 17:58:56,Pre-GPT,0.1974735,-0.02888726
2409.11547,2024-09-17 20:40:02,Post-GPT,0.101031244,0.26253015
2511.22416,2025-11-27 12:51:10,Post-GPT,-0.112670705,-0.053571228
2506.01249,2025-06-02 01:57:21,Post-GPT,0.15592313,0.159555
1901.08567,2019-01-24 18:34:50,Pre-GPT,0.2241402,0.0035140458
2310.06543,2023-10-10 11:42:49,Post-GPT,0.30014697,-0.019055432
2107.00711,2021-07-01 19:37:22,Pre-GPT,-0.26009536,0.068119004
2109.14739,2021-09-29 22:02:18,Pre-GPT,0.3467451,0.28032452
2201.1123,2022-01-26 23:06:20,Pre-GPT,0.0941409,0.006965693
2408.0992,2024-08-19 11:55:32,Post-GPT,0.32639232,0.050396238
2211.05823,2022-11-10 19:27:21,Pre-GPT,0.047062427,0.024105702
2308.09421,2023-08-18 09:39:52,Post-GPT,0.25598666,-0.13852492
1903.00847,2019-03-03 06:54:20,Pre-GPT,0.3706105,-0.06997259
2209.1265,2022-09-13 17:59:21,Pre-GPT,0.21451047,0.10088365
2205.15556,2022-05-31 06:20:57,Pre-GPT,-0.044826545,-0.14362465
1904.09871,2019-04-22 13:43:10,Pre-GPT,-0.11464414,-0.0834894
2509.00464,2025-08-30 11:41:33,Post-GPT,0.07724719,-0.000106833875
2405.19085,2024-05-29 13:47:32,Post-GPT,0.15587863,0.07022226
2002.05853,2020-02-14 02:46:54,Pre-GPT,-0.10870677,-0.04525808
2310.14232,2023-10-22 08:55:48,Post-GPT,-0.2288972,-0.20796429
2201.02009,2022-01-06 11:00:49,Pre-GPT,0.38278237,0.10898943
1812.08488,2018-12-20 11:25:28,Pre-GPT,-0.43239135,0.036898006
1804.06465,2018-04-16 13:54:23,Pre-GPT,-0.2543837,-0.047195636
2408.15071,2024-08-27 13:59:12,Post-GPT,-0.2996227,0.09264502
2502.13195,2025-02-18 17:40:20,Post-GPT,0.20776805,0.30857348
2410.22149,2024-10-29 15:47:31,Post-GPT,0.3354194,-0.03174752
2101.02926,2021-01-08 09:17:46,Pre-GPT,-0.08452609,-0.13534053
2502.07183,2025-02-11 02:14:49,Post-GPT,0.3448079,-0.022597823
2206.06356,2022-06-13 17:52:38,Pre-GPT,0.34131286,0.047450762
2402.00684,2024-02-01 15:47:01,Post-GPT,-0.028780207,0.22506641
2411.12905,2024-11-19 22:44:48,Post-GPT,-0.15649381,-0.18990299
2411.05869,2024-11-07 20:07:21,Post-GPT,0.21025985,-0.17697318
2010.11075,2020-10-21 15:36:03,Pre-GPT,0.33745882,0.20687956
2305.19943,2023-05-31 15:26:50,Post-GPT,-0.26585847,-0.15236859
1809.07318,2018-09-19 17:59:21,Pre-GPT,-0.3143786,-0.3908742
2212.11001,2022-12-21 13:11:06,Post-GPT,-0.06276648,-0.21893996
1805.01964,2018-05-04 23:22:29,Pre-GPT,-0.04361728,-0.13974921
2209.07953,2022-09-16 14:12:39,Pre-GPT,0.17670965,0.017437935
2208.11302,2022-08-24 05:09:36,Pre-GPT,0.124250144,-0.30170536
2006.01323,2020-06-02 00:29:06,Pre-GPT,-0.24828613,-0.031276233
2507.03504,2025-07-04 11:56:16,Post-GPT,0.3523102,-0.12178306
2402.0443,2024-02-06 22:08:18,Post-GPT,-0.42546132,0.10329759
2104.1304,2021-04-27 08:32:09,Pre-GPT,-0.0043795854,0.23148073
2508.16552,2025-08-22 17:21:21,Post-GPT,0.1210053,0.11636433
2206.0789,2022-06-16 02:37:46,Pre-GPT,-0.33418965,0.122337535
2412.17146,2024-12-22 20:03:35,Post-GPT,0.24279901,0.10710007
2310.05627,2023-10-09 11:34:18,Post-GPT,0.2840298,0.15927787
2209.05127,2022-09-12 10:19:10,Pre-GPT,-0.078422815,-0.02185803
1906.09198,2019-06-21 15:35:03,Pre-GPT,0.16557279,0.27803963
2202.13631,2022-02-28 09:22:18,Pre-GPT,-0.41373065,0.2774586
2505.08853,2025-05-13 17:53:49,Post-GPT,0.32103938,-0.14665249
2511.22744,2025-11-27 20:28:41,Post-GPT,0.24342868,-0.20081876
1910.07454,2019-10-16 16:22:58,Pre-GPT,0.17129743,-0.11328462
2412.16456,2024-12-21 03:13:28,Post-GPT,0.008582637,-0.18849011
1912.02081,2019-12-04 16:14:09,Pre-GPT,-0.34986687,0.28453845
2312.13409,2023-12-20 20:24:01,Post-GPT,-0.03435713,-0.21033482
1812.06604,2018-12-17 03:52:11,Pre-GPT,0.27606973,0.27548742
2007.08773,2020-07-17 06:07:12,Pre-GPT,-0.20329694,-0.15274234
2502.03597,2025-02-05 20:32:24,Post-GPT,-0.19857135,-0.18694393
2203.12478,2022-03-23 15:20:12,Pre-GPT,-0.019927144,0.09785505
2511.19038,2025-11-24 12:23:18,Post-GPT,-0.2500141,-0.0972514
2506.1102,2025-05-14 18:25:58,Post-GPT,0.11699477,0.3169767
1908.04174,2019-08-12 14:32:50,Pre-GPT,0.42994234,0.044920642
2405.19463,2024-05-29 19:21:55,Post-GPT,0.011430293,-0.1080454
2408.02568,2024-08-05 15:43:56,Post-GPT,0.3379608,0.060004454
2306.08239,2023-06-14 04:39:08,Post-GPT,-0.36162883,0.35666037
2202.1077,2022-02-22 09:46:17,Pre-GPT,-0.18997595,-0.12275766
2012.0898,2020-12-16 14:20:07,Pre-GPT,-0.32582495,-0.037941523
2409.0676,2024-09-10 17:31:26,Post-GPT,-0.31037593,-0.08416483
2112.02635,2021-12-05 17:46:46,Pre-GPT,-0.34388953,0.08990741
2209.06642,2022-09-13 11:33:06,Pre-GPT,0.16101077,-0.073303446
2311.09461,2023-11-15 23:49:56,Post-GPT,-0.36543393,0.2544724
2011.03744,2020-11-07 10:32:53,Pre-GPT,-0.30968747,0.049496833
1901.06134,2019-01-18 08:51:30,Pre-GPT,-0.106978685,-0.12964362
2509.20974,2025-09-25 10:18:37,Post-GPT,-0.0017906129,0.07205728
1810.01958,2018-09-07 09:36:50,Pre-GPT,-0.20635082,-0.15149999
2010.14557,2020-10-27 18:54:51,Pre-GPT,0.30922335,0.2329996
2208.12453,2022-08-26 06:28:08,Pre-GPT,0.10183686,-0.121259004
1807.08553,2018-07-23 12:12:02,Pre-GPT,-0.18245414,-0.023980787
2308.05399,2023-08-10 07:38:08,Post-GPT,-0.17185327,-0.20166704
2306.03065,2023-06-05 17:43:46,Post-GPT,0.38196948,-0.05783718
2201.04812,2022-01-13 07:03:16,Pre-GPT,0.34670624,-0.112066686
2512.17889,2025-12-19 18:46:17,Post-GPT,-0.17518973,-0.22725284
2506.19622,2025-06-24 13:39:51,Post-GPT,-0.0104391575,-0.06179679
2309.1527,2023-09-26 21:05:59,Post-GPT,-0.09181957,0.32351074
2007.14241,2020-07-27 15:36:56,Pre-GPT,0.28370205,0.084184095
2004.05951,2020-04-13 14:07:28,Pre-GPT,0.09193617,0.19876854
2508.16383,2025-08-22 13:38:12,Post-GPT,0.21971917,0.2860124
1901.08805,2019-01-25 10:01:27,Pre-GPT,-0.04449974,0.10252309
1810.02303,2018-10-01 18:03:24,Pre-GPT,0.24846497,-0.1337511
1805.00073,2018-04-30 19:33:46,Pre-GPT,-0.34304798,-0.19759072
2205.1492,2022-05-30 08:38:09,Pre-GPT,-0.117360145,-0.2631977
1810.01469,2018-10-02 19:33:36,Pre-GPT,-0.18903781,-0.10246414
2203.05351,2022-03-10 12:56:36,Pre-GPT,0.032413706,-0.2946577
2503.20883,2025-03-26 18:00:54,Post-GPT,-0.071477175,-0.04580152
1907.08233,2019-07-18 18:27:42,Pre-GPT,-0.14002822,-0.12693714
1910.07741,2019-10-17 07:13:22,Pre-GPT,0.09338823,0.028797317
2005.05104,2020-05-11 13:41:33,Pre-GPT,0.0702593,0.044387657
2505.18561,2025-05-24 07:01:31,Post-GPT,0.42044798,0.19104688
2511.13793,2025-11-16 21:01:55,Post-GPT,0.18849698,0.15304454
2505.1356,2025-05-19 09:22:22,Post-GPT,-0.088222176,-0.20955053
2512.22599,2025-12-27 14:04:21,Post-GPT,0.16416529,-0.053947825
2010.08074,2020-10-15 23:53:04,Pre-GPT,-0.42412743,0.3077026
2106.02817,2021-06-05 06:56:37,Pre-GPT,0.21710852,0.13795696
1904.06911,2019-04-15 08:43:53,Pre-GPT,-0.36285597,0.118506044
2402.02735,2024-02-05 05:31:03,Post-GPT,0.035099626,-0.2612763
1906.03496,2019-06-08 18:19:50,Pre-GPT,0.32253805,-0.0647257
2512.09881,2025-12-10 18:12:04,Post-GPT,-0.30747736,0.35282516
2502.19024,2025-02-26 10:30:40,Post-GPT,0.28683507,-0.03557446
1802.0049,2018-02-01 21:20:30,Pre-GPT,-0.26197842,0.19785504
1912.00448,2019-12-01 17:19:13,Pre-GPT,0.08645901,0.00047133863
2503.16509,2025-03-14 17:45:07,Post-GPT,0.2844533,0.15665685
2103.15882,2021-03-29 18:39:58,Pre-GPT,-0.39687207,-0.2503688
2202.06896,2022-02-14 17:41:29,Pre-GPT,-0.35512352,-0.06897035
2506.15651,2025-06-18 17:29:19,Post-GPT,0.25882307,0.14325343
2009.07199,2020-09-15 16:22:53,Pre-GPT,-0.11449035,-0.16588198
2009.11357,2020-09-23 19:59:59,Pre-GPT,-0.22849087,-0.33184156
2504.04134,2025-04-05 10:51:28,Post-GPT,-0.3618225,0.20125505
1911.01899,2019-11-05 16:02:12,Pre-GPT,-0.17639697,0.27795285
2409.14803,2024-09-23 08:27:27,Post-GPT,0.23063102,-0.09594172
2509.10858,2025-09-13 15:27:50,Post-GPT,0.28576085,0.23249419
2511.13346,2025-11-17 13:11:41,Post-GPT,-0.074755065,-0.30539864
2505.08452,2025-05-13 11:29:46,Post-GPT,0.035371214,-0.35360485
1904.03068,2019-04-05 13:58:30,Pre-GPT,-0.44222355,0.19336286
1910.1359,2019-10-30 00:23:20,Pre-GPT,-0.3242862,0.219094
2009.05094,2020-09-10 18:56:41,Pre-GPT,0.3703654,0.118535414
2206.10967,2022-06-22 10:35:08,Pre-GPT,0.3758923,0.21485612
2507.00272,2025-06-30 21:30:58,Post-GPT,0.015657306,-0.3439098
2210.10988,2022-10-20 03:26:19,Pre-GPT,-0.13060093,-0.11291306
2405.15753,2024-05-24 17:49:34,Post-GPT,-0.078540504,0.13530836
2103.06676,2021-03-11 14:10:29,Pre-GPT,0.23223326,0.013394948
2404.12311,2024-04-18 16:45:39,Post-GPT,-0.2608655,-0.13409272
2009.05664,2020-09-11 21:24:33,Pre-GPT,0.29132763,0.30389246
2506.01541,2025-06-02 11:07:27,Post-GPT,0.23921803,-0.27126545
2004.07294,2020-04-15 18:51:33,Pre-GPT,0.11910847,-0.023191914
2509.23781,2025-09-28 09:54:30,Post-GPT,0.41510966,0.21330722
2509.08747,2025-09-03 14:37:58,Post-GPT,0.16385528,0.026719216
2405.06628,2024-05-10 17:41:38,Post-GPT,-0.21053287,-0.10343516
2203.03914,2022-03-08 08:24:22,Pre-GPT,0.13409436,-0.21803297
1902.06982,2019-02-19 10:35:31,Pre-GPT,-0.39548352,-0.06903079
2509.00122,2025-08-29 04:04:08,Post-GPT,-0.1175901,-0.24261327
1803.01301,2018-03-04 05:07:03,Pre-GPT,-0.33414957,0.1505114
2402.13552,2024-02-21 06:14:17,Post-GPT,-0.18388699,0.19888356
1904.10959,2019-04-23 22:55:08,Pre-GPT,0.02706033,-0.13172784
2304.09545,2023-04-19 10:24:12,Post-GPT,-0.35774344,0.15431096
2403.04805,2024-03-05 23:02:55,Post-GPT,0.36354825,-0.066668645
2512.16034,2025-12-17 23:32:48,Post-GPT,0.19894224,0.35121697
2510.13614,2025-10-15 14:43:31,Post-GPT,0.26998892,0.16537815
1909.07627,2019-09-17 07:28:05,Pre-GPT,-0.0921476,-0.11076981
1910.09341,2019-10-21 13:10:43,Pre-GPT,-0.18598452,-0.13226376
1807.03044,2018-07-09 11:14:42,Pre-GPT,-0.42931086,0.27881807
2403.04483,2024-03-07 13:36:08,Post-GPT,0.35797733,0.26029307
2410.19863,2024-10-23 11:16:11,Post-GPT,0.30508375,-0.068357475
2109.04805,2021-09-10 11:48:24,Pre-GPT,-0.3247981,0.24003081
2511.05517,2025-10-26 21:19:38,Post-GPT,-0.25557715,0.17518881
2503.1712,2025-03-21 13:14:24,Post-GPT,-0.39929444,0.39325994
2204.08118,2022-04-18 01:18:49,Pre-GPT,-0.42095795,0.0837397
2003.09866,2020-03-22 11:38:25,Pre-GPT,-0.21979105,-0.3461699
2410.173,2024-10-22 15:59:58,Post-GPT,0.07643086,0.035966013
1909.01507,2019-09-04 00:42:20,Pre-GPT,0.3448616,-0.09415345
2212.10646,2022-12-20 20:48:30,Post-GPT,-0.05876314,0.1999105
2404.1404,2024-04-22 09:53:55,Post-GPT,0.2943302,0.004085757
2104.12309,2021-04-26 01:40:54,Pre-GPT,0.30307874,-0.11288531
2112.03747,2021-12-07 15:00:29,Pre-GPT,-0.16063361,-0.17117731
1811.02109,2018-11-06 01:15:13,Pre-GPT,-0.30108747,-0.14227484
1907.09767,2019-07-23 09:00:04,Pre-GPT,-0.49582258,-0.12053929
2207.00954,2022-07-03 04:35:14,Pre-GPT,-0.19033104,-0.0631064
1812.01855,2018-12-05 08:35:05,Pre-GPT,0.347434,0.13418813
2109.08458,2021-09-17 10:34:06,Pre-GPT,-0.23151422,0.037141975
2003.00327,2020-02-29 18:42:56,Pre-GPT,-0.04919961,-0.027847432
2107.00096,2021-06-30 20:46:18,Pre-GPT,0.27871025,-0.1738023
1812.02936,2018-12-07 08:09:01,Pre-GPT,-0.10612351,0.0979702
2405.17449,2024-05-21 17:20:35,Post-GPT,0.09294745,0.17669156
2407.10216,2024-07-14 14:19:12,Post-GPT,-0.09179913,-0.033276748
2104.03882,2021-04-08 16:42:57,Pre-GPT,-0.24689336,0.14859305
2410.19772,2024-10-13 20:38:01,Post-GPT,-0.12300663,-0.22847311
2310.18666,2023-10-28 10:39:15,Post-GPT,-0.062769994,-0.45452332
2504.00972,2025-04-01 17:11:08,Post-GPT,-0.31976253,0.15519585
2212.03435,2022-12-07 03:46:18,Post-GPT,0.18982369,0.14201121
2505.09796,2025-05-14 20:47:13,Post-GPT,0.27495036,0.09453626
2005.01851,2020-05-04 21:20:01,Pre-GPT,0.25081998,-0.27498147
1803.02579,2018-03-07 10:22:06,Pre-GPT,0.32953992,-0.11243613
2011.09735,2020-11-19 09:25:27,Pre-GPT,-0.21453051,-0.12291233
2109.07365,2021-09-15 15:20:36,Pre-GPT,0.3423811,-0.10490768
2001.08098,2020-01-22 16:02:23,Pre-GPT,0.37594953,-0.10617922
2210.03148,2022-10-06 18:10:01,Pre-GPT,-0.37777495,0.27760684
2302.12398,2023-02-24 01:59:57,Post-GPT,0.016687587,-0.2723594
1807.04351,2018-07-11 20:59:16,Pre-GPT,-0.15010002,-0.16409732
1805.06992,2018-05-17 23:20:57,Pre-GPT,0.13749179,0.14009544
2010.12369,2020-10-23 12:58:26,Pre-GPT,0.12055263,-0.28361043
2212.08379,2022-12-16 10:12:54,Post-GPT,0.287395,-0.024435356
2401.11327,2024-01-20 21:16:32,Post-GPT,-0.12812853,-0.19758408
2111.09727,2021-11-18 14:39:14,Pre-GPT,-0.10276888,-0.18100433
1810.10445,2018-10-24 15:17:32,Pre-GPT,-0.30526266,-0.042909935
1803.09235,2018-03-25 12:00:26,Pre-GPT,-0.28644615,0.115799055
2403.15621,2024-03-22 21:16:25,Post-GPT,0.027025178,-0.064766034
1909.13729,2019-09-30 14:15:54,Pre-GPT,-0.38989675,0.31027287
2511.23424,2025-11-28 18:20:58,Post-GPT,-0.16130517,-0.034579888
2402.02958,2024-02-05 12:36:25,Post-GPT,-0.23035806,-0.16433106
2407.01872,2024-07-02 01:13:05,Post-GPT,0.41154113,0.15492882
2404.08022,2024-04-11 08:09:57,Post-GPT,0.2921168,-0.035024203
1903.10874,2019-03-24 08:28:24,Pre-GPT,-0.39545345,0.2767636
2306.08712,2023-06-14 19:31:24,Post-GPT,0.21526536,-0.14997795
2404.06054,2024-04-09 06:40:17,Post-GPT,-0.22146426,-0.10809766
2105.09534,2021-05-20 06:22:04,Pre-GPT,-0.16146515,0.21261773
2504.20318,2025-04-29 00:10:14,Post-GPT,0.3213571,0.120992616
2102.1277,2021-02-25 10:29:01,Pre-GPT,0.12453556,0.11628024
2511.16701,2025-11-18 23:24:00,Post-GPT,-0.1819458,-0.3007751
2107.14661,2021-07-30 14:27:53,Pre-GPT,0.03898479,-0.12817653
2501.17978,2025-01-29 20:23:48,Post-GPT,0.12651911,-0.17261349
2508.16631,2025-08-15 18:56:45,Post-GPT,0.1485289,-0.15729515
2107.08363,2021-07-18 04:44:25,Pre-GPT,-0.3094259,0.20488934
2304.12185,2023-04-20 16:32:02,Post-GPT,0.24384856,-0.1357873
2402.02907,2024-02-05 11:23:32,Post-GPT,-0.205419,-0.20488563
2409.00006,2024-08-15 11:58:48,Post-GPT,0.3767909,0.05622493
2501.01818,2025-01-03 14:03:14,Post-GPT,0.14768794,0.19689806
2405.03003,2024-05-05 17:15:24,Post-GPT,0.22895977,-0.0039453637
2505.23134,2025-05-29 06:10:16,Post-GPT,0.3526683,0.01468193
2510.0555,2025-10-07 03:36:30,Post-GPT,-0.2945788,0.008985892
2503.08904,2025-03-11 21:32:28,Post-GPT,0.097379595,-0.20392577
2505.18575,2025-05-24 07:37:12,Post-GPT,0.42693844,0.07439998
2408.08932,2024-08-16 06:24:28,Post-GPT,-0.21755047,-0.25149727
2503.02017,2025-03-03 19:51:13,Post-GPT,0.26465878,0.0016242005
2503.16476,2025-03-04 13:37:12,Post-GPT,0.117569834,0.024170544
2012.04136,2020-12-08 00:45:17,Pre-GPT,0.28682902,-0.31528974
2312.00587,2023-12-01 13:52:23,Post-GPT,0.006884277,0.006014947
2306.09711,2023-06-16 09:24:23,Post-GPT,-0.065804295,0.08722654
2201.04565,2022-01-12 16:57:07,Pre-GPT,0.19127658,-0.22130685
2305.18434,2023-05-28 23:57:46,Post-GPT,0.25367624,0.10177551
2508.12887,2025-08-18 12:38:59,Post-GPT,-0.1621863,-0.14470953
2406.17683,2024-06-25 16:17:58,Post-GPT,-0.33409774,-0.1068438
2301.10687,2023-01-25 16:45:13,Post-GPT,0.44796017,-0.018276265
2510.1089,2025-10-13 01:38:37,Post-GPT,0.18450066,0.11990704
2405.11778,2024-05-20 04:36:02,Post-GPT,0.2493855,-0.10364433
2009.14141,2020-09-29 16:34:05,Pre-GPT,-0.3621792,0.21480744
2312.00937,2023-12-01 21:34:10,Post-GPT,0.37770936,0.18783374
1810.13049,2018-10-31 00:30:08,Pre-GPT,0.32912934,-0.10364351
2112.00818,2021-12-01 20:34:27,Pre-GPT,0.060091138,0.097947866
2010.10045,2020-10-20 05:51:26,Pre-GPT,0.18057218,-0.080665186
2401.07046,2024-01-13 11:18:46,Post-GPT,-0.10351865,0.02384733
2210.02568,2022-10-05 21:14:06,Pre-GPT,-0.38904986,0.09671664
1901.03324,2019-01-10 04:23:55,Pre-GPT,-0.35734314,0.21067964
2211.11363,2022-11-21 11:30:13,Pre-GPT,0.393015,0.08674191
2412.12278,2024-12-16 19:00:19,Post-GPT,0.41108128,0.018674318
1810.09135,2018-10-22 08:28:55,Pre-GPT,-0.26765597,-0.08341573
2312.13176,2023-12-20 16:36:45,Post-GPT,-0.22238521,0.18353076
2210.17336,2022-10-31 13:57:19,Pre-GPT,-0.071016006,-0.19871658
1905.09053,2019-05-22 10:17:50,Pre-GPT,-0.29196188,-0.23178266
2002.03253,2020-02-09 00:07:25,Pre-GPT,-0.31839174,0.22113414
2209.07697,2022-09-16 03:45:22,Pre-GPT,0.28163376,0.20407665
2305.13053,2023-05-22 14:08:33,Post-GPT,-0.32473794,0.06798647
2110.10596,2021-10-20 14:45:13,Pre-GPT,0.43222985,0.11626713
1802.01016,2018-02-03 19:33:40,Pre-GPT,0.21131715,-0.19253623
2505.1012,2025-05-15 09:46:27,Post-GPT,0.399182,-0.076951265
2312.11506,2023-12-11 11:48:41,Post-GPT,-0.07471661,-0.35136735
2502.04819,2025-02-07 10:42:12,Post-GPT,-0.2124406,-0.0974814
2007.00802,2020-07-01 23:01:09,Pre-GPT,-0.42887804,0.34446016
2102.05565,2021-02-10 16:53:15,Pre-GPT,-0.28642136,-0.22172935
2508.0081,2025-08-01 17:45:01,Post-GPT,-0.07362049,-0.19922517
2108.11558,2021-08-26 02:34:08,Pre-GPT,-0.0892072,-0.13305636
2207.00105,2022-06-30 21:26:10,Pre-GPT,-0.14716186,0.3308345
2512.01054,2025-11-30 19:57:49,Post-GPT,0.41622272,0.0035155788
1803.09254,2018-03-25 13:52:33,Pre-GPT,-0.19109955,-0.26026228
2508.12274,2025-08-17 07:45:34,Post-GPT,0.04059252,-0.05651959
1809.0286,2018-09-08 19:40:14,Pre-GPT,0.19188544,0.017277207
2303.1801,2023-03-31 12:31:29,Post-GPT,0.20228562,0.19320032
1812.06299,2018-12-15 14:47:53,Pre-GPT,-0.29937774,-0.0076379627
2510.13461,2025-10-15 12:08:55,Post-GPT,0.28421095,-0.25430572
1907.08581,2019-07-19 17:22:01,Pre-GPT,-0.35354376,0.20124595
2406.05612,2024-06-09 02:01:25,Post-GPT,0.49681458,-0.019259816
2403.06954,2024-03-11 17:36:44,Post-GPT,0.08151448,-0.23739596
2404.19494,2024-04-30 12:26:05,Post-GPT,0.22926736,-0.025339711
2002.10231,2020-01-09 00:09:53,Pre-GPT,-0.14033297,-0.20302756
2003.0631,2020-03-12 11:25:00,Pre-GPT,0.24521136,-0.14581244
2409.1838,2024-09-27 01:44:22,Post-GPT,-0.11346415,0.17687353
2510.05077,2025-10-06 17:49:58,Post-GPT,0.28424275,0.22881575
2103.00691,2021-03-01 01:56:47,Pre-GPT,-0.39865816,-0.34927937
2303.07756,2023-03-14 10:02:37,Post-GPT,-0.3573691,0.18574086
1907.04205,2019-07-09 14:50:32,Pre-GPT,-0.38127685,0.13965856
2306.07921,2023-06-13 17:26:50,Post-GPT,0.07097769,-0.1313692
2312.15872,2023-12-26 03:39:08,Post-GPT,0.38788185,0.08938567
2412.04753,2024-12-06 03:34:48,Post-GPT,-0.28601003,-0.106837735
2201.047,2022-01-12 21:03:04,Pre-GPT,-0.38707522,-0.044060364
2410.09074,2024-10-03 08:43:21,Post-GPT,-0.3346642,0.09187715
2306.09685,2023-06-16 08:28:13,Post-GPT,-0.45091948,-0.14894976
1912.09657,2019-12-20 06:39:55,Pre-GPT,-0.23755856,0.11484593
2501.13229,2025-01-22 21:28:14,Post-GPT,-0.22524068,0.24617006
1806.01078,2018-06-04 12:45:54,Pre-GPT,0.02801621,-0.059016835
2007.06639,2020-07-13 19:19:21,Pre-GPT,-0.12279466,-0.07111539
2506.19877,2025-06-23 15:31:10,Post-GPT,0.2821328,-0.004133516
1803.03684,2018-03-09 20:29:18,Pre-GPT,-0.04692071,0.12161541
2105.13319,2021-05-27 17:21:30,Pre-GPT,-0.1496254,-0.25808835
2408.08208,2024-08-15 15:18:46,Post-GPT,0.36959538,0.17466725
1912.06882,2019-12-14 17:08:21,Pre-GPT,-0.27153277,-0.19831805
2504.18695,2025-04-25 21:04:19,Post-GPT,0.02126211,-0.19315745
2312.05907,2023-12-10 15:15:50,Post-GPT,0.20190486,-0.049615066
2512.13997,2025-12-16 01:29:50,Post-GPT,-0.0066728443,0.037808847
1812.08483,2018-12-20 11:10:50,Pre-GPT,-0.10373078,-0.15279034
2405.05178,2024-05-08 16:14:02,Post-GPT,-0.27716845,0.19445829
2412.0349,2024-12-04 17:26:30,Post-GPT,0.24484912,-0.080567524
2411.15583,2024-11-23 15:12:16,Post-GPT,0.0715085,0.048330013
2505.0836,2025-05-13 09:08:18,Post-GPT,0.18853563,0.15009885
2501.14443,2025-01-24 12:23:12,Post-GPT,0.33322343,-0.16564697
2110.12706,2021-10-25 07:36:54,Pre-GPT,0.01654473,-0.15318339
2405.11908,2024-05-20 09:43:02,Post-GPT,-0.11610898,-0.13796455
2510.23987,2025-10-28 01:44:42,Post-GPT,-0.3376269,-0.100827396
2205.11835,2022-05-24 06:58:03,Pre-GPT,0.00739789,-0.077395976
2109.10209,2021-09-21 14:38:58,Pre-GPT,0.12341055,-0.012000889
2510.24821,2025-10-28 15:24:13,Post-GPT,0.43853822,0.08465977
2506.04889,2025-06-05 11:15:56,Post-GPT,-0.23210698,-0.23101018
1803.01585,2018-03-05 10:15:38,Pre-GPT,-0.18780817,-0.12219478
2409.01536,2024-09-03 02:11:56,Post-GPT,0.23785692,-0.23171909
1903.0193,2019-03-05 16:49:00,Pre-GPT,0.29655144,0.003354201
2306.05845,2023-06-09 12:18:14,Post-GPT,-0.32023597,-0.2580917
2108.01993,2021-08-04 12:18:02,Pre-GPT,-0.23988827,-0.22279075
2505.06291,2025-05-07 13:32:31,Post-GPT,0.31434187,-0.053665835
1902.07312,2019-02-15 19:01:27,Pre-GPT,-0.32645842,0.13843475
2503.01357,2025-03-03 09:51:15,Post-GPT,-0.41783482,0.32569394
2504.03686,2025-03-22 13:10:27,Post-GPT,0.17504609,-0.08378255
1806.06851,2018-06-16 04:38:45,Pre-GPT,-0.28885862,0.20064597
2411.1474,2024-11-22 05:22:11,Post-GPT,0.35584852,-0.08409102
2203.02123,2022-03-04 03:57:18,Pre-GPT,0.23499802,0.27765957
1908.03074,2019-08-08 13:47:07,Pre-GPT,-0.07984674,-0.08780548
2201.08964,2022-01-22 05:28:44,Pre-GPT,0.10437657,-0.3669848
2406.11743,2024-06-17 17:01:20,Post-GPT,0.42120722,-0.11979289
2510.17283,2025-10-20 08:16:43,Post-GPT,-0.15671368,-0.2043886
2503.07918,2025-03-10 23:47:29,Post-GPT,0.12468499,-0.054500308
2307.04643,2023-07-07 08:14:15,Post-GPT,0.3471438,0.23731609
2407.19299,2024-07-27 16:48:03,Post-GPT,0.38920978,0.11213608
2509.23975,2025-09-28 17:01:53,Post-GPT,-0.03127329,-0.39608315
2007.06624,2020-07-13 18:53:10,Pre-GPT,0.30627927,0.07993846
2301.13396,2023-01-31 04:06:18,Post-GPT,-0.045476116,-0.08411847
2006.16236,2020-06-29 17:55:38,Pre-GPT,0.26350388,-0.054556083
1906.0601,2019-06-14 04:01:56,Pre-GPT,-0.124452375,0.018248416
2202.03388,2022-02-07 18:20:21,Pre-GPT,-0.14243175,0.11776616
2202.02016,2022-02-04 08:29:00,Pre-GPT,0.1936703,0.08712737
2104.10972,2021-04-22 10:10:14,Pre-GPT,0.49380854,0.061432596
1904.01541,2019-04-02 16:56:52,Pre-GPT,-0.08135229,0.10001741
2412.07435,2024-12-10 11:50:46,Post-GPT,0.049062505,-0.18346038
2405.06137,2024-05-09 23:08:42,Post-GPT,-0.35792384,0.08645472
2109.04368,2021-09-09 15:55:29,Pre-GPT,0.14235896,0.22590269
2310.01216,2023-10-02 13:59:27,Post-GPT,-0.32248238,0.3027446
2104.03864,2021-04-08 16:10:37,Pre-GPT,0.33023822,0.026250113
2507.06875,2025-07-09 14:14:22,Post-GPT,-0.41227642,0.11415945
2202.13143,2022-02-26 13:43:57,Pre-GPT,-0.26803792,0.17279415
2507.05894,2025-07-08 11:32:02,Post-GPT,0.3272226,0.18313299
2505.0478,2025-05-07 20:10:48,Post-GPT,-0.3056744,-0.10514608
2105.00376,2021-05-02 02:08:07,Pre-GPT,0.18117073,-0.05003174
2509.21794,2025-09-26 02:49:44,Post-GPT,0.13536465,-0.01925151
2010.06768,2020-10-14 01:46:56,Pre-GPT,0.053192735,-0.1620428
2505.18486,2025-05-24 03:24:44,Post-GPT,0.2228345,0.27304766
1810.06939,2018-10-16 11:53:43,Pre-GPT,-0.39667866,-0.02431262
2101.09135,2021-01-22 14:48:18,Pre-GPT,-0.27829242,0.025882319
2212.04906,2022-11-30 05:59:25,Post-GPT,-0.30610296,0.13087739
2205.02662,2022-05-05 14:11:12,Pre-GPT,-0.017520942,-0.10816659
2110.14051,2021-10-26 22:05:31,Pre-GPT,0.26341346,0.07166925
2111.06014,2021-11-11 01:55:54,Pre-GPT,0.20200595,-0.10296787
2311.16023,2023-11-27 17:36:56,Post-GPT,0.08278552,0.18297529
2411.18329,2024-11-27 13:29:15,Post-GPT,0.18959388,-0.16463251
1804.09208,2018-04-24 18:42:28,Pre-GPT,-0.31000325,-0.053813368
1802.01438,2018-02-01 04:48:23,Pre-GPT,-0.14327951,-0.020033982
2010.14283,2020-10-27 13:32:49,Pre-GPT,-0.40699908,0.27164733
2209.01311,2022-09-03 01:56:58,Pre-GPT,0.38689366,0.08385983
2309.02718,2023-09-06 05:04:54,Post-GPT,-0.31364563,0.2677698
2503.22473,2025-03-28 14:33:29,Post-GPT,0.34439972,0.25685275
2009.02935,2020-09-07 08:20:31,Pre-GPT,0.27462897,0.31502378
2010.06105,2020-10-13 01:21:36,Pre-GPT,-0.27786726,-0.052215163
2312.09326,2023-12-14 20:20:54,Post-GPT,0.06651813,0.10198186
2412.20001,2024-12-28 03:57:07,Post-GPT,-0.343694,0.21556811
2312.05913,2023-12-10 15:27:55,Post-GPT,-0.2621392,0.38768768
1801.0315,2018-01-09 21:46:38,Pre-GPT,0.3043671,0.032446682
2412.05285,2024-11-21 02:52:48,Post-GPT,-0.03995447,0.119450405
2310.16298,2023-10-25 02:12:15,Post-GPT,0.118629515,-0.085161075
2106.09827,2021-06-17 21:52:38,Pre-GPT,-0.4410285,0.04532687
1907.08884,2019-07-20 23:57:46,Pre-GPT,0.20279893,0.035539735
2111.14771,2021-11-29 18:21:29,Pre-GPT,-0.19230649,-0.04340055
2506.05381,2025-06-03 04:01:50,Post-GPT,-0.0800851,-0.06839736
2309.0437,2023-09-08 15:02:46,Post-GPT,0.13090649,-0.12159145
2011.0548,2020-11-11 00:29:15,Pre-GPT,-0.2856248,-0.08579004
2408.07316,2024-08-14 06:25:36,Post-GPT,-0.23626731,0.30493176
2511.01459,2025-11-03 11:19:37,Post-GPT,-0.02232588,-0.18807383
2304.13016,2023-04-25 17:43:27,Post-GPT,0.064748436,-0.0023746453
2212.1128,2022-12-21 17:35:33,Post-GPT,-0.39444742,-0.121076435
1910.07569,2019-10-16 18:55:52,Pre-GPT,-0.30493414,0.27341613
2008.08492,2020-08-19 15:10:18,Pre-GPT,-0.14533965,-0.030237626
2010.03909,2020-10-08 11:43:16,Pre-GPT,0.2083936,0.12115325
2301.13838,2023-01-31 18:31:20,Post-GPT,0.27343485,-0.05782832
2109.04876,2021-09-10 13:44:15,Pre-GPT,0.22259462,0.17684282
2506.19169,2025-06-23 22:09:18,Post-GPT,-0.4495386,0.34989095
2211.0857,2022-11-15 23:25:11,Pre-GPT,0.38202193,-0.14604549
2106.00375,2021-05-28 18:41:32,Pre-GPT,-0.012671769,-0.06341164
1902.03856,2019-02-11 13:15:43,Pre-GPT,0.093076244,0.017674517
2506.12128,2025-06-13 18:00:01,Post-GPT,0.0524365,-0.31597793
2402.01542,2024-02-02 16:35:02,Post-GPT,0.18888912,-0.23095675
2506.13194,2025-06-16 08:00:38,Post-GPT,-0.43377376,0.15560563
1810.04937,2018-10-11 10:01:00,Pre-GPT,0.3220342,-0.13982289
2506.16425,2025-06-19 15:59:40,Post-GPT,-0.01745633,-0.089310214
2408.09202,2024-08-17 13:41:34,Post-GPT,0.15460345,-0.30895826
2308.09982,2023-08-19 11:24:17,Post-GPT,-0.33687472,0.29917932
2310.0698,2023-10-10 20:02:04,Post-GPT,-0.25381476,0.113443285
2407.10144,2024-07-14 10:30:06,Post-GPT,-0.184244,-0.13328633
2001.07832,2020-01-22 00:52:48,Pre-GPT,0.3306769,-0.07819042
1903.09018,2019-03-21 14:15:23,Pre-GPT,-0.28268242,-0.084433556
2303.07603,2023-03-14 02:50:40,Post-GPT,-0.09503165,0.023910515
2209.11623,2022-09-23 14:49:54,Pre-GPT,-0.12332967,-0.20335521
2309.14122,2023-09-25 13:20:15,Post-GPT,0.2694747,0.164866
2101.09237,2021-01-22 17:45:41,Pre-GPT,-0.27046925,-0.1839978
2211.02275,2022-11-04 06:19:13,Pre-GPT,-0.26178682,0.35716742
2407.12013,2024-06-26 12:33:34,Post-GPT,0.1717259,0.12588684
2410.14385,2024-10-18 11:28:52,Post-GPT,-0.15098226,-0.23391035
2508.17922,2025-08-25 11:40:31,Post-GPT,0.38243964,0.027422927
1908.08181,2019-08-22 03:25:57,Pre-GPT,-0.27506173,-0.24259594
2105.15039,2021-05-31 15:21:46,Pre-GPT,0.06446312,0.067125335
2402.06008,2024-02-08 19:10:14,Post-GPT,-0.31904107,0.37026992
2207.08061,2022-07-17 02:59:47,Pre-GPT,-0.13703918,0.053377967
2512.02757,2025-12-02 13:37:12,Post-GPT,0.11689106,-0.3197923
1903.01458,2019-03-04 14:34:52,Pre-GPT,0.38829413,-0.08594751
2406.11121,2024-06-17 00:44:27,Post-GPT,-0.028734267,-0.007913947
2105.11573,2021-05-24 23:26:29,Pre-GPT,-0.36932516,-0.12073028
2204.04483,2022-04-09 14:35:43,Pre-GPT,0.2527726,0.025575649
2210.16227,2022-10-28 16:01:12,Pre-GPT,-0.0045549273,0.033053048
2011.14739,2020-11-30 12:44:34,Pre-GPT,-0.3606266,0.03913099
2508.08814,2025-08-12 10:15:48,Post-GPT,0.18649006,0.08364846
2203.15133,2022-03-28 22:44:43,Pre-GPT,-0.29186627,0.28675777
1804.02751,2018-04-08 20:13:59,Pre-GPT,0.0669688,0.21675189
2110.08754,2021-10-17 08:12:50,Pre-GPT,0.06431317,-0.13256057
2004.07549,2020-04-16 09:33:32,Pre-GPT,-0.26159197,-0.21156584
2311.18239,2023-11-30 04:10:48,Post-GPT,0.004569918,-0.052918766
2401.01587,2024-01-03 07:39:58,Post-GPT,0.16797817,-0.035110153
2204.0589,2022-04-12 15:33:21,Pre-GPT,-0.41890204,0.18958929
2509.06776,2025-09-08 15:03:02,Post-GPT,0.14390957,-0.057022866
2410.22111,2024-10-29 15:11:22,Post-GPT,-0.019159392,-0.17880286
2502.10357,2025-02-14 18:39:18,Post-GPT,0.014212176,0.057221856
2311.14994,2023-11-25 10:46:06,Post-GPT,0.3138933,0.0051630773
1812.04187,2018-12-11 02:08:38,Pre-GPT,0.07915479,-0.03951444
2501.11598,2025-01-20 16:56:45,Post-GPT,-0.39298823,-0.0011835517
2303.1703,2023-03-29 21:21:08,Post-GPT,-0.29799753,0.08552404
1912.10187,2019-12-21 03:30:29,Pre-GPT,-0.055987984,-0.24877302
2410.20184,2024-10-26 13:58:00,Post-GPT,-0.18861742,-0.09364465
2302.08495,2023-01-13 00:48:39,Post-GPT,0.29277447,-0.16272685
1902.0996,2019-02-26 14:30:39,Pre-GPT,-0.1391395,-0.1958756
1911.04361,2019-11-11 16:04:55,Pre-GPT,0.450429,0.20999928
1901.05632,2019-01-17 05:47:28,Pre-GPT,-0.32059655,0.2822221
2506.14322,2025-06-17 09:02:46,Post-GPT,0.10929684,-0.2175629
2102.07589,2021-02-15 15:02:44,Pre-GPT,0.22318164,-0.02992905
2101.07362,2021-01-18 22:56:47,Pre-GPT,-0.17640668,-0.26543388
2301.07905,2023-01-19 06:25:11,Post-GPT,-0.23427966,-0.07963841
2103.15305,2021-03-29 03:24:05,Pre-GPT,0.17277876,-0.08472125
2002.02496,2020-02-06 20:05:13,Pre-GPT,0.25337484,-0.10126491
2009.02884,2020-09-07 04:26:32,Pre-GPT,-0.34934866,0.29378283
1812.00829,2018-12-03 15:21:40,Pre-GPT,-0.18847075,-0.0022241566
2512.11246,2025-12-12 03:08:41,Post-GPT,-0.35783094,0.07696152
2410.22007,2024-10-29 12:54:38,Post-GPT,-0.04576379,-0.03447372
1801.03583,2018-01-10 23:26:02,Pre-GPT,0.09104489,0.072513476
2407.0942,2024-07-12 16:48:08,Post-GPT,-0.47109437,0.13378498
1806.10304,2018-06-27 05:31:08,Pre-GPT,-0.33885536,0.12830721
2207.05542,2022-07-12 14:06:25,Pre-GPT,-0.3561346,-0.12098113
2207.07544,2022-07-15 15:39:43,Pre-GPT,-0.2237469,-0.13316649
1905.04519,2019-05-11 12:59:36,Pre-GPT,0.20255011,0.20710425
2205.12491,2022-05-25 05:03:01,Pre-GPT,0.3661249,0.20121856
2001.11616,2020-01-31 00:12:25,Pre-GPT,-0.19488673,-0.038703296
2404.08726,2024-04-12 16:34:55,Post-GPT,0.22888651,-0.1452011
2001.02669,2020-01-08 18:52:39,Pre-GPT,0.029810011,0.1359068
1808.07459,2018-08-22 17:49:31,Pre-GPT,-0.4128429,-0.07682898
2507.1029,2025-07-14 13:56:59,Post-GPT,0.08286582,-0.22607295
2506.07771,2025-06-09 13:47:07,Post-GPT,-0.18434797,-0.22582944
1903.05126,2019-02-26 16:44:11,Pre-GPT,-0.2074947,0.27033192
2012.14569,2020-12-29 02:18:11,Pre-GPT,0.3261652,0.048122402
2008.01366,2020-08-04 06:50:46,Pre-GPT,0.119317204,-0.203184
2505.18475,2025-05-24 02:38:14,Post-GPT,0.28389466,0.22092174
2004.00899,2020-04-02 09:33:59,Pre-GPT,0.04228194,-0.076890215
2101.0808,2021-01-20 11:37:05,Pre-GPT,-0.30441302,-0.29307085
2510.21017,2025-10-23 21:50:46,Post-GPT,0.36675695,0.0789783
2406.19251,2024-06-27 15:18:21,Post-GPT,0.32766393,0.16692577
2103.0887,2021-03-16 06:42:36,Pre-GPT,0.28322342,-0.12120192
2003.00465,2020-03-01 11:54:31,Pre-GPT,0.004118189,0.03326442
2210.02273,2022-10-05 13:58:27,Pre-GPT,-0.006975472,-0.18172629
2206.09047,2022-06-17 23:12:10,Pre-GPT,-0.24536785,-0.0872363
2406.11639,2024-06-17 15:23:20,Post-GPT,-0.19706064,-0.2815527
2501.01808,2025-01-03 13:43:21,Post-GPT,0.27397057,0.026845261
2111.14072,2021-11-28 07:41:40,Pre-GPT,-0.07197549,0.1287116
2101.10903,2021-01-24 20:57:56,Pre-GPT,-0.03859234,-0.00065454096
2006.07457,2020-06-12 20:40:15,Pre-GPT,0.1328179,-0.094539195
2112.11667,2021-12-22 04:58:12,Pre-GPT,0.18037274,-0.32765895
2304.04273,2023-04-09 16:35:31,Post-GPT,0.32007515,0.006976947
2410.06038,2024-10-08 13:36:51,Post-GPT,-0.13886365,-0.25603908
2303.13228,2023-03-23 12:59:37,Post-GPT,0.3427833,0.008840824
2403.20318,2024-03-29 17:41:57,Post-GPT,0.2884132,-0.06586602
2004.13897,2020-04-29 00:09:43,Pre-GPT,0.29070386,0.27942687
2402.10436,2024-02-16 03:54:48,Post-GPT,-0.082388684,0.2890442
2009.00318,2020-09-01 09:52:33,Pre-GPT,0.17948553,0.27305797
2301.11482,2023-01-27 01:11:42,Post-GPT,0.20541984,-0.28250468
2412.16315,2024-12-20 19:59:37,Post-GPT,-0.2528105,-0.08142914
2407.0762,2024-07-10 12:57:07,Post-GPT,-0.26617908,0.110547885
2111.04206,2021-11-07 23:51:55,Pre-GPT,-0.2595974,-0.27121413
2102.11212,2021-02-08 17:21:48,Pre-GPT,0.048471197,-0.08790505
1907.12109,2019-07-28 17:07:32,Pre-GPT,0.11991963,-0.25448683
2010.05213,2020-10-11 10:22:10,Pre-GPT,0.11193225,0.30926454
1802.00094,2018-01-31 23:05:44,Pre-GPT,0.29605505,-0.11566457
2406.1219,2024-06-18 01:40:52,Post-GPT,-0.3475474,0.2818371
2103.02698,2021-03-03 21:39:04,Pre-GPT,-0.070559174,-0.056805797
2512.08633,2025-12-09 14:19:52,Post-GPT,-0.41848668,0.19400123
2510.2503,2025-10-28 23:08:56,Post-GPT,-0.32324374,0.06341061
2307.02139,2023-07-05 09:29:15,Post-GPT,-0.14777428,0.0014613159
2003.00895,2020-02-28 12:21:31,Pre-GPT,0.43149754,-0.05669465
2411.06373,2024-11-10 06:44:56,Post-GPT,0.036540776,-0.20903619
1906.08624,2019-06-18 05:01:21,Pre-GPT,-0.13917874,-0.36732057
2110.11256,2021-10-21 16:32:31,Pre-GPT,0.29212633,-0.011267746
2504.05907,2025-04-08 11:06:01,Post-GPT,-0.18101594,-0.022262372
2506.04683,2025-06-05 07:03:52,Post-GPT,-0.06670722,-0.25973144
2408.0615,2024-08-12 13:44:24,Post-GPT,0.340749,0.039949637
2105.09874,2021-05-20 16:23:44,Pre-GPT,-0.32003772,-0.050654896
1905.08553,2019-05-21 11:20:15,Pre-GPT,-0.27516446,0.0034798272
2403.04716,2024-03-07 18:14:02,Post-GPT,-0.12107761,0.17246084
2210.06813,2022-10-13 07:55:47,Pre-GPT,-0.110923365,-0.20927401
2506.06898,2025-06-07 19:11:24,Post-GPT,0.35822365,-0.05904941
2502.00706,2025-02-02 07:39:37,Post-GPT,0.21018565,0.25448945
2211.00997,2022-11-02 09:58:31,Pre-GPT,0.0662598,-0.21743165
1912.08926,2019-11-25 03:55:55,Pre-GPT,0.23559538,0.24980302
2502.12519,2025-02-18 04:08:10,Post-GPT,-0.028147869,0.00960537
2311.02468,2023-11-04 18:01:35,Post-GPT,-0.093304604,-0.079773664
2307.03568,2023-07-07 13:01:57,Post-GPT,-0.27861822,-0.2125852
2506.07408,2025-06-09 04:04:08,Post-GPT,0.06020178,-0.26160723
2111.12981,2021-11-25 09:31:15,Pre-GPT,-0.16461645,-0.05734585
2502.09528,2025-02-13 17:39:28,Post-GPT,0.27669215,-0.20714132
2308.04645,2023-08-09 01:02:06,Post-GPT,0.17250958,0.33548295
2405.1387,2024-05-22 17:53:38,Post-GPT,0.3706135,0.13919787
1910.12177,2019-10-27 04:32:45,Pre-GPT,-0.2529938,0.018123623
2410.13851,2024-10-17 17:59:02,Post-GPT,0.2599884,-0.14071941
2301.06014,2023-01-15 03:42:24,Post-GPT,-0.024278335,-0.11580993
2501.04941,2025-01-09 03:16:16,Post-GPT,0.2281898,0.027900651
2011.05911,2020-11-11 17:04:55,Pre-GPT,0.14455155,0.36828202
2410.12158,2024-10-16 01:38:59,Post-GPT,0.39889053,-0.051284548
1902.1124,2019-02-28 17:40:09,Pre-GPT,-0.3434335,-0.14469968
2401.14409,2023-12-08 09:58:23,Post-GPT,-0.11012175,0.061314847
1805.11161,2018-05-28 20:24:04,Pre-GPT,0.2290279,0.27458602
2206.06581,2022-06-14 03:49:03,Pre-GPT,0.26072925,0.2417428
2203.06935,2022-03-14 08:57:12,Pre-GPT,0.13418132,0.085263684
2107.07169,2021-07-15 07:36:01,Pre-GPT,0.24403879,-0.05145425
2107.12655,2021-07-27 08:08:02,Pre-GPT,0.2826555,-0.15595958
1909.11229,2019-09-24 23:40:39,Pre-GPT,0.45111582,-0.044094592
2106.09898,2021-06-18 03:42:56,Pre-GPT,0.31822452,0.20293726
2402.10389,2024-02-16 00:53:30,Post-GPT,-0.14632224,0.026364904
2209.12403,2022-09-26 03:59:17,Pre-GPT,0.10076746,-0.28403956
2411.0714,2024-11-11 17:10:56,Post-GPT,0.23639873,0.4097765
2406.00309,2024-06-01 06:00:12,Post-GPT,-0.22792494,-0.24255341
1806.03232,2018-06-07 14:42:09,Pre-GPT,-0.027390085,-0.19300617
1901.0043,2019-01-02 15:51:34,Pre-GPT,-0.23786202,-0.10853717
2406.00961,2024-06-03 03:31:43,Post-GPT,-0.25435543,-0.12431377
2510.2002,2025-10-22 20:42:49,Post-GPT,0.061855882,0.14027135
2502.04589,2025-02-07 00:49:13,Post-GPT,-0.117277354,-0.18363148
2210.04449,2022-10-10 06:08:24,Pre-GPT,-0.021434039,-0.11789593
2205.06183,2022-05-12 16:08:46,Pre-GPT,-0.3900726,0.18214768
2003.09412,2020-03-20 17:51:36,Pre-GPT,-0.18417415,-0.008293062
2508.05177,2025-08-07 09:14:47,Post-GPT,-0.24160051,0.08348931
2502.04768,2025-02-07 09:04:06,Post-GPT,-0.18827307,-0.3332619
2011.01753,2020-11-03 14:57:42,Pre-GPT,0.39718714,0.12010829
2507.0831,2025-07-11 05:02:24,Post-GPT,0.20381033,0.15512477
1904.00356,2019-03-31 08:01:57,Pre-GPT,-0.21044397,-0.22816813
2511.03737,2025-10-28 23:59:36,Post-GPT,-0.08800831,0.010781802
2107.10536,2021-07-22 09:26:53,Pre-GPT,0.14357746,-0.03508279
2212.02858,2022-12-06 10:03:44,Post-GPT,0.14814714,0.27818567
1807.05116,2018-07-13 14:55:51,Pre-GPT,-0.27826494,-0.3024943
2209.09168,2022-09-19 16:44:44,Pre-GPT,0.16286972,-0.105174065
2505.12281,2025-05-18 07:42:58,Post-GPT,0.18554783,-0.11222048
1908.10925,2019-08-28 19:44:20,Pre-GPT,0.14345142,-0.08626771
2307.03485,2023-07-07 09:46:53,Post-GPT,-0.05941827,-0.23197009
2410.01768,2024-10-02 17:25:31,Post-GPT,0.35104033,0.008192556
2303.15265,2023-03-27 14:54:43,Post-GPT,0.3560724,0.24510498
2012.0784,2020-12-14 01:45:46,Pre-GPT,-0.3465275,0.1845644
1901.09129,2019-01-26 00:45:44,Pre-GPT,0.029143482,-0.08756223
2402.1167,2024-02-18 18:16:43,Post-GPT,0.3522947,0.05727678
2301.13756,2023-01-31 16:45:36,Post-GPT,0.0210699,0.1601142
2507.01579,2025-07-02 10:53:22,Post-GPT,0.14104465,0.010632366
2006.09153,2020-06-16 13:49:18,Pre-GPT,-0.21611711,-0.16499692
2106.0934,2021-06-17 09:24:20,Pre-GPT,-0.15067022,-0.17870106
2509.09838,2025-09-11 20:34:08,Post-GPT,0.16700593,-0.09859322
2506.01547,2025-06-02 11:21:07,Post-GPT,-0.43940467,0.34751725
2007.04057,2020-07-08 12:14:38,Pre-GPT,0.016696006,0.036078136
2512.1661,2025-12-18 14:52:05,Post-GPT,-0.16876766,-0.23305513
2406.06588,2024-06-05 12:22:43,Post-GPT,0.24469402,0.28564256
2511.09125,2025-11-12 09:01:21,Post-GPT,-0.36435938,0.21381386
2410.21306,2024-10-25 01:17:02,Post-GPT,0.2064319,0.32241383
1910.04042,2019-10-09 15:06:57,Pre-GPT,-0.34369415,0.20502327
2110.1504,2021-10-28 12:01:06,Pre-GPT,-0.199672,-0.0786577
2110.08835,2021-10-17 14:32:29,Pre-GPT,0.11422774,0.3174485
1910.10869,2019-10-24 01:18:24,Pre-GPT,0.24721724,0.23683928
2104.04896,2021-04-11 01:57:55,Pre-GPT,0.22543135,0.23337252
2106.14434,2021-06-28 07:36:09,Pre-GPT,0.22393784,0.36479995
1909.01198,2019-09-03 14:11:44,Pre-GPT,-0.32814562,0.11138165
2103.11279,2021-03-21 01:36:22,Pre-GPT,0.09467824,-0.1472194
2203.06585,2022-03-13 06:23:18,Pre-GPT,0.32239154,-0.13939458
2211.01086,2022-11-02 12:54:27,Pre-GPT,0.41507986,0.10923034
1807.11701,2018-07-31 08:27:04,Pre-GPT,-0.19535688,-0.19407956
2507.15027,2025-07-20 16:30:32,Post-GPT,0.013808757,-0.13757828
2212.02761,2022-12-06 05:24:42,Post-GPT,0.29348803,-0.07887013
2003.04234,2020-03-09 16:17:55,Pre-GPT,-0.31740513,0.2955962
2111.14971,2021-11-29 21:34:57,Pre-GPT,0.39937863,-8.4806234e-05
2402.13402,2024-02-20 22:12:33,Post-GPT,0.15505835,-0.23941882
2407.0083,2024-06-30 20:49:56,Post-GPT,0.3331524,-0.03343937
1905.04198,2019-05-10 14:40:04,Pre-GPT,-0.25011164,0.010602258
2402.0891,2024-02-14 02:53:51,Post-GPT,0.36784026,-0.04192754
2303.08416,2023-03-15 07:31:55,Post-GPT,0.37542,-0.017957572
2011.11196,2020-11-23 03:26:12,Pre-GPT,-0.23721723,-0.18759002
2502.0372,2025-02-06 02:19:23,Post-GPT,-0.30418777,-0.005496066
2011.11403,2020-11-23 13:55:29,Pre-GPT,-0.18111283,-0.1971065
2404.08357,2024-04-12 09:50:40,Post-GPT,-0.42611116,0.33835796
1907.0758,2019-07-17 15:23:32,Pre-GPT,0.14041391,-0.009987246
2511.05995,2025-11-08 12:55:23,Post-GPT,0.12114692,-0.23926179
2003.12009,2020-03-25 02:28:04,Pre-GPT,0.25225636,-0.04543753
1808.05423,2018-08-16 11:30:26,Pre-GPT,-0.19251287,-0.11334132
1811.03272,2018-11-08 05:09:19,Pre-GPT,-0.0039358586,-0.03243941
1910.02675,2019-10-07 08:52:50,Pre-GPT,0.32726526,-0.016551964
2107.07734,2021-07-16 07:08:55,Pre-GPT,-0.20674437,-0.22556154
2511.10055,2025-11-13 07:57:10,Post-GPT,0.3687221,0.1761532
2203.16755,2022-03-31 02:24:53,Pre-GPT,0.36955246,-0.13479504
2007.01849,2020-07-03 17:57:24,Pre-GPT,-0.40739438,0.2694127
2305.01811,2023-05-02 22:33:26,Post-GPT,-0.14472976,0.046181265
2305.16133,2023-05-25 15:07:25,Post-GPT,0.37453625,0.022733282
2407.08214,2024-07-11 06:31:04,Post-GPT,0.25984386,-0.16313073
2309.11444,2023-09-20 16:18:04,Post-GPT,-0.3146887,0.3104588
2305.11817,2023-05-19 16:51:52,Post-GPT,-0.114953555,-0.24785338
1912.09619,2019-12-20 02:44:40,Pre-GPT,-0.15429433,-0.17949681
2002.04176,2020-02-11 02:38:39,Pre-GPT,0.27596918,0.030716296
2508.12305,2025-08-17 09:46:15,Post-GPT,-0.11992553,-0.26189217
2505.05486,2025-04-28 13:11:32,Post-GPT,0.28235528,0.026508573
2104.03448,2021-04-08 00:52:45,Pre-GPT,0.10788998,-0.080072075
2508.1084,2025-08-14 17:06:50,Post-GPT,0.31333166,0.039956946
2208.07227,2022-08-15 14:32:10,Pre-GPT,0.3464017,-0.08143203
2006.04985,2020-06-08 23:22:58,Pre-GPT,-0.18095857,0.004853096
2502.05252,2025-02-07 17:05:25,Post-GPT,0.23834103,0.20629524
2507.13959,2025-07-18 14:24:22,Post-GPT,0.2534021,0.16563256
2008.00086,2020-08-03 06:51:34,Pre-GPT,0.14918086,-0.064308465
2504.02882,2025-04-02 05:47:28,Post-GPT,0.3443865,0.2432688
2504.13799,2025-04-18 17:01:33,Post-GPT,-0.050546177,-0.19603647
1811.08741,2018-11-21 14:06:32,Pre-GPT,-0.35169634,-0.20970632
2303.02781,2023-03-05 21:41:16,Post-GPT,0.3732243,0.0846352
2409.06502,2024-09-10 13:37:53,Post-GPT,-0.23422635,-0.1526708
2005.04539,2020-05-10 01:05:26,Pre-GPT,0.14036322,-0.18928169
2203.12322,2022-03-23 10:46:43,Pre-GPT,-0.21569563,-0.20484398
2204.03402,2022-04-07 12:39:20,Pre-GPT,-0.17473443,-0.12631984
2507.19251,2025-07-25 13:20:14,Post-GPT,-0.18981662,-0.22180772
1801.10184,2018-01-30 19:40:42,Pre-GPT,-0.4508819,0.16390963
1806.07687,2018-06-20 12:13:53,Pre-GPT,0.2468625,0.33605975
2411.1509,2024-11-22 17:34:04,Post-GPT,0.0023306906,0.070886165
2308.12673,2023-08-24 09:31:02,Post-GPT,0.3356393,0.07540569
2405.13244,2024-05-21 23:11:11,Post-GPT,-0.04395718,-0.039844576
2405.11258,2024-05-18 11:10:45,Post-GPT,0.34161612,0.23339589
2305.15374,2023-05-24 17:32:58,Post-GPT,0.35741955,0.20056464
2512.00556,2025-11-29 16:56:38,Post-GPT,0.36252683,0.293539
2203.02336,2022-03-04 14:21:28,Pre-GPT,0.23212293,0.0028480105
2502.08897,2025-02-13 02:22:53,Post-GPT,-0.30848157,-0.20792948
2203.1327,2022-03-24 18:00:18,Pre-GPT,0.4196354,0.2429593
2405.07584,2024-05-13 09:44:02,Post-GPT,-0.02649004,-0.0019154912
2210.1009,2022-10-18 18:41:56,Pre-GPT,0.3533894,0.07831383
2004.10187,2020-04-21 17:50:09,Pre-GPT,-0.28222984,0.058096673
2411.18069,2024-11-27 05:43:00,Post-GPT,0.26838914,0.28915542
2305.1766,2023-05-28 08:01:40,Post-GPT,0.3617911,0.24049188
2411.15722,2024-11-24 05:49:34,Post-GPT,-0.15878859,-0.29537535
1808.07023,2018-08-21 17:13:54,Pre-GPT,-0.36945254,-0.06261426
2110.00139,2021-10-01 00:36:34,Pre-GPT,0.18440261,-0.18345517
2002.04023,2020-02-10 18:51:45,Pre-GPT,0.32473126,0.057851378
2301.03143,2023-01-09 01:54:52,Post-GPT,-0.12271552,-0.1930434
2202.11129,2022-02-22 19:11:07,Pre-GPT,0.05342947,0.048852768
2105.06145,2021-05-13 08:50:39,Pre-GPT,-0.0042040646,0.037017215
2002.03762,2020-02-10 14:10:41,Pre-GPT,-0.21713501,0.29170123
2411.16779,2024-11-25 07:57:17,Post-GPT,0.32880917,-0.20941141
2506.21297,2025-06-26 14:17:22,Post-GPT,-0.0008506328,0.11960818
2312.13058,2023-12-20 14:34:51,Post-GPT,-0.3492201,0.13550492
2405.13257,2024-05-22 00:09:03,Post-GPT,-0.36213902,0.29982254
2410.02735,2024-10-03 17:52:42,Post-GPT,0.38627228,0.21144104
2010.04887,2020-10-10 03:14:00,Pre-GPT,0.27378383,0.20423095
2405.14589,2024-05-23 14:00:26,Post-GPT,0.25055048,0.3555673
2402.07391,2024-02-12 03:31:34,Post-GPT,-0.001064837,-0.01189957
2109.14673,2021-09-29 19:14:16,Pre-GPT,-0.15559617,0.19652209
2402.18134,2024-02-28 07:56:28,Post-GPT,0.17819384,-0.18856867
2511.08742,2025-11-11 19:57:13,Post-GPT,-0.24357827,-0.2944554
2509.12051,2025-09-15 15:32:57,Post-GPT,0.24580964,-0.15104638
1911.03944,2019-11-10 15:15:10,Pre-GPT,-0.4268156,-0.14224978
2412.15261,2024-12-16 19:28:45,Post-GPT,-0.09964473,0.065008104
1810.02416,2018-10-04 20:37:02,Pre-GPT,-0.11643194,-0.25431487
2006.01955,2020-06-02 21:38:04,Pre-GPT,-0.32831526,-0.14314038
2003.10004,2020-03-22 21:50:25,Pre-GPT,-0.3220902,0.26178706
2505.00394,2025-05-01 08:30:40,Post-GPT,0.3395773,-0.14882883
2507.04523,2025-07-06 20:22:58,Post-GPT,0.11831704,-0.21755518
2502.04953,2025-02-07 14:19:56,Post-GPT,-0.04913032,0.17276524
2404.17808,2024-04-27 07:12:07,Post-GPT,0.20543036,0.28090984
2011.06785,2020-11-13 06:52:26,Pre-GPT,-0.4104807,0.3305393
1812.09158,2018-12-21 14:49:02,Pre-GPT,-0.07437982,-0.09197524
2102.03736,2021-02-07 07:54:29,Pre-GPT,-0.056163877,-0.20052515
2507.20339,2025-07-27 16:03:55,Post-GPT,-0.2364304,0.15737177
2201.11067,2022-01-26 17:26:59,Pre-GPT,-0.008701146,0.008549526
2409.17671,2024-09-26 09:30:37,Post-GPT,0.1945503,-0.10382828
1902.10237,2019-02-26 21:34:56,Pre-GPT,-0.4312853,0.1155498
2107.05405,2021-07-12 13:14:03,Pre-GPT,0.35016656,-0.1849526
2106.02313,2021-06-04 07:50:18,Pre-GPT,-0.4506205,-0.047745183
2309.10177,2023-09-18 22:02:47,Post-GPT,0.14205167,-0.12647301
2108.06359,2021-08-13 18:42:29,Pre-GPT,-0.3408581,0.26444668
2402.03764,2024-02-06 07:12:38,Post-GPT,-0.3018415,-0.13690974
2509.00381,2025-08-30 06:38:13,Post-GPT,0.2217544,0.21760349
2402.00286,2024-02-01 02:33:38,Post-GPT,-0.34667295,0.10324253
1904.12287,2019-04-28 09:40:01,Pre-GPT,-0.35561845,0.07873899
2204.02239,2022-04-05 14:23:42,Pre-GPT,-0.25800085,-0.027792435
2012.06682,2020-12-12 00:21:16,Pre-GPT,-0.1865232,0.15147252
2410.14305,2024-10-18 09:09:35,Post-GPT,-0.043857247,-0.20707105
2108.03862,2021-08-09 08:15:17,Pre-GPT,0.27361217,-0.12433083
1902.06534,2019-02-18 12:04:43,Pre-GPT,-0.44256502,0.36889338
2405.02836,2024-05-05 07:23:47,Post-GPT,-0.37663543,0.22401427
1912.00311,2019-12-01 03:30:00,Pre-GPT,0.45817295,0.1782596
2001.07042,2020-01-20 10:15:28,Pre-GPT,-0.114795335,0.12893541
2108.13941,2021-08-31 16:01:45,Pre-GPT,0.20743307,-0.23558564
2001.09823,2020-01-27 14:34:44,Pre-GPT,-0.14536418,0.07723524
2511.01727,2025-11-03 16:37:10,Post-GPT,-0.24381188,-0.104785636
2309.05327,2023-09-11 09:21:33,Post-GPT,-0.25842172,-0.15284121
2401.00381,2023-12-31 03:27:20,Post-GPT,0.14015451,-0.07897547
2110.14041,2021-10-26 21:34:15,Pre-GPT,-0.2913507,-0.03784032
2206.03133,2022-06-07 09:16:15,Pre-GPT,-0.34191662,-0.2326307
1911.05483,2019-10-26 08:38:19,Pre-GPT,-0.028387144,0.33290264
1802.03072,2018-02-08 23:09:56,Pre-GPT,0.05566895,0.1790949
1901.06415,2019-01-18 20:42:43,Pre-GPT,0.2696379,-0.09503767
1810.10324,2018-10-13 18:52:07,Pre-GPT,0.18256232,-0.030655816
2406.19583,2024-06-28 00:15:07,Post-GPT,-0.21772918,-0.13139766
2104.02695,2021-04-06 17:42:49,Pre-GPT,-0.3123009,0.258568
2212.07543,2022-12-14 23:01:53,Post-GPT,0.024730042,-0.012846416
1910.10617,2019-10-23 15:30:48,Pre-GPT,-0.28393424,-0.22586256
2004.03643,2020-04-07 18:27:32,Pre-GPT,0.37605324,0.170406
2501.03675,2025-01-07 10:21:21,Post-GPT,0.46367767,0.1211627
2107.00164,2021-07-01 01:14:32,Pre-GPT,0.06281653,0.022515971
2101.05511,2021-01-14 09:12:32,Pre-GPT,-0.09092717,0.053038176
2006.06085,2020-06-10 22:10:10,Pre-GPT,0.19588727,-0.27218616
2509.13481,2025-09-16 19:25:38,Post-GPT,0.026971132,-0.22307375
2209.14667,2022-09-29 10:00:29,Pre-GPT,0.37494054,0.1822172
2307.1594,2023-07-29 09:26:13,Post-GPT,-0.43109512,0.26394913
2111.03132,2021-11-04 19:56:21,Pre-GPT,-0.018304847,-0.19019426
2108.10643,2021-08-24 11:07:46,Pre-GPT,-0.029560737,0.31735048
2107.14704,2021-07-30 15:26:51,Pre-GPT,0.07716979,-0.17108767
2001.01579,2019-12-31 00:45:38,Pre-GPT,-0.016624272,-0.10998635
2305.11139,2023-05-18 17:34:15,Post-GPT,-0.39774102,0.23069642
2305.17093,2023-05-26 17:05:55,Post-GPT,-0.13088542,-0.28630462
1811.05963,2018-11-14 18:52:25,Pre-GPT,-0.04689429,0.017625935
2401.03482,2024-01-07 13:48:05,Post-GPT,0.31463343,-0.008411627
2402.04656,2024-02-07 08:44:01,Post-GPT,-0.17920998,-0.12414627
2306.09574,2023-06-16 01:39:28,Post-GPT,0.0026005208,-0.080517754
2305.08144,2023-05-14 12:31:03,Post-GPT,0.31311116,0.15457104
1804.10152,2018-04-26 16:26:44,Pre-GPT,-0.114847675,0.0033305325
2207.11038,2022-07-22 12:19:28,Pre-GPT,-0.40960845,-0.073579475
2105.05731,2021-05-12 15:28:55,Pre-GPT,-0.3461527,0.13113268
2111.02332,2021-11-03 16:27:15,Pre-GPT,-0.2682714,-0.22309545
2108.02703,2021-08-05 16:12:41,Pre-GPT,-0.2179407,-0.24693169
2412.15773,2024-12-20 10:44:08,Post-GPT,-0.24796903,-0.1832491
2210.07771,2022-10-14 13:01:00,Pre-GPT,0.37120178,0.17667304
2510.12673,2025-10-14 16:08:47,Post-GPT,-0.24761151,-0.018996675
2112.02501,2021-12-05 07:41:01,Pre-GPT,0.038804263,-0.4009428
2102.07078,2021-02-14 05:36:25,Pre-GPT,0.40080908,0.025234759
2011.12778,2020-11-22 12:42:49,Pre-GPT,-0.41256398,0.22383071
2212.10046,2022-12-20 07:43:21,Post-GPT,0.14911494,0.22316729
2401.04371,2024-01-09 06:08:49,Post-GPT,-0.016666159,-0.009222035
2105.07769,2021-05-17 12:25:09,Pre-GPT,-0.3771615,-0.103948325
2409.20123,2024-09-30 09:22:15,Post-GPT,-0.120218895,0.1481347
2107.07844,2021-07-16 12:12:28,Pre-GPT,0.14597574,-0.15318768
2305.10239,2023-05-17 14:27:08,Post-GPT,-0.2994836,-0.109899595
2403.04253,2024-03-07 06:35:59,Post-GPT,0.3063666,-0.08611071
2101.10378,2021-01-25 19:52:01,Pre-GPT,-0.13155448,-0.23922482
2212.03199,2022-12-06 18:19:54,Post-GPT,-0.35067716,-0.1315074
2312.1263,2023-12-19 22:20:07,Post-GPT,-0.055321768,-0.25316805
2304.14845,2023-04-28 13:34:26,Post-GPT,0.3775541,0.0640084
2303.02679,2023-03-05 14:32:10,Post-GPT,-0.36920434,0.024496146
2407.19746,2024-07-29 07:18:11,Post-GPT,0.33136824,-0.109957054
2203.00129,2022-02-28 22:58:47,Pre-GPT,0.40488794,-0.14346534
2104.01035,2021-04-02 13:13:48,Pre-GPT,-0.17667009,-0.0035758074
2004.11174,2020-04-23 14:09:15,Pre-GPT,-0.2349607,0.14811365
1910.04401,2019-10-10 07:30:07,Pre-GPT,-0.21673688,0.25298232
1903.05735,2019-03-13 22:04:42,Pre-GPT,-0.46946868,0.05235986
1912.11693,2019-12-25 17:09:13,Pre-GPT,0.0218243,-0.11563115
2108.12054,2021-08-26 22:33:40,Pre-GPT,0.08748712,-0.23083182
2207.01442,2022-07-04 14:31:25,Pre-GPT,-0.3317051,0.015288815
2202.13222,2022-02-26 20:16:30,Pre-GPT,-0.37934843,-0.003232859
2406.12282,2024-06-18 05:19:51,Post-GPT,0.2674676,-0.12116745
2510.22324,2025-10-25 15:04:12,Post-GPT,0.025173053,-0.19132356
2507.04178,2025-07-05 22:11:43,Post-GPT,-0.16189685,-0.14120086
1805.00181,2018-05-01 04:18:15,Pre-GPT,-0.13312706,0.10584156
1912.12446,2019-12-28 11:48:39,Pre-GPT,0.07150251,-0.10442613
1807.06941,2018-07-02 09:07:06,Pre-GPT,-0.25780383,0.09615567
2212.04873,2022-12-09 14:24:39,Post-GPT,0.38098553,0.14782657
2412.09193,2024-12-12 11:42:39,Post-GPT,0.2107481,-0.18402928
1906.05823,2019-06-13 17:09:19,Pre-GPT,-0.21747175,-0.08258222
2012.0206,2020-12-03 16:45:11,Pre-GPT,-0.41172084,0.24392237
2512.11689,2025-12-12 16:11:47,Post-GPT,0.054232404,0.06971565
2206.13714,2022-06-28 02:56:12,Pre-GPT,0.29669365,-0.17222406
2308.15007,2023-08-29 04:02:36,Post-GPT,0.12880847,0.021366365
2510.0073,2025-10-01 10:14:32,Post-GPT,-0.074105516,0.23965056
2512.14506,2025-12-16 15:42:22,Post-GPT,0.35610434,0.15163092
2511.01786,2025-11-03 17:39:31,Post-GPT,-0.3609326,0.26558548
2109.09077,2021-09-19 08:03:36,Pre-GPT,0.27722344,-0.15895836
2501.03797,2025-01-07 14:05:39,Post-GPT,-0.28209996,0.29574528
2302.06583,2023-02-13 18:36:28,Post-GPT,-0.11144717,-0.13682097
2504.16537,2025-04-23 09:07:21,Post-GPT,0.14873144,0.27948958
2507.09537,2025-07-13 08:39:02,Post-GPT,0.43889204,-0.04756282
2310.05283,2023-10-08 21:13:41,Post-GPT,-0.3203258,0.09300579
1806.06208,2018-06-16 08:31:06,Pre-GPT,0.32642153,0.114907175
2111.0093,2021-11-01 13:28:57,Pre-GPT,-0.19038476,0.024633776
2511.2334,2025-11-28 16:49:25,Post-GPT,0.30325425,-0.109461635
2510.06683,2025-10-08 06:12:59,Post-GPT,0.020051539,-0.062199242
2404.00935,2024-04-01 05:41:18,Post-GPT,-0.10808568,-0.1666822
2108.02872,2021-08-05 22:30:47,Pre-GPT,0.2129266,-0.042079404
2111.07177,2021-11-13 19:21:30,Pre-GPT,-0.33934736,0.19945632
2401.09604,2024-01-17 21:30:22,Post-GPT,0.19862089,0.0328102
2009.12744,2020-09-27 05:26:01,Pre-GPT,0.012524843,-0.26976553
2005.06761,2020-05-14 07:20:33,Pre-GPT,-0.18746015,-0.094818294
2306.03311,2023-06-05 23:38:31,Post-GPT,0.30162683,0.12547763
1904.11754,2019-04-26 10:39:31,Pre-GPT,0.055621132,-0.13525079
2112.06509,2021-12-13 09:41:32,Pre-GPT,-0.09588861,0.098535255
2310.04445,2023-10-02 23:29:23,Post-GPT,0.09198204,0.27433753
2508.09574,2025-08-13 07:44:59,Post-GPT,0.0868803,-0.112580135
2407.07982,2024-07-10 18:29:22,Post-GPT,0.3901786,0.047901142
2009.01931,2020-09-03 21:19:58,Pre-GPT,-0.1894436,0.06486982
1806.04655,2018-06-12 17:31:23,Pre-GPT,0.42907974,0.18363898
1909.12448,2019-09-27 00:31:44,Pre-GPT,0.043079525,-0.09687777
2510.164,2025-10-18 08:24:00,Post-GPT,-0.25960726,-0.02386884
2208.12927,2022-08-27 04:52:38,Pre-GPT,-0.17953971,-0.22172402
2105.11984,2021-05-25 14:40:54,Pre-GPT,-0.18648705,-0.20209403
2507.04126,2025-07-05 18:40:32,Post-GPT,0.053597495,0.0234879
2203.10414,2022-03-20 00:00:58,Pre-GPT,-0.41864863,-0.1282914
2403.17286,2024-03-26 00:29:52,Post-GPT,0.08883613,0.22270676
1802.05758,2018-02-15 20:49:19,Pre-GPT,0.27523583,0.28976822
2112.15294,2021-12-31 04:25:02,Pre-GPT,-0.14643389,-0.061440583
2510.02808,2025-10-03 08:24:45,Post-GPT,-0.079672456,-0.095523804
2304.0392,2023-04-08 05:31:09,Post-GPT,-0.31741917,0.08544293
2501.15336,2025-01-25 22:28:28,Post-GPT,-0.4817177,0.22326203
2403.12756,2024-03-19 14:26:50,Post-GPT,-0.38537362,0.3796761
2010.10052,2020-10-20 06:08:42,Pre-GPT,0.21493289,-0.15027921
1905.09552,2019-05-23 09:36:25,Pre-GPT,0.01872167,0.054134298
1803.11074,2018-03-28 14:45:17,Pre-GPT,-0.35173732,0.27564603
2004.06263,2020-04-14 01:48:16,Pre-GPT,-0.13683194,0.03394239
2404.0362,2024-04-04 17:43:06,Post-GPT,0.3417301,0.035357002
2504.17428,2025-04-24 10:38:55,Post-GPT,0.09214866,0.29255605
1911.07712,2019-11-18 15:41:15,Pre-GPT,0.24160707,0.009727649
2012.07596,2020-12-14 14:40:47,Pre-GPT,0.3182132,-0.21013653
2502.14135,2025-02-19 22:42:30,Post-GPT,0.19764382,0.026209872
2311.05089,2023-11-09 01:27:54,Post-GPT,0.3477057,0.22310646
2305.02217,2023-05-03 15:54:23,Post-GPT,0.14877006,0.013600636
2306.01668,2023-06-02 16:42:20,Post-GPT,0.31817123,0.057435613
1801.09456,2018-01-29 11:30:56,Pre-GPT,-0.011873506,0.076844946
1903.05363,2019-03-13 08:51:43,Pre-GPT,-0.2985743,0.25726908
2003.00045,2020-02-28 20:03:43,Pre-GPT,-0.0198913,0.2432989
2203.12248,2022-03-23 07:45:00,Pre-GPT,-0.2815703,0.3114629
1912.11803,2019-12-26 08:48:04,Pre-GPT,0.34705123,-0.02948843
1907.07086,2019-07-16 15:55:55,Pre-GPT,-0.28736308,-0.2907548
1803.09614,2018-03-26 14:24:37,Pre-GPT,-0.3548537,0.27037922
2202.13531,2022-02-28 04:02:43,Pre-GPT,-0.3232895,-0.21682781
1802.06827,2018-02-19 19:57:10,Pre-GPT,-0.2534758,0.045543637
1910.09753,2019-10-22 03:41:33,Pre-GPT,0.35605583,0.22849987
2008.06935,2020-08-16 15:23:43,Pre-GPT,-0.06772611,0.19257425
1903.02142,2019-03-06 02:28:00,Pre-GPT,-0.14741196,0.035822775
2306.10959,2023-06-19 14:24:59,Post-GPT,0.39690706,0.029234324
1911.12477,2019-11-28 01:24:07,Pre-GPT,-0.3406593,-0.24307872
2105.04431,2021-05-10 14:43:11,Pre-GPT,0.3443713,0.0735801
2405.15542,2024-05-24 13:29:57,Post-GPT,0.16243848,-0.15537216
2510.1297,2025-10-14 20:26:19,Post-GPT,-0.11470361,-0.25900728
2111.1178,2021-11-23 10:47:11,Pre-GPT,-0.26610214,0.107310265
1804.05994,2018-04-17 00:46:02,Pre-GPT,-0.10555734,-0.22319637
2411.15879,2024-11-24 15:37:32,Post-GPT,-0.29735264,0.2205316
2506.22341,2025-06-27 15:51:22,Post-GPT,-0.3265149,0.07111867
2302.01328,2023-02-02 18:58:05,Post-GPT,0.4355735,0.19227205
2003.01063,2020-03-02 17:49:32,Pre-GPT,0.31407627,-0.1405736
2403.14866,2024-03-21 22:21:46,Post-GPT,-0.07061103,-0.040310007
1805.0093,2018-05-02 17:51:13,Pre-GPT,0.27214786,-0.059893046
2303.06864,2023-03-13 05:17:40,Post-GPT,-0.21301283,0.20072658
1904.03773,2019-04-07 23:31:04,Pre-GPT,-0.0811378,-0.10635921
2505.09494,2025-05-14 15:43:09,Post-GPT,-0.037787862,-0.06922051
2312.04974,2023-12-08 11:10:10,Post-GPT,0.26725578,0.24180032
2302.01694,2023-02-03 12:48:33,Post-GPT,-0.14761393,-0.11773676
2101.03736,2021-01-11 07:47:40,Pre-GPT,-0.19181539,0.2053186
2503.00143,2025-02-28 19:40:09,Post-GPT,0.13992247,-0.10731974
2404.16579,2024-04-25 12:47:47,Post-GPT,0.23654455,-0.2119589
1809.02255,2018-09-07 00:00:39,Pre-GPT,0.3294096,0.26372653
2501.17216,2025-01-28 18:58:53,Post-GPT,0.2124897,-0.11836341
1910.00251,2019-10-01 08:30:50,Pre-GPT,-0.40033102,0.326082
2404.07449,2024-04-11 03:09:34,Post-GPT,0.4009123,0.12021497
2306.07836,2023-06-13 15:13:41,Post-GPT,-0.22614901,-0.22023202
2206.06715,2022-06-14 09:40:17,Pre-GPT,0.3001387,-0.16830623
2403.13556,2024-03-20 12:51:30,Post-GPT,0.3719739,-0.05958942
2409.02933,2024-08-21 17:41:08,Post-GPT,-0.28729945,0.049151827
2107.0979,2021-07-20 22:39:00,Pre-GPT,-0.35061494,0.23325755
1905.04629,2019-05-12 02:30:09,Pre-GPT,0.16671652,-0.11293501
1807.02111,2018-07-05 15:35:39,Pre-GPT,-0.06851916,-0.26991427
1811.12666,2018-11-30 08:16:57,Pre-GPT,0.30505946,-0.12112188
1805.01338,2018-05-03 14:50:29,Pre-GPT,-0.29341298,-0.07473383
1803.07781,2018-03-21 07:43:53,Pre-GPT,0.38567397,-0.1047063
2303.04374,2023-03-08 04:57:53,Post-GPT,-0.13392095,-0.2944926
1903.11322,2019-03-27 10:02:01,Pre-GPT,-0.34814185,0.21844316
2508.11896,2025-08-16 03:57:55,Post-GPT,-0.10326722,-0.44623518
2306.02228,2023-06-04 01:38:55,Post-GPT,0.32580638,0.3042124
2110.15617,2021-10-29 08:32:20,Pre-GPT,-0.47748286,-0.05278858
2405.02556,2024-05-04 04:05:59,Post-GPT,0.366815,0.011764258
2004.13802,2020-04-28 20:13:34,Pre-GPT,-0.40402347,0.05207808
2407.21566,2024-07-31 12:42:25,Post-GPT,0.20929813,-0.22146775
2403.05758,2024-03-09 02:05:23,Post-GPT,0.19324145,-0.15436184
2403.09323,2024-03-14 12:12:17,Post-GPT,0.3716338,-0.09707315
2008.11491,2020-08-26 11:07:50,Pre-GPT,0.37651232,-0.06705697
2007.10499,2020-07-20 21:51:05,Pre-GPT,-0.31079552,0.33721626
2308.07212,2023-08-14 15:29:32,Post-GPT,0.36061954,-0.14524277
2103.16812,2021-03-31 05:09:34,Pre-GPT,0.04972373,-0.23481677
2507.01073,2025-07-01 08:58:12,Post-GPT,0.20573851,-0.15903798
2503.21227,2025-03-27 07:36:11,Post-GPT,0.43414095,0.06170821
1901.01313,2019-01-04 21:08:23,Pre-GPT,-0.41293716,0.26508158
2001.0443,2020-01-13 17:58:06,Pre-GPT,-0.24774016,-0.070232645
2112.01236,2021-11-10 18:58:08,Pre-GPT,0.07519539,0.07048008
2505.06646,2025-05-10 13:52:00,Post-GPT,0.36743298,-0.07560774
2106.01114,2021-06-02 12:23:47,Pre-GPT,0.105359316,-0.15781909
1909.00891,2019-09-02 23:44:55,Pre-GPT,-0.06311068,0.13047716
2112.15064,2021-12-30 13:56:48,Pre-GPT,-0.13839395,0.3063844
2410.03878,2024-10-04 19:22:20,Post-GPT,0.34728563,0.12706141
2304.02684,2023-04-05 18:26:56,Post-GPT,-0.23349646,-0.22057764
2503.206,2025-03-26 14:47:18,Post-GPT,-0.08841848,-0.14206892
1804.05488,2018-04-16 03:09:19,Pre-GPT,-0.35818404,-0.10335462
1908.11579,2019-08-30 07:55:27,Pre-GPT,-0.35130537,-0.19536294
2104.14118,2021-04-29 05:31:21,Pre-GPT,0.37092695,0.017993636
1904.0073,2019-04-01 12:23:52,Pre-GPT,-0.29898733,0.15747465
2112.10009,2021-12-16 15:02:41,Pre-GPT,0.0012513697,-0.102638006
1804.027,2018-04-08 14:46:02,Pre-GPT,-0.38912073,0.32807505
2203.1677,2022-03-31 03:09:31,Pre-GPT,-0.37075546,-0.087837905
2509.06333,2025-09-08 04:39:07,Post-GPT,0.31830513,-0.10634625
2511.04436,2025-11-06 15:08:33,Post-GPT,-0.05049087,-0.26677012
2201.08352,2022-01-20 18:35:57,Pre-GPT,-0.3146109,0.13170454
2006.11651,2020-06-20 20:34:31,Pre-GPT,-0.09952746,-0.19272657
1810.02943,2018-10-06 06:19:05,Pre-GPT,-0.32090035,0.24510892
2001.10601,2020-01-28 21:46:16,Pre-GPT,0.2452415,-0.07447368
2303.10015,2023-03-17 14:44:13,Post-GPT,0.04231085,0.22310388
2410.06938,2024-10-09 14:32:01,Post-GPT,0.025448844,-0.031231299
2411.17938,2024-11-26 23:20:33,Post-GPT,-0.3180381,0.01712649
2509.00211,2025-08-29 19:48:27,Post-GPT,0.21819183,-0.14232816
2512.18082,2025-12-19 21:39:22,Post-GPT,0.21518198,-0.06574877
2510.15699,2025-10-17 14:44:20,Post-GPT,0.3255973,0.001825504
2109.09421,2021-09-20 10:48:50,Pre-GPT,0.2513352,-0.11253746
2108.11182,2021-08-25 11:11:40,Pre-GPT,-0.115104325,-0.17775853
1903.07742,2019-03-18 22:11:21,Pre-GPT,-0.03286559,-0.0731857
2110.07764,2021-10-14 23:02:21,Pre-GPT,-0.31156614,0.119821474
2508.08487,2025-08-11 21:42:41,Post-GPT,0.348369,0.10273373
1802.08842,2018-02-24 12:43:18,Pre-GPT,0.17961425,-0.20380743
2404.07049,2024-04-10 14:38:58,Post-GPT,0.25869438,-0.23073892
2505.16506,2025-05-22 10:41:55,Post-GPT,0.016863376,0.28612444
2204.01732,2022-04-04 13:46:32,Pre-GPT,0.25117156,-0.1079465
2308.00603,2023-07-28 03:59:55,Post-GPT,-0.2899773,-0.11921577
2406.11793,2024-06-17 17:41:42,Post-GPT,0.308097,-0.058837418
1811.06898,2018-11-16 16:38:24,Pre-GPT,-0.23205718,0.17373724
2007.00515,2020-07-01 14:25:13,Pre-GPT,0.4080725,0.12827961
2102.11365,2021-02-22 21:19:32,Pre-GPT,-0.19686505,0.1640389
2303.14714,2023-03-26 13:02:20,Post-GPT,-0.33657467,0.1066681
2110.05978,2021-10-12 13:11:01,Pre-GPT,-0.36893022,0.15372893
2401.1411,2024-01-25 11:46:01,Post-GPT,0.2939092,-0.0961183
2506.13335,2025-06-16 10:25:23,Post-GPT,0.33498242,0.020173136
2205.02471,2022-05-05 07:02:31,Pre-GPT,0.19805363,0.0025355536
2306.14276,2023-06-25 15:58:00,Post-GPT,-0.12623145,-0.18589799
2411.01943,2024-11-04 10:09:18,Post-GPT,-0.014562555,-0.23999165
2101.04673,2021-01-12 18:58:22,Pre-GPT,0.035939917,-0.17973691
2304.13039,2023-04-25 11:57:20,Post-GPT,0.33125514,-0.10507953
2305.17694,2023-05-28 11:20:06,Post-GPT,-0.12856732,-0.032099854
2405.10112,2024-05-16 14:04:01,Post-GPT,0.011839509,-0.24515419
1911.05907,2019-11-14 02:45:50,Pre-GPT,-0.03937757,0.24609299
2407.05027,2024-07-06 09:43:40,Post-GPT,-0.09387753,-0.040131845
1911.01381,2019-11-04 18:09:31,Pre-GPT,-0.22954994,0.016135331
2504.05284,2025-04-07 17:34:05,Post-GPT,0.054802716,-0.00097408704
2502.03886,2025-02-06 09:01:46,Post-GPT,-0.1841559,-0.13281728
2309.12291,2023-09-21 17:53:18,Post-GPT,-0.18024373,0.21992318
1908.04147,2019-08-12 13:46:02,Pre-GPT,-0.5059476,0.2850371
2405.01603,2024-05-01 21:58:04,Post-GPT,0.38196787,0.01927339
2104.09516,2021-04-19 18:00:01,Pre-GPT,0.19653669,-0.2305583
2209.01529,2022-09-04 04:24:31,Pre-GPT,-0.2793303,-0.00733966
2511.09135,2025-11-12 09:17:25,Post-GPT,0.20762774,0.2516573
2503.06437,2025-03-09 04:25:39,Post-GPT,0.41808143,0.10175164
2312.16012,2023-12-26 11:45:22,Post-GPT,0.39079568,0.13595675
2401.01123,2024-01-02 09:39:34,Post-GPT,0.24419418,0.033646785
2005.10361,2020-05-20 21:18:55,Pre-GPT,-0.071470015,0.0059971754
1903.11149,2019-03-26 20:34:32,Pre-GPT,0.3156791,-0.091830745
2306.07167,2023-06-12 14:59:11,Post-GPT,-0.110478856,-0.22578718
2510.22039,2025-10-24 21:45:56,Post-GPT,0.3253998,-0.08862145
2308.06883,2023-08-14 01:28:27,Post-GPT,-0.27818084,0.12186891
2512.08025,2025-12-08 20:35:25,Post-GPT,-0.08660892,0.13910452
2510.2024,2025-10-23 05:46:43,Post-GPT,-0.4365332,0.10000862
2206.11464,2022-06-23 02:51:27,Pre-GPT,-0.055262625,-0.003939729
2506.14754,2025-06-17 17:49:16,Post-GPT,0.29697832,-0.14728759
1901.03183,2019-01-09 04:09:32,Pre-GPT,-0.09563102,-0.3398668
1901.09116,2019-01-25 23:49:55,Pre-GPT,-0.27500555,0.04590095
2210.17076,2022-10-31 05:53:02,Pre-GPT,0.1359351,-0.25342783
2312.04973,2023-12-08 11:06:35,Post-GPT,-0.03660772,0.1454394
2109.10149,2021-09-21 13:01:05,Pre-GPT,0.33252293,0.18949738
2208.05217,2022-08-10 08:40:53,Pre-GPT,0.34520394,-0.029280704
2310.05025,2023-10-08 06:05:55,Post-GPT,0.32475406,0.15321882
2207.04514,2022-07-10 18:24:29,Pre-GPT,-0.2392911,0.107107446
2012.06178,2020-12-11 08:07:39,Pre-GPT,0.26483533,-0.20200977
2403.02951,2024-03-05 13:23:48,Post-GPT,0.31485233,0.27467293
2404.10766,2024-04-16 17:50:09,Post-GPT,0.22239906,-0.21690567
2311.05333,2023-11-09 13:00:47,Post-GPT,-0.41884413,0.3123769
2207.07797,2022-07-16 01:08:44,Pre-GPT,0.26672634,-0.048555184
2108.04049,2021-08-09 14:02:00,Pre-GPT,0.32997334,0.2662307
1808.0958,2018-08-28 23:46:00,Pre-GPT,-0.3355533,-0.2411847
2509.13235,2025-09-16 16:43:07,Post-GPT,0.36021864,0.07418111
1901.08551,2019-01-20 18:50:24,Pre-GPT,0.28217006,0.016843572
2203.10854,2022-03-21 10:20:30,Pre-GPT,0.34563518,0.26221246
2508.08782,2025-08-12 09:36:24,Post-GPT,0.15134773,-0.26279774
2210.08144,2022-10-14 23:24:05,Pre-GPT,-0.2927249,-0.17006233
2309.03239,2023-09-06 02:51:24,Post-GPT,0.35914418,-0.021224579
2205.01935,2022-05-04 08:13:20,Pre-GPT,-0.12330588,-0.09640519
2506.18173,2025-06-22 21:15:54,Post-GPT,0.444042,0.08815737
1904.07683,2019-04-16 14:05:49,Pre-GPT,-0.18911813,0.11099036
1803.00303,2018-03-01 10:59:20,Pre-GPT,0.16673067,0.032080136
2111.14019,2021-11-28 01:51:38,Pre-GPT,-0.29718953,0.045601133
2208.14427,2022-08-30 17:46:08,Pre-GPT,-0.47354946,0.2556709
2108.10187,2021-08-20 11:33:55,Pre-GPT,-0.23438291,-0.24541269
2009.10201,2020-09-21 22:20:21,Pre-GPT,-0.18797652,-0.3476693
1801.03539,2018-01-10 20:05:08,Pre-GPT,0.16900083,0.03811541
2510.18909,2025-10-21 03:37:31,Post-GPT,0.289884,0.21274917
2506.21872,2025-06-27 03:10:20,Post-GPT,0.33628294,-0.021450423
2508.00117,2025-07-31 19:13:30,Post-GPT,0.38067022,-0.0050739665
2506.03625,2025-06-04 07:08:29,Post-GPT,-0.35859978,0.1541909
2005.13449,2020-05-27 16:00:55,Pre-GPT,0.2027305,-0.13098532
2410.11072,2024-10-14 20:31:49,Post-GPT,-0.15538831,-0.19849667
2003.07178,2020-03-16 13:13:16,Pre-GPT,-0.15181233,-0.22351225
2210.06689,2022-10-13 03:05:21,Pre-GPT,-0.14227277,-0.1320113
2404.00603,2024-03-31 08:28:42,Post-GPT,0.44089106,0.18373199
2210.01381,2022-10-04 04:42:49,Pre-GPT,-0.3549795,0.31782618
2111.13949,2021-11-27 17:29:10,Pre-GPT,0.07540381,0.06552
2210.09462,2022-10-17 22:25:44,Pre-GPT,-0.4323831,0.33142096
2511.07126,2025-11-10 14:11:49,Post-GPT,0.25347283,0.053446714
2105.08779,2021-05-18 18:53:37,Pre-GPT,-0.15438633,0.0025324188
2510.05799,2025-10-07 11:18:04,Post-GPT,0.33524024,0.15196203
2204.07229,2022-04-14 21:05:37,Pre-GPT,0.28424177,0.31212682
2109.09891,2021-09-21 00:13:34,Pre-GPT,-0.21641268,-0.22619016
1912.07363,2019-12-12 23:28:32,Pre-GPT,0.31057802,-0.11690147
1808.10342,2018-08-30 15:07:38,Pre-GPT,-0.13886222,-0.036385722
2005.12566,2020-05-26 08:23:35,Pre-GPT,0.15640399,0.14073685
2406.15719,2024-06-22 03:31:02,Post-GPT,0.3564425,-0.120117545
2501.11805,2025-01-21 00:47:45,Post-GPT,-0.0034456998,-0.13113305
2404.00428,2024-03-30 17:27:38,Post-GPT,-0.3338694,-0.06040575
2107.06119,2021-07-13 14:20:15,Pre-GPT,-0.21956706,0.1003246
2303.10609,2023-03-19 09:10:55,Post-GPT,-0.40601668,0.10871337
2011.06532,2020-11-12 17:44:04,Pre-GPT,0.01999043,-0.050378423
1912.09825,2019-12-20 13:59:06,Pre-GPT,-0.3324032,-0.1313763
2211.03139,2022-11-06 14:47:38,Pre-GPT,-0.37950924,0.33824927
2208.09755,2022-08-20 22:20:15,Pre-GPT,-0.3515836,-0.13403705
2410.16076,2024-10-21 14:54:49,Post-GPT,-0.13920712,-0.016441077
2410.09617,2024-10-12 18:42:54,Post-GPT,-0.43360093,0.23603357
2503.22437,2025-03-28 13:57:12,Post-GPT,0.18286976,-0.15949179
2505.24382,2025-05-30 09:10:31,Post-GPT,0.018838942,-0.1862172
2310.20544,2023-10-31 15:26:18,Post-GPT,-0.047129817,-0.17089142
2003.03807,2020-03-08 16:36:33,Pre-GPT,0.16869974,-0.036318906
2503.07411,2025-03-10 14:58:16,Post-GPT,0.17940724,-0.23160744
2004.04141,2020-04-08 17:51:06,Pre-GPT,0.37551656,0.06532301
2103.07434,2021-03-12 17:59:00,Pre-GPT,-0.20797783,-0.11810027
1909.11892,2019-09-26 04:55:39,Pre-GPT,-0.3573554,-0.03319856
2012.00366,2020-12-01 09:51:23,Pre-GPT,0.3834367,0.20649664
1807.03719,2018-06-28 14:20:30,Pre-GPT,0.048047394,0.22019562
2211.12034,2022-11-22 06:09:29,Pre-GPT,0.29168126,-0.04346658
2302.14572,2023-02-28 13:51:54,Post-GPT,0.33056805,0.22379956
1909.11526,2019-09-25 14:33:18,Pre-GPT,-0.28296107,-0.07216345
2507.13886,2025-07-18 13:02:53,Post-GPT,0.035891652,-0.0440354
2209.13401,2022-09-26 08:05:46,Pre-GPT,0.1711865,-0.3020297
2304.01364,2023-04-03 20:35:58,Post-GPT,-0.02800683,-0.23631836
2303.02153,2023-03-03 18:59:47,Post-GPT,0.44723716,0.04678196
2507.0474,2025-07-07 08:14:02,Post-GPT,-0.26104933,-0.0647244
2109.00684,2021-09-02 03:04:13,Pre-GPT,-0.14585489,-0.24991319
2211.16052,2022-11-29 09:59:35,Pre-GPT,-0.18798015,0.32413787
2305.15961,2023-05-25 11:59:42,Post-GPT,0.26680955,0.16564794
2209.04487,2022-09-09 18:32:34,Pre-GPT,-0.20313205,-0.3405683
2312.03269,2023-12-06 03:47:41,Post-GPT,-0.21930337,-0.1878468
2504.18696,2025-04-25 21:05:28,Post-GPT,0.28823695,0.16127764
2406.10538,2024-06-15 07:41:16,Post-GPT,0.24920768,-0.0002612695
2501.15568,2025-01-26 15:56:22,Post-GPT,-0.2972524,-0.11515589
2503.12124,2025-03-15 13:07:58,Post-GPT,0.3152732,0.05165791
1901.07783,2019-01-23 09:34:17,Pre-GPT,-0.34603703,0.04409508
2304.08712,2023-04-18 03:23:39,Post-GPT,0.09920913,0.11416878
2204.02712,2022-04-06 10:24:19,Pre-GPT,0.2865271,0.3185928
2211.06855,2022-11-13 08:59:52,Pre-GPT,-0.074651726,-0.15094067
2202.1267,2022-02-25 13:05:39,Pre-GPT,-0.15785661,-0.06503849
2211.03893,2022-11-07 22:54:21,Pre-GPT,-0.21693796,0.06340274
1801.07008,2018-01-22 09:39:14,Pre-GPT,-0.04840056,0.07076806
1903.09859,2019-03-23 18:15:14,Pre-GPT,-0.062408626,-0.22743337
2103.1028,2021-03-18 14:22:42,Pre-GPT,-0.13999848,0.20887707
2312.07745,2023-12-12 21:27:31,Post-GPT,0.06037289,-0.11451055
2006.08093,2020-06-15 02:30:05,Pre-GPT,0.3418511,0.0003917776
2305.047,2023-05-08 13:32:26,Post-GPT,-0.4056273,0.21210101
2102.06861,2021-02-13 04:55:18,Pre-GPT,-0.26313198,-0.13613038
2306.00692,2023-06-01 14:02:08,Post-GPT,-0.2392546,-0.13366817
1802.02644,2018-02-07 21:32:53,Pre-GPT,-0.23566745,-0.018675346
2111.05396,2021-11-09 20:08:04,Pre-GPT,-0.16982456,-0.34378394
2509.04688,2025-09-04 22:36:09,Post-GPT,-0.44154388,0.07741091
2105.04803,2021-05-11 06:29:34,Pre-GPT,-0.21381816,0.022634763
1801.10017,2018-01-30 14:46:04,Pre-GPT,-0.17604524,-0.16506359
2103.11384,2021-03-21 12:50:05,Pre-GPT,0.41282377,0.15402506
2102.12205,2021-02-24 11:00:29,Pre-GPT,0.4257076,0.11757912
2404.15723,2024-04-24 08:23:42,Post-GPT,-0.110991694,0.1500236
1911.08992,2019-09-16 08:00:54,Pre-GPT,-0.117144324,0.056035858
2105.09458,2021-05-20 02:29:03,Pre-GPT,0.2943758,0.23263194
2512.21603,2025-12-25 09:51:18,Post-GPT,-0.41875994,0.2871487
2408.15919,2024-08-28 16:33:21,Post-GPT,0.35422388,-0.04593411
2403.13825,2024-03-05 23:12:47,Post-GPT,0.30505314,-0.10324761
2411.02195,2024-11-04 15:50:25,Post-GPT,-0.14571802,-0.23467694
2511.0507,2025-11-07 08:33:52,Post-GPT,-0.19207704,-0.27046382
2505.07682,2025-05-12 15:47:14,Post-GPT,-0.4138515,0.17263189
2303.09966,2023-03-17 13:39:41,Post-GPT,0.076105684,-0.20638181
2206.08793,2022-06-17 14:09:12,Pre-GPT,-0.10332638,-0.09549473
2505.12811,2025-05-19 07:40:42,Post-GPT,0.17973307,-0.1092836
2310.08738,2023-10-12 21:51:25,Post-GPT,0.37981662,0.06485583
1905.01915,2019-05-06 10:37:54,Pre-GPT,-0.22306919,0.2037491
2011.13539,2020-11-27 03:23:25,Pre-GPT,-0.12941508,-0.062299248
2410.14219,2024-10-18 07:08:31,Post-GPT,0.20255473,0.081104994
2304.00907,2023-04-03 11:53:36,Post-GPT,-0.1570058,-0.09347762
2511.22367,2025-11-27 12:06:33,Post-GPT,0.4157817,0.08759059
2511.11393,2025-11-14 15:23:11,Post-GPT,0.1164785,-0.14741011
2205.05282,2022-05-11 05:59:49,Pre-GPT,0.3891264,-0.035068482
2004.10072,2020-04-21 15:00:14,Pre-GPT,-0.28828442,-0.030115044
1905.04954,2019-05-13 10:48:38,Pre-GPT,-0.036137313,-0.11924474
2203.05853,2022-03-11 11:18:00,Pre-GPT,-0.28091535,0.08345696
1907.07762,2019-07-11 04:29:26,Pre-GPT,-0.01727815,0.14246143
2411.19772,2024-11-29 15:18:06,Post-GPT,0.3888215,0.1201192
2404.10209,2024-04-16 01:38:34,Post-GPT,0.2204786,0.21207047
1910.08498,2019-10-18 16:46:23,Pre-GPT,0.15024766,0.05769309
2308.07273,2023-08-14 17:00:13,Post-GPT,0.242796,-0.13013339
1806.09344,2018-06-25 09:28:52,Pre-GPT,-0.06947999,-0.18263917
2010.13777,2020-10-23 18:17:37,Pre-GPT,-0.22466744,-0.2088332
1811.11344,2018-11-28 01:54:50,Pre-GPT,-0.22776935,0.26882774
2402.06316,2024-02-09 10:56:51,Post-GPT,-0.15358248,-0.052258227
1908.11785,2019-08-30 15:24:19,Pre-GPT,-0.1759384,0.019365016
2210.0302,2022-10-06 16:08:54,Pre-GPT,-0.08778148,0.14109682
2404.05435,2024-04-08 12:14:23,Post-GPT,-0.3222852,0.04170076
2206.15008,2022-06-30 04:19:31,Pre-GPT,-0.34679773,-0.051570356
2412.10408,2024-12-06 22:14:51,Post-GPT,-0.295341,-0.1200255
2310.0213,2023-10-03 15:12:47,Post-GPT,-0.2446469,0.062891304
2504.15313,2025-04-20 06:43:23,Post-GPT,0.23198959,0.05917495
2308.05168,2023-08-09 18:11:28,Post-GPT,0.32399204,0.03364927
2108.08844,2021-08-19 17:59:57,Pre-GPT,0.26003549,-0.07375662
2004.02717,2020-04-06 14:56:14,Pre-GPT,-0.045717135,-0.055501107
1908.0179,2019-08-05 18:10:55,Pre-GPT,0.303575,0.015797134
2402.15484,2024-02-23 18:25:19,Post-GPT,-0.31183082,0.14776419
2409.00969,2024-09-02 06:21:13,Post-GPT,-0.0032858104,-0.2160315
2506.144,2025-06-17 10:59:02,Post-GPT,0.2702996,0.050740045
2005.07482,2020-05-15 12:03:16,Pre-GPT,-0.11696446,-0.050031807
2009.05995,2020-09-13 13:06:27,Pre-GPT,-0.25697643,0.2567551
1904.01981,2019-04-03 12:48:29,Pre-GPT,-0.007460654,0.095569074
1906.01232,2019-06-04 07:03:57,Pre-GPT,-0.16680413,-0.10900785
2302.0873,2023-02-17 06:58:36,Post-GPT,-0.31154805,0.0803826
2507.13107,2025-07-17 13:22:40,Post-GPT,0.40412,0.0019749608
2208.00775,2022-07-24 03:40:27,Pre-GPT,0.33564872,-0.035878137
2011.02618,2020-11-05 02:18:33,Pre-GPT,-0.16943708,-0.10442908
1908.00697,2019-08-02 04:10:07,Pre-GPT,-0.055059,-0.26027068
2111.03958,2021-11-06 20:21:04,Pre-GPT,-0.36664906,0.19919312
2103.10523,2021-03-18 21:03:56,Pre-GPT,-0.31566802,0.1687503
2305.11592,2023-05-19 11:05:55,Post-GPT,0.26555938,0.25633982
1907.04373,2019-07-09 19:18:34,Pre-GPT,0.21767953,-0.11093177
1801.05408,2018-01-10 07:38:24,Pre-GPT,-0.22730589,-0.20627742
1912.06166,2019-12-12 19:23:04,Pre-GPT,0.3236557,0.20846114
1806.00378,2018-05-29 23:02:48,Pre-GPT,-0.055652276,-0.27898258
2001.00459,2019-12-28 13:45:29,Pre-GPT,-0.023393385,-0.0689279
1903.11209,2019-03-27 01:01:04,Pre-GPT,-0.4315231,0.19664615
2512.19635,2025-12-22 18:10:46,Post-GPT,0.13222897,-0.061127033
2012.04699,2020-12-08 19:35:09,Pre-GPT,0.31862965,0.1458245
2506.04225,2025-06-04 17:59:04,Post-GPT,0.24206567,-0.18941936
2512.22282,2025-12-25 06:41:32,Post-GPT,0.08609593,0.15940887
2203.13507,2022-03-25 08:51:08,Pre-GPT,-0.2905755,-0.07886329
2207.03756,2022-07-08 08:56:50,Pre-GPT,-0.3367502,0.087938994
1809.06442,2018-09-17 20:56:17,Pre-GPT,0.030355245,-0.18693815
2402.18447,2024-02-28 16:16:51,Post-GPT,0.39796647,0.0030297749
2410.15004,2024-10-19 06:31:43,Post-GPT,-0.24865204,0.34824002
2511.03993,2025-11-06 02:24:51,Post-GPT,0.23000893,-0.18657981
2011.09906,2020-11-16 17:15:57,Pre-GPT,0.2219119,-0.1948597
1901.07774,2019-01-23 08:46:51,Pre-GPT,-0.3761844,0.2761923
2407.00013,2024-05-01 00:12:27,Post-GPT,0.017200917,0.07011114
2410.08837,2024-10-11 14:13:06,Post-GPT,0.24792895,-0.20234273
2406.07775,2024-06-11 23:51:06,Post-GPT,0.061953098,-0.32226193
2507.15272,2025-07-21 06:20:27,Post-GPT,0.3217719,0.11733185
1902.06913,2019-02-19 06:18:59,Pre-GPT,0.2056714,-0.22328658
2203.08445,2022-03-16 07:41:27,Pre-GPT,0.34764442,0.24429797
2312.03399,2023-12-06 10:20:25,Post-GPT,-0.26846865,0.23969175
2011.05575,2020-11-10 08:26:31,Pre-GPT,-0.08205225,0.17476974
2008.11094,2020-08-25 15:18:17,Pre-GPT,-0.18166529,0.32945305
2107.06969,2021-07-14 20:11:43,Pre-GPT,-0.45358658,0.28400654
2504.01634,2025-04-02 11:40:10,Post-GPT,-0.0744338,-0.14318247
2409.11131,2024-09-17 12:30:39,Post-GPT,-0.38120466,0.25817868
1911.08972,2019-11-20 15:36:45,Pre-GPT,-0.43659446,0.008214869
1905.12599,2019-05-28 16:09:07,Pre-GPT,-0.12667657,-0.13406819
2411.03086,2024-11-05 13:31:04,Post-GPT,0.25697753,-0.20341317
2006.12636,2020-06-22 21:41:47,Pre-GPT,0.04792291,0.16530909
2405.19875,2024-05-30 09:30:12,Post-GPT,-0.19694254,0.134367
2401.04458,2024-01-09 09:50:15,Post-GPT,-0.27419022,0.2836852
2302.05336,2023-02-09 00:42:34,Post-GPT,0.29155484,-0.058871742
2007.1545,2020-07-30 13:44:35,Pre-GPT,-0.32290488,-0.14987259
2012.14922,2020-12-29 19:39:26,Pre-GPT,-0.16740817,-0.073210455
2005.09113,2020-05-18 22:03:41,Pre-GPT,-0.19379914,-0.19889013
1906.0664,2019-06-16 03:44:35,Pre-GPT,-0.28850678,-0.18265142
1811.08618,2018-11-21 07:54:41,Pre-GPT,0.3099533,-0.09109244
2507.01228,2025-07-01 22:59:41,Post-GPT,0.12067443,0.17684336
2311.06611,2023-11-11 16:51:43,Post-GPT,-0.46530405,0.2448325
2308.11093,2023-08-22 00:21:32,Post-GPT,0.4127387,0.04398756
2301.10707,2023-01-25 17:19:19,Post-GPT,-0.32854763,-0.14389075
2410.14165,2024-10-18 04:13:51,Post-GPT,0.24637318,0.3285377
2511.21273,2025-11-26 10:56:00,Post-GPT,-0.06421656,-0.20335244
2502.07045,2025-02-10 21:27:06,Post-GPT,0.2323282,0.30958638
1809.01901,2018-09-06 09:31:52,Pre-GPT,-0.3180427,0.23871921
2004.00681,2020-04-01 19:50:42,Pre-GPT,-0.21889696,0.09309627
2207.0982,2022-07-20 11:13:05,Pre-GPT,-0.34765986,-0.30164078
1906.12346,2019-06-28 17:55:26,Pre-GPT,-0.35381722,0.28959906
2404.01304,2024-02-14 16:08:29,Post-GPT,-0.33422494,0.07904373
2311.16514,2023-11-27 13:14:06,Post-GPT,0.27846166,-0.047320984
2412.05502,2024-12-07 02:11:27,Post-GPT,-0.06730534,0.101428986
2412.11424,2024-12-16 03:47:20,Post-GPT,-0.29929206,-0.15937467
2510.05437,2025-10-06 23:03:29,Post-GPT,0.008184016,-0.18078767
2402.04582,2024-02-07 04:47:19,Post-GPT,0.12120727,-0.27920583
2305.00375,2023-04-30 03:23:58,Post-GPT,0.26020166,-0.22675775
2510.16172,2025-10-17 19:27:00,Post-GPT,-0.02590777,-0.281429
2306.16829,2023-06-29 10:11:39,Post-GPT,0.1088666,0.19249214
1806.07249,2018-06-16 18:42:47,Pre-GPT,-0.25309676,-0.0036937837
2304.13409,2023-04-26 09:48:48,Post-GPT,0.21975008,0.1375253
2112.14327,2021-12-28 23:17:28,Pre-GPT,0.44788447,0.044111658
2008.12342,2020-08-27 19:11:59,Pre-GPT,-0.18355197,-0.000103931874
2312.08981,2023-12-14 14:29:30,Post-GPT,0.034920573,0.16745482
2311.18347,2023-11-30 08:33:38,Post-GPT,-0.08091627,-0.099029884
2302.06359,2023-02-13 13:45:50,Post-GPT,0.35308942,-0.17092387
2111.04711,2021-11-08 18:43:20,Pre-GPT,-0.360824,0.2658807
2102.0544,2021-02-10 14:02:20,Pre-GPT,-0.07363067,-0.0673684
2105.13708,2021-05-28 10:07:36,Pre-GPT,-0.025992014,-0.3047263
2504.11271,2025-04-15 15:12:57,Post-GPT,0.4285964,-0.017746998
2203.02548,2022-03-04 19:54:02,Pre-GPT,-0.30975306,-0.31638598
1808.09854,2018-08-29 14:42:34,Pre-GPT,-0.44155988,0.24809553
2407.02598,2024-07-02 18:36:50,Post-GPT,0.17141193,-0.14728566
2303.07779,2023-03-14 10:41:08,Post-GPT,0.0389134,0.041386683
2202.03923,2022-02-08 15:20:17,Pre-GPT,-0.45009127,0.097872764
2004.00673,2020-04-01 19:32:25,Pre-GPT,0.12612966,0.094586805
2402.00955,2024-02-01 19:24:45,Post-GPT,0.34181118,0.057370555
2110.08849,2021-10-17 15:27:10,Pre-GPT,0.09490405,0.123127505
2110.06442,2021-10-13 02:07:18,Pre-GPT,-0.31597516,-0.056792445
2011.00598,2020-11-01 18:56:29,Pre-GPT,-0.31712276,0.058982704
1905.12118,2019-05-28 22:25:28,Pre-GPT,-0.150097,-0.073365115
2310.14194,2023-10-22 05:50:20,Post-GPT,0.32764086,-0.037025973
2501.13855,2025-01-23 17:24:24,Post-GPT,0.109024584,-0.14957674
1808.02157,2018-08-06 23:57:26,Pre-GPT,0.10839698,-0.15406819
2404.05072,2024-04-07 21:00:14,Post-GPT,0.28621373,-0.048236538
2111.15166,2021-11-30 06:51:13,Pre-GPT,0.34293315,0.18768804
1807.07441,2018-07-18 10:41:20,Pre-GPT,-0.35067192,-0.12128241
2509.10128,2025-09-12 10:43:58,Post-GPT,0.11021474,-0.16125795
2510.05514,2025-10-07 02:05:51,Post-GPT,-0.26969346,-0.08966847
2404.10654,2024-04-16 15:30:40,Post-GPT,-0.27640098,0.0994543
1806.10166,2018-06-26 18:41:35,Pre-GPT,0.30144915,0.053116348
1907.08814,2019-07-20 13:52:36,Pre-GPT,-0.3142588,-0.043283194
2305.02051,2023-05-03 11:38:02,Post-GPT,0.09359163,-0.080368996
2405.09003,2024-05-15 00:00:57,Post-GPT,-0.038707197,-0.089046165
2410.17225,2024-10-22 17:47:05,Post-GPT,0.12776259,0.2778747
2503.07673,2025-03-10 01:30:07,Post-GPT,0.15255192,0.0015480947
2510.02535,2025-10-02 20:10:46,Post-GPT,0.4140654,0.0961546
2009.03,2020-09-07 10:31:53,Pre-GPT,-0.24775082,-0.24333297
2509.19228,2025-09-23 16:49:43,Post-GPT,0.2582414,0.20261858
2509.08354,2025-09-10 07:44:12,Post-GPT,0.24465168,-0.106227174
2508.18627,2025-08-26 03:08:54,Post-GPT,0.1864813,-0.11768934
2410.12884,2024-10-15 22:53:00,Post-GPT,-0.19161111,0.070825726
2305.0692,2023-05-09 15:22:05,Post-GPT,0.11810109,-0.3483166
2306.01634,2023-06-02 15:53:29,Post-GPT,0.18940988,0.04265892
2512.01017,2025-11-30 18:28:09,Post-GPT,0.34124008,0.2154529
2207.06371,2022-07-13 17:23:38,Pre-GPT,-0.17696165,-0.24543388
1804.09633,2018-04-25 15:37:19,Pre-GPT,-0.03680186,-0.08041623
2503.03593,2025-03-05 15:27:19,Post-GPT,-0.044704765,-0.096994266
1907.12319,2019-07-29 10:26:16,Pre-GPT,-0.36731368,0.04180328
2505.09998,2025-05-15 06:22:24,Post-GPT,0.20193335,-0.07199598
2502.17218,2025-02-24 14:52:37,Post-GPT,-0.44388518,0.15334797
1906.01955,2019-06-05 11:44:41,Pre-GPT,-0.15149847,-0.109691486
2210.02025,2022-10-05 05:20:49,Pre-GPT,0.39679793,0.034152377
2505.00204,2025-04-30 22:03:26,Post-GPT,0.27008447,0.3041882
2303.07308,2023-03-13 17:30:43,Post-GPT,0.34083405,-0.02655201
1911.01922,2019-11-05 16:32:30,Pre-GPT,-0.031303376,0.10076414
2101.06757,2021-01-17 19:24:46,Pre-GPT,-0.026241332,0.032454897
2010.15329,2020-10-29 02:59:50,Pre-GPT,-0.0554559,0.14952551
2008.02226,2020-08-05 16:50:45,Pre-GPT,-0.3762517,0.20995416
2105.01463,2021-05-04 12:45:53,Pre-GPT,-0.012176052,0.040154528
2312.03104,2023-12-05 19:52:38,Post-GPT,-0.27430868,0.15451233
2412.13376,2024-12-17 23:23:25,Post-GPT,0.3493386,-0.07640913
2405.05144,2024-04-19 00:25:44,Post-GPT,0.15601793,0.21204762
2207.03975,2022-07-08 15:54:26,Pre-GPT,-0.28810415,-0.30005956
2508.12485,2025-08-17 20:01:12,Post-GPT,0.20554274,0.038129244
2007.1438,2020-07-28 17:46:11,Pre-GPT,-0.09638056,-0.083486065
2407.16844,2024-07-23 21:11:43,Post-GPT,-0.33319247,0.32472035
2510.05976,2025-10-07 14:30:36,Post-GPT,0.26296747,-0.24439524
1801.01627,2018-01-05 04:52:55,Pre-GPT,0.25821057,0.016117834
2108.0368,2021-08-08 16:31:02,Pre-GPT,-0.39920396,0.29228383
2506.17294,2025-06-17 07:04:51,Post-GPT,0.35801864,0.16921222
2405.09924,2024-05-16 09:26:19,Post-GPT,0.21080604,-0.04887307
2212.10856,2022-12-21 08:59:30,Post-GPT,-0.10214321,-0.13829288
1903.12427,2019-03-29 10:00:47,Pre-GPT,-0.18472971,0.17678382
2505.02978,2025-05-05 19:06:50,Post-GPT,-0.18369853,-0.15842034
2406.1191,2024-06-16 16:20:33,Post-GPT,-0.054899827,-0.087070614
1809.07292,2018-09-19 16:37:46,Pre-GPT,0.021189004,0.05498412
2006.07485,2020-06-12 21:44:10,Pre-GPT,-0.23761284,-0.15258248
2306.07661,2023-06-13 10:10:27,Post-GPT,-0.3462799,-0.19549058
2406.01254,2024-06-03 12:11:32,Post-GPT,-0.15194362,-0.24501
2110.09286,2021-10-15 02:09:45,Pre-GPT,0.078822374,-0.0990787
2108.00236,2021-07-31 13:20:20,Pre-GPT,0.14170697,0.024454702
2008.0327,2020-08-07 17:08:24,Pre-GPT,0.38556126,0.041444935
2012.09,2020-12-16 14:52:29,Pre-GPT,-0.39099917,0.28331336
2308.1673,2023-08-31 13:49:04,Post-GPT,0.16708043,-0.035608985
2501.10387,2024-12-18 21:29:29,Post-GPT,0.0953466,0.15437017
1910.08864,2019-10-20 00:36:16,Pre-GPT,0.13239747,0.0062556975
2312.00795,2023-11-17 12:59:28,Post-GPT,0.08757497,0.28377587
1912.01297,2019-12-03 10:59:54,Pre-GPT,-0.10192957,-0.19653054
2201.028,2022-01-08 10:09:06,Pre-GPT,-0.37567833,-0.12123461
2003.12541,2020-03-27 17:10:03,Pre-GPT,-0.42573848,0.25052732
1910.00342,2019-10-01 12:38:35,Pre-GPT,-0.33544576,-0.27123943
2510.05004,2025-10-06 16:43:51,Post-GPT,-0.3164686,-0.112297505
2308.0503,2023-08-09 15:59:02,Post-GPT,-0.39326826,-0.05434109
2202.04371,2022-02-09 10:16:02,Pre-GPT,-0.27292407,0.36440885
2403.19693,2024-03-06 21:00:45,Post-GPT,-0.31279945,-0.008174626
2502.00284,2025-02-01 02:47:58,Post-GPT,0.048035726,0.11521521
2512.14131,2025-12-16 06:27:23,Post-GPT,-0.034046456,-0.115054905
2105.1503,2021-05-22 07:03:50,Pre-GPT,-0.032993153,0.044575937
2402.11223,2024-02-17 08:41:37,Post-GPT,0.3918769,-0.05943452
2412.11465,2024-12-16 05:45:14,Post-GPT,0.14039388,0.07775915
2310.06489,2023-10-10 09:57:19,Post-GPT,0.32156,-0.016888391
1906.00364,2019-06-02 08:10:38,Pre-GPT,0.0373815,-0.102988034
2509.17868,2025-09-22 15:04:38,Post-GPT,-0.4993037,0.35864335
2012.10083,2020-12-18 07:23:47,Pre-GPT,0.06802127,-0.14808267
2103.0483,2021-03-08 15:34:47,Pre-GPT,-0.3014175,-0.018266283
2505.00054,2025-04-30 10:43:18,Post-GPT,0.08254719,0.13105302
2206.15139,2022-06-30 09:14:24,Pre-GPT,0.11149773,0.13098466
2110.06679,2021-10-13 12:38:01,Pre-GPT,0.2297883,-0.10044509
1908.07955,2019-08-21 16:02:34,Pre-GPT,-0.35498267,0.19430433
2509.18545,2025-09-23 02:08:11,Post-GPT,0.09832239,-0.03954187
2404.01022,2024-04-01 10:04:37,Post-GPT,-0.02456829,0.05559508
2510.14894,2025-10-16 17:12:18,Post-GPT,0.11025171,0.013281651
1904.13207,2019-04-28 05:39:25,Pre-GPT,-0.07051324,-0.114381224
2312.01273,2023-12-03 04:06:56,Post-GPT,-0.0766945,-0.1790508
1807.097,2018-07-25 16:28:05,Pre-GPT,0.08623679,-0.13128774
2203.03636,2022-03-07 11:56:06,Pre-GPT,0.28454152,-0.090455085
2406.18333,2024-06-26 13:21:08,Post-GPT,0.27822098,0.13048925
2208.08806,2022-08-18 12:56:12,Pre-GPT,0.0020721257,0.30282238
2410.09651,2024-10-12 21:09:21,Post-GPT,-0.34959206,0.2414201
1806.04355,2018-06-12 06:36:30,Pre-GPT,-0.03288296,0.2049397
2510.2598,2025-10-29 21:27:54,Post-GPT,-0.11731762,-0.06820156
2109.04331,2021-09-09 15:10:59,Pre-GPT,-0.35303956,0.32417104
2409.07989,2024-09-12 12:34:29,Post-GPT,0.451759,0.09766272
1910.01177,2019-10-02 19:24:31,Pre-GPT,0.25197884,0.011199618
2410.05033,2024-10-07 13:33:23,Post-GPT,-0.08003358,0.21795031
2002.05064,2020-02-12 16:08:49,Pre-GPT,-0.13450393,0.20128025
2402.11129,2024-02-16 23:28:02,Post-GPT,0.30645913,0.271823
2205.11855,2022-05-24 07:30:14,Pre-GPT,-0.2698466,0.20949759
2110.11568,2021-10-22 03:18:37,Pre-GPT,-0.14461698,-0.3314916
2312.1766,2023-12-29 15:56:24,Post-GPT,0.009450674,0.3210513
2008.10376,2020-08-24 12:37:00,Pre-GPT,0.13092372,-0.15498485
2404.13594,2024-04-21 09:23:36,Post-GPT,0.43287733,0.17020899
2005.03999,2020-05-06 13:12:32,Pre-GPT,-0.1863255,-0.058056492
2011.12872,2020-11-25 16:50:09,Pre-GPT,-0.19030458,-0.25615722
2008.0217,2020-08-05 14:45:19,Pre-GPT,0.19591662,-0.1545756
2103.07435,2021-03-12 17:59:55,Pre-GPT,-0.34199303,0.09811942
2106.03723,2021-06-07 15:38:36,Pre-GPT,0.32665864,0.0031015277
2210.06416,2022-10-12 17:12:07,Pre-GPT,0.1472263,-0.22652559
1804.10012,2018-04-26 12:12:21,Pre-GPT,-0.24459031,-0.19231395
2403.16059,2024-03-24 08:06:34,Post-GPT,0.17649958,-0.07458356
2401.13598,2024-01-24 17:04:28,Post-GPT,0.32883522,0.30363795
2209.11717,2022-09-23 16:51:29,Pre-GPT,0.074357495,0.15934493
2204.04973,2022-04-11 09:42:26,Pre-GPT,-0.1495571,-0.21679448
2506.00588,2025-05-31 14:51:08,Post-GPT,0.41783276,0.028052393
1907.13584,2019-07-31 16:35:00,Pre-GPT,-0.40510377,0.29147512
2001.05207,2020-01-15 10:06:47,Pre-GPT,0.19997045,0.10736999
1908.11799,2019-08-30 15:47:15,Pre-GPT,0.37117323,-0.030795576
2507.1013,2025-07-14 10:20:31,Post-GPT,-0.21725106,0.23105091
2508.15226,2025-08-21 04:29:43,Post-GPT,-0.24450648,-0.12554532
2509.13361,2025-09-15 13:35:43,Post-GPT,0.18445563,-0.0150667485
2511.09331,2025-11-12 13:46:27,Post-GPT,0.23100221,-0.1979744
2207.06231,2022-07-12 10:05:09,Pre-GPT,-0.44395795,0.02240692
2104.03674,2021-04-08 10:43:40,Pre-GPT,0.25110722,0.078228235
2108.06199,2021-08-13 12:36:51,Pre-GPT,-0.4101201,0.2127246
2007.08686,2020-07-16 23:20:27,Pre-GPT,-0.18111572,-0.046135705
2209.09987,2022-09-20 20:45:56,Pre-GPT,0.20863113,-0.018268483
2206.1067,2022-06-21 18:41:51,Pre-GPT,0.33769062,-0.0069791125
2501.07259,2025-01-13 12:14:48,Post-GPT,0.087973654,-0.22747634
2208.11131,2022-08-23 18:00:01,Pre-GPT,-0.08341441,-0.2993917
1905.13552,2019-05-31 12:16:37,Pre-GPT,-0.36492604,0.24991141
2408.06739,2024-08-13 08:58:39,Post-GPT,-0.032776788,0.062565714
1908.05322,2019-08-14 19:32:14,Pre-GPT,-0.3629514,0.20329103
2309.03291,2023-09-06 18:11:09,Post-GPT,0.25837752,-0.25517908
2007.09611,2020-07-19 07:40:28,Pre-GPT,-0.18202834,-0.1287747
2501.02597,2025-01-05 16:39:21,Post-GPT,-0.073199764,-0.2349625
2506.09661,2025-06-11 12:29:24,Post-GPT,0.30621257,-0.024337918
2401.0509,2024-01-10 11:50:03,Post-GPT,-0.12637149,-0.20676948
2406.0768,2024-06-11 19:57:00,Post-GPT,0.22566795,-0.15197249
2504.03019,2025-04-03 20:32:43,Post-GPT,-0.14842825,-0.29351634
2509.16224,2025-09-12 09:32:02,Post-GPT,0.10689014,0.19117661
2304.04697,2023-04-10 16:18:37,Post-GPT,0.19426358,-0.19835311
1901.0444,2019-01-14 18:14:28,Pre-GPT,-0.2735305,0.1556455
1907.03434,2019-07-08 07:31:12,Pre-GPT,-0.17586005,-0.17565893
2501.15965,2025-01-27 11:17:00,Post-GPT,0.20173383,-0.12584022
2506.16209,2025-06-19 10:57:44,Post-GPT,0.3874289,-0.0972556
2012.09683,2020-12-17 15:52:18,Pre-GPT,0.031665504,-0.22361971
2308.12322,2023-08-23 12:34:30,Post-GPT,0.22288114,0.033839926
2312.06742,2023-12-11 18:59:06,Post-GPT,0.4165273,0.082776845
2208.0717,2022-08-15 13:12:21,Pre-GPT,-0.3460666,0.29000062
2503.17081,2025-03-21 12:10:55,Post-GPT,-0.059205785,-0.029337494
2103.04858,2021-03-08 16:07:38,Pre-GPT,-0.31987897,-0.07043677
1909.00703,2019-09-02 13:15:24,Pre-GPT,0.28106326,-0.10441542
1905.11961,2019-05-28 17:32:18,Pre-GPT,-0.27912357,-0.098522976
2404.08316,2024-04-12 08:22:39,Post-GPT,-0.26477534,-0.057995852
2507.19208,2025-07-25 12:28:51,Post-GPT,0.20659927,-0.10014185
2306.13965,2023-06-24 13:40:58,Post-GPT,0.29429144,0.07906549
2003.1033,2020-03-23 15:28:00,Pre-GPT,0.0020150542,-0.06640789
2110.03175,2021-10-07 04:04:01,Pre-GPT,0.2963376,0.030008707
2002.04026,2020-02-10 18:56:15,Pre-GPT,0.2503313,-0.119914815
2505.10724,2025-05-15 22:02:59,Post-GPT,-0.35106415,0.3050527
2105.10499,2021-02-16 19:28:48,Pre-GPT,-0.10881445,0.035000313
2404.05639,2024-04-08 16:20:15,Post-GPT,0.2668632,0.015139502
2511.08016,2025-11-11 09:18:42,Post-GPT,-0.037126273,-0.06927197
2402.09452,2024-02-03 08:58:53,Post-GPT,0.08686972,-0.11696763
2511.09366,2025-11-12 14:27:08,Post-GPT,0.3140301,-0.11144799
2512.24028,2025-12-30 07:00:09,Post-GPT,-0.37447143,0.043291356
2305.16038,2023-05-25 13:17:32,Post-GPT,0.14050037,-0.049852278
2011.03899,2020-11-08 03:52:15,Pre-GPT,-0.33578843,-0.03160592
2010.1108,2020-10-21 15:43:07,Pre-GPT,0.3797529,0.18801522
2509.17604,2025-09-22 11:22:13,Post-GPT,-0.30456194,0.30971593
2201.05393,2022-01-14 11:16:17,Pre-GPT,0.21969816,-0.017106682
2003.11864,2020-03-26 12:32:46,Pre-GPT,0.08618453,-0.09348796
2005.05113,2020-05-11 13:56:49,Pre-GPT,0.19284642,0.00036628544
2006.05142,2020-06-09 09:33:04,Pre-GPT,0.337156,0.1243788
1901.10305,2019-01-26 12:21:57,Pre-GPT,-0.19341138,-0.084888
2306.17671,2023-06-30 14:02:54,Post-GPT,-0.27203724,-0.37200013
2304.01447,2023-04-04 01:44:19,Post-GPT,0.1989806,-0.062635705
2403.03054,2024-03-05 15:37:34,Post-GPT,-0.30774987,0.102405846
1807.11711,2018-07-31 09:17:43,Pre-GPT,-0.18357313,0.17417978
2103.12328,2021-03-23 05:53:53,Pre-GPT,0.24898967,0.051946286
2504.13988,2025-04-18 11:36:25,Post-GPT,0.17420542,0.24839999
2103.07855,2021-03-14 06:34:38,Pre-GPT,0.14812884,-0.14240287
2501.08796,2025-01-15 13:44:24,Post-GPT,-0.355967,0.30218464
2501.13448,2025-01-23 08:01:24,Post-GPT,0.21046254,0.022890259
2211.09606,2022-11-17 15:52:57,Pre-GPT,-0.13622758,-0.09406626
2008.079,2020-08-18 13:01:53,Pre-GPT,-0.13489725,-0.03572734
2309.01192,2023-09-03 14:40:02,Post-GPT,-0.1567928,0.16038297
2409.14926,2024-09-23 11:25:13,Post-GPT,-0.015414447,0.046121467
2303.16191,2023-03-28 17:54:56,Post-GPT,0.19000551,0.039529376
2512.13974,2025-12-16 00:25:31,Post-GPT,0.2709777,0.05179399
2504.21006,2025-04-11 11:48:25,Post-GPT,-0.4658224,-0.090363786
2004.1255,2020-04-27 02:31:19,Pre-GPT,0.1596902,-0.22330783
2303.16525,2023-03-29 08:26:34,Post-GPT,-0.35811216,0.25925928
2404.1019,2024-04-16 00:15:33,Post-GPT,-0.29268116,0.06148948
2012.03674,2020-11-15 13:54:22,Pre-GPT,0.3170699,-0.057038676
1904.05134,2019-04-10 12:29:07,Pre-GPT,-0.39581707,-0.0510812
2108.00208,2021-07-31 10:33:23,Pre-GPT,-0.044212833,-0.14037825
2404.13343,2024-04-20 10:41:02,Post-GPT,0.31960177,0.31205884
2105.06022,2021-05-13 01:15:44,Pre-GPT,0.27180728,-0.16816716
1911.11285,2019-11-25 23:59:22,Pre-GPT,0.28610158,-0.17886503
2508.20912,2025-08-28 15:41:49,Post-GPT,0.19738322,0.3063736
2401.08662,2023-12-27 11:53:10,Post-GPT,0.156962,-0.09902918
2510.23577,2025-10-23 05:14:58,Post-GPT,0.2767017,0.064935
2409.12572,2024-09-19 08:49:40,Post-GPT,0.17909628,0.0012866557
2404.10361,2024-04-16 07:52:53,Post-GPT,-0.17004392,-0.100029856
1911.08311,2019-11-19 14:44:54,Pre-GPT,-0.42836735,0.21181907
2409.16977,2024-09-25 14:39:53,Post-GPT,-0.21373993,-0.1116814
2308.00683,2023-08-01 17:40:48,Post-GPT,0.21250978,0.23834096
2309.16401,2023-09-28 12:47:38,Post-GPT,0.1520764,-0.068275765
2505.198,2025-05-26 10:31:26,Post-GPT,0.2811595,0.30586478
1910.07045,2019-10-15 20:36:08,Pre-GPT,0.27585295,0.120575175
2306.07213,2023-06-12 16:19:07,Post-GPT,-0.2153123,-0.18291329
2011.07596,2020-11-15 18:20:02,Pre-GPT,-0.2944315,-0.12709342
2408.12792,2024-08-23 01:58:56,Post-GPT,0.32648125,-0.05065124
2504.17908,2025-04-24 19:50:48,Post-GPT,0.2922292,-0.11246337
1806.05059,2018-06-12 05:13:04,Pre-GPT,0.30682954,0.1167119
2202.06761,2022-02-14 14:32:37,Pre-GPT,-0.3231714,-0.07237409
2201.057,2022-01-14 22:57:14,Pre-GPT,0.39903215,0.20802175
2212.03488,2022-12-07 07:08:23,Post-GPT,-0.34539127,0.21325865
1903.04614,2019-03-11 21:34:24,Pre-GPT,-0.33228862,0.26476234
1811.02335,2018-11-06 13:07:32,Pre-GPT,0.11050624,-0.171625
2406.03689,2024-06-06 02:20:31,Post-GPT,0.1949619,0.18061994
1912.02796,2019-12-05 18:41:52,Pre-GPT,0.09439355,0.06675364
2502.02452,2025-02-04 16:19:20,Post-GPT,0.45378354,0.12375121
2511.1866,2025-11-24 00:15:46,Post-GPT,0.28272974,0.10979998
2309.08872,2023-09-16 04:29:05,Post-GPT,0.2838194,0.30806488
2106.00931,2021-06-02 04:31:45,Pre-GPT,0.08686362,0.0052969474
2006.16956,2020-06-30 16:51:31,Pre-GPT,0.24271461,0.00092889555
2204.13344,2022-04-28 08:29:34,Pre-GPT,-0.28946522,-0.24467637
2106.09703,2021-06-17 17:57:11,Pre-GPT,0.36017987,-0.041456725
2503.13326,2025-03-17 16:03:13,Post-GPT,-0.38656712,0.21329755
2405.02121,2024-05-03 14:24:27,Post-GPT,0.07254337,-0.15412453
1902.00685,2019-02-02 10:32:50,Pre-GPT,0.18055561,0.0066610277
2407.15401,2024-07-22 06:08:07,Post-GPT,0.1723884,-0.21318693
2211.04962,2022-11-09 15:26:22,Pre-GPT,-0.27125922,0.23475857
2512.04139,2025-12-03 16:36:52,Post-GPT,0.027072221,-0.02822503
2309.11497,2023-09-20 17:56:18,Post-GPT,0.29433766,-0.1410871
1809.07369,2018-09-19 19:04:45,Pre-GPT,-0.2941389,-0.1340805
2312.11971,2023-12-19 09:08:36,Post-GPT,-0.29609585,-0.07673858
2509.09524,2025-09-11 15:04:42,Post-GPT,0.36129138,0.24996851
2301.0647,2023-01-16 15:20:54,Post-GPT,-0.1713785,-0.23577236
2509.1154,2025-09-15 03:16:01,Post-GPT,-0.35562897,0.05272692
2405.12639,2024-05-21 09:44:11,Post-GPT,-0.0017451644,0.1035074
2305.09023,2023-05-15 21:16:26,Post-GPT,-0.3700902,0.11426897
2502.19737,2025-02-27 04:02:13,Post-GPT,0.3231559,0.24783458
2305.08611,2023-05-15 12:44:54,Post-GPT,0.3902718,0.037524957
2503.01069,2025-03-03 00:16:47,Post-GPT,0.20730427,-0.11917515
1803.08284,2018-03-22 09:34:46,Pre-GPT,-0.3142897,0.28157166
2409.00031,2024-08-17 13:20:55,Post-GPT,0.30856663,0.10416125
2512.14028,2025-12-16 02:47:38,Post-GPT,0.29386228,-0.20013906
2004.0765,2020-04-16 13:38:53,Pre-GPT,-0.13115297,0.05983654
2102.07195,2021-02-14 16:56:42,Pre-GPT,0.042653844,0.09829311
2503.10664,2025-03-09 08:23:31,Post-GPT,0.11212216,0.011199433
2206.09928,2022-06-20 18:00:02,Pre-GPT,-0.33364832,-0.03753021
2008.05301,2020-07-28 18:43:17,Pre-GPT,-0.36438125,-0.08247396
2209.00308,2022-09-01 09:15:24,Pre-GPT,-0.32043993,0.2165917
1905.01911,2019-05-06 10:27:31,Pre-GPT,-0.07438409,0.14021145
2405.14251,2024-05-23 07:30:58,Post-GPT,0.21394843,-0.30112213
2406.09885,2024-06-14 09:56:03,Post-GPT,-0.15872876,-0.27401948
2112.04639,2021-12-09 00:54:27,Pre-GPT,0.14249822,-0.23292887
1901.01067,2019-01-04 11:51:54,Pre-GPT,-0.4043313,-0.005641208
1803.05018,2018-03-07 21:19:44,Pre-GPT,-0.31242937,-0.22739337
2302.06916,2023-02-14 09:03:35,Post-GPT,-0.020224333,0.080929026
1909.11748,2019-09-25 20:19:40,Pre-GPT,0.19111302,-0.35722727
2209.14794,2022-09-29 14:00:28,Pre-GPT,-0.3994105,0.12342064
2207.09756,2022-07-20 09:00:17,Pre-GPT,-0.35604748,0.074914694
2411.15795,2024-11-24 11:46:47,Post-GPT,0.40020123,-0.20683374
2310.01649,2023-10-02 21:23:31,Post-GPT,0.25090963,-0.2651912
1812.06488,2018-12-12 22:12:53,Pre-GPT,0.32875133,-0.1528294
2104.01737,2021-04-05 01:43:27,Pre-GPT,-0.25386277,0.05713078
2202.13033,2022-02-26 01:27:09,Pre-GPT,-0.11071859,0.025831182
2505.20023,2025-05-26 14:11:12,Post-GPT,0.3487214,0.07712434
2012.00651,2020-11-14 04:42:25,Pre-GPT,0.25833026,0.013653513
2109.05337,2021-09-11 18:28:49,Pre-GPT,0.089647606,-0.1170637
2210.13268,2022-10-24 14:09:25,Pre-GPT,-0.2584433,-0.15715073
2502.02415,2025-02-04 15:35:25,Post-GPT,0.20547065,-0.027001847
2011.06516,2020-11-12 17:31:48,Pre-GPT,-0.0036690086,0.10540858
2003.03716,2020-03-08 04:36:04,Pre-GPT,0.40866718,0.10373074
1807.04003,2018-07-11 08:49:55,Pre-GPT,0.01937209,0.018980872
2510.10658,2025-10-12 15:30:39,Post-GPT,0.18186226,0.20526733
1910.11728,2019-10-25 13:50:01,Pre-GPT,-0.25603506,0.2314087
2508.08387,2025-08-11 18:14:17,Post-GPT,-0.20117481,-0.34200457
2506.06389,2025-06-05 15:03:38,Post-GPT,0.38936558,-0.036640294
2502.15319,2025-02-21 09:15:37,Post-GPT,-0.22215386,-0.122479364
2109.0455,2021-09-09 20:32:48,Pre-GPT,0.3019969,0.15210891
2402.14083,2024-02-21 19:17:28,Post-GPT,0.22183031,0.0954434
2101.07755,2021-01-19 17:51:02,Pre-GPT,-0.16298667,-0.16841325
2510.00258,2025-09-30 20:31:14,Post-GPT,0.39975867,0.008414444
2311.04603,2023-11-08 11:11:05,Post-GPT,-0.08883537,0.013457337
2011.12696,2020-11-25 13:11:32,Pre-GPT,0.3678991,0.07988043
2210.1396,2022-10-25 12:36:42,Pre-GPT,-0.27144042,0.022557143
2408.17051,2024-08-30 07:22:04,Post-GPT,-0.111463904,-0.09231493
2406.1939,2024-06-27 17:59:06,Post-GPT,0.25951508,0.030924167
2401.08129,2024-01-16 05:45:49,Post-GPT,-0.39030105,-0.20535308
2411.1032,2024-11-15 16:18:29,Post-GPT,-0.2711317,-0.3365125
2102.04576,2021-02-08 23:31:02,Pre-GPT,-0.29341453,0.26355004
1903.09128,2019-03-21 17:35:16,Pre-GPT,-0.42133394,0.37883556
2404.01051,2024-04-01 11:12:06,Post-GPT,0.21274748,-0.061441477
2302.1308,2023-02-25 13:58:37,Post-GPT,0.28586715,0.0538353
2112.00888,2021-12-01 23:37:17,Pre-GPT,-0.12705491,-0.2299399
1912.12641,2019-12-29 12:17:45,Pre-GPT,-0.3095311,-0.018071884
1806.06061,2018-06-11 06:49:45,Pre-GPT,-0.19204473,-0.24755394
2401.14756,2024-01-26 10:31:12,Post-GPT,-0.030535422,-0.3350548
2003.09228,2020-03-13 10:25:57,Pre-GPT,-0.2515613,0.027414717
2001.1118,2020-01-30 05:17:22,Pre-GPT,0.34764624,-0.057917412
2107.04645,2021-07-09 19:40:21,Pre-GPT,-0.20564891,0.31023553
2001.11566,2020-01-30 21:09:33,Pre-GPT,-0.27428722,0.007868422
2208.06507,2022-08-12 21:30:49,Pre-GPT,0.39110973,0.0534403
2505.17565,2025-05-23 07:24:53,Post-GPT,0.30161372,0.20959352
2204.14192,2022-04-27 13:11:54,Pre-GPT,0.35010353,0.09600298
2306.05534,2023-06-08 20:14:46,Post-GPT,0.003826201,0.25807348
2110.13307,2021-10-25 22:42:14,Pre-GPT,-0.10366441,0.09024367
2205.01722,2022-05-03 18:46:34,Pre-GPT,-0.1584183,0.058681127
2401.11602,2024-01-21 21:25:08,Post-GPT,-0.30433828,0.32681036
2405.20189,2024-05-30 15:55:41,Post-GPT,0.25324687,0.14554052
2503.10091,2025-03-13 06:39:38,Post-GPT,0.26156256,-0.06011631
2308.0799,2023-08-15 18:46:46,Post-GPT,-0.016895875,0.0919331
2207.05898,2022-07-13 00:11:14,Pre-GPT,-0.22317444,0.037892926
2012.10833,2020-12-20 03:25:16,Pre-GPT,0.18137136,0.14786415
1808.03821,2018-08-11 15:49:14,Pre-GPT,-0.17921342,-0.028475292
1808.07785,2018-08-23 14:53:13,Pre-GPT,-0.3571991,-0.22564177
2111.08243,2021-11-16 06:00:43,Pre-GPT,0.29161927,0.14543669
2111.11241,2021-11-22 14:45:51,Pre-GPT,0.03833036,0.023208126
1902.08911,2019-02-24 09:31:19,Pre-GPT,-0.36075038,0.32169658
2312.10083,2023-12-11 18:59:50,Post-GPT,0.30091825,0.0029468276
2407.14275,2024-05-14 00:56:17,Post-GPT,-0.11138138,-0.16417386
2410.23537,2024-10-31 00:58:11,Post-GPT,0.24557143,0.17343087
2010.16335,2020-10-30 15:50:12,Pre-GPT,0.30061784,-0.09092268
1909.06012,2019-09-04 15:03:08,Pre-GPT,0.35269535,-0.1534289
2311.00271,2023-11-01 03:41:43,Post-GPT,-0.07512869,0.041750696
1905.03231,2019-05-08 17:40:46,Pre-GPT,0.23387632,-0.1408425
2007.00792,2020-07-01 22:18:21,Pre-GPT,0.29305622,0.07260366
2407.10174,2024-07-14 12:09:25,Post-GPT,-0.34792376,0.23385729
2004.12587,2020-04-27 05:35:02,Pre-GPT,0.03555934,-0.13456322
2304.10347,2023-04-20 14:35:04,Post-GPT,-0.39555058,-0.08528569
2303.09064,2023-03-16 03:44:33,Post-GPT,0.29137814,-0.057442155
2511.08567,2025-11-11 18:49:45,Post-GPT,0.21795478,-0.06513208
2505.14369,2025-05-20 13:52:59,Post-GPT,-0.29325348,-0.22084995
2305.17396,2023-05-27 07:28:53,Post-GPT,-0.24008922,-0.15384002
2509.14881,2025-09-18 11:55:22,Post-GPT,-0.28197017,0.3239968
2301.00975,2023-01-03 07:09:57,Post-GPT,0.24958625,-0.054597687
2111.06027,2021-11-11 02:41:23,Pre-GPT,0.061645836,-0.31316212
1803.02665,2018-03-07 14:16:59,Pre-GPT,0.29957014,-0.16118537
2105.10619,2021-05-22 02:04:42,Pre-GPT,0.16720763,-0.01818386
2203.14734,2022-03-28 13:24:55,Pre-GPT,-0.23482695,-0.01891759
1806.08754,2018-06-22 16:33:40,Pre-GPT,-0.40850708,0.2365707
2406.14246,2024-06-20 12:14:09,Post-GPT,0.03570324,-0.27068686
2510.03415,2025-10-03 18:23:26,Post-GPT,0.12773076,0.24796607
2206.03094,2022-06-07 08:20:45,Pre-GPT,-0.37026894,0.17444424
2306.13204,2023-06-22 21:04:22,Post-GPT,0.033285767,-0.16268505
2502.16887,2025-02-24 06:36:10,Post-GPT,-0.050260603,-0.111793995
2405.07623,2024-05-13 10:30:33,Post-GPT,0.29631737,0.07997072
2405.04536,2024-03-15 10:12:45,Post-GPT,0.38128915,0.0037667248
1905.06146,2019-05-15 12:56:02,Pre-GPT,-0.23480284,0.020361595
2510.12741,2025-10-14 17:18:12,Post-GPT,0.36485162,-0.038726337
2505.0272,2025-05-05 15:19:18,Post-GPT,0.2855452,-0.07290979
2209.0915,2022-09-19 16:09:45,Pre-GPT,-0.41061848,0.32170746
2403.0247,2024-03-04 20:30:01,Post-GPT,-0.07748812,-0.1243421
1812.05311,2018-12-13 08:40:47,Pre-GPT,-0.3046594,0.30308437
1905.12972,2019-05-30 11:32:49,Pre-GPT,-0.3465783,0.17575838
2403.12938,2024-03-19 17:43:57,Post-GPT,0.063403785,-0.3110314
2007.07431,2020-07-15 02:01:14,Pre-GPT,0.41410878,0.037771568
1908.02749,2019-08-06 18:05:54,Pre-GPT,-0.31906474,0.14691754
2510.06336,2025-10-07 18:01:33,Post-GPT,-0.24624673,0.18408322
2203.07068,2022-03-11 13:17:14,Pre-GPT,0.1634002,-0.16553731
2112.13278,2021-12-25 19:55:36,Pre-GPT,-0.2547741,0.23650296
2109.01906,2021-09-04 17:18:14,Pre-GPT,-0.38887867,0.16756321
2207.13465,2022-07-27 11:28:55,Pre-GPT,-0.28392777,0.2930168
2403.01921,2024-03-04 10:37:48,Post-GPT,0.21523461,0.27062958
1906.00163,2019-06-01 06:42:05,Pre-GPT,0.12165645,0.1706305
2112.15148,2021-12-30 18:03:40,Pre-GPT,-0.31539625,0.21970835
2307.06639,2023-07-13 09:11:36,Post-GPT,-0.13481852,0.03190591
2309.01318,2023-09-04 02:30:14,Post-GPT,0.31302992,-0.14481248
2405.15571,2024-05-24 14:03:27,Post-GPT,0.09926568,0.13596575
2506.08113,2025-06-09 18:10:00,Post-GPT,0.20731375,-0.0011293385
2005.10796,2020-05-21 17:24:11,Pre-GPT,-0.3267632,0.17074609
1804.05584,2018-04-16 10:03:46,Pre-GPT,-0.05632151,0.001179114
2409.19631,2024-09-29 09:40:18,Post-GPT,-0.3096705,0.2705508
2511.12326,2025-11-15 19:01:47,Post-GPT,-0.28676456,0.0027838089
2407.10462,2024-07-15 06:33:25,Post-GPT,0.34622857,0.04647166
2004.07443,2020-04-16 03:54:12,Pre-GPT,0.37091175,-0.046736285
2111.1055,2021-11-20 09:36:06,Pre-GPT,-0.08705364,-0.12267201
2510.22391,2025-10-25 18:27:00,Post-GPT,0.40327647,0.052254174
2505.02535,2025-05-05 10:17:08,Post-GPT,-0.094787866,0.18108498
2503.15825,2025-03-20 03:19:48,Post-GPT,0.016124338,0.13811743
2002.04116,2020-02-10 22:22:19,Pre-GPT,0.2337375,-0.06088141
2206.07761,2022-06-15 18:43:44,Pre-GPT,-0.3291304,-0.18271515
2303.01083,2023-03-02 09:12:47,Post-GPT,-0.14429778,-0.057789396
2202.01208,2022-02-01 11:09:35,Pre-GPT,0.26791114,-0.2732402
2208.06394,2022-08-12 17:40:35,Pre-GPT,-0.40292266,-0.016081452
2111.00699,2021-11-01 04:42:40,Pre-GPT,0.04805553,-0.19148876
2403.17862,2024-03-26 16:49:46,Post-GPT,-0.07585638,0.09361012
2404.13545,2024-04-21 06:01:03,Post-GPT,-0.12857543,-0.13649875
2104.04136,2021-03-30 10:12:27,Pre-GPT,-0.13207762,-0.067949206
2501.11197,2025-01-20 00:08:09,Post-GPT,-0.009750485,-0.16358538
2406.12172,2024-06-18 00:44:58,Post-GPT,0.28856733,0.18336247
2408.02984,2024-08-06 06:37:20,Post-GPT,-0.28590387,-0.19262116
2104.02872,2021-04-07 02:56:11,Pre-GPT,0.17456129,0.16152103
2305.1052,2023-05-17 19:00:46,Post-GPT,-0.24847564,-0.11349289
1910.08776,2019-10-19 14:09:38,Pre-GPT,-0.06870789,-0.009242553
2408.13337,2024-08-23 19:07:49,Post-GPT,-0.42294952,0.22355692
2110.07432,2021-10-14 14:59:35,Pre-GPT,0.11057238,0.038568903
2009.1247,2020-09-25 23:06:22,Pre-GPT,-0.06974228,0.12766634
1903.06877,2019-03-16 04:18:33,Pre-GPT,0.096606195,-0.16050808
2202.10286,2022-02-21 15:04:39,Pre-GPT,0.1852574,-0.0799063
2504.01298,2025-04-02 02:06:23,Post-GPT,0.3456157,-0.12183277
2304.12945,2023-04-24 16:40:18,Post-GPT,-0.32565698,0.14886041
1908.06885,2019-08-19 15:42:18,Pre-GPT,-0.39564207,0.3390427
2111.01415,2021-11-02 08:08:18,Pre-GPT,0.39123955,0.1280498
2508.20051,2025-08-27 17:02:05,Post-GPT,-0.119702175,0.11898793
1801.07007,2018-01-22 09:35:57,Pre-GPT,-0.3196749,0.22955076
2206.11391,2022-06-22 21:30:30,Pre-GPT,-0.4178321,0.27166694
2209.06758,2022-09-14 16:20:32,Pre-GPT,0.069411516,-0.049582615
1809.01118,2018-09-04 17:51:04,Pre-GPT,-0.16773516,0.31320277
2206.1398,2022-06-14 02:37:44,Pre-GPT,0.3816255,0.24214606
2205.1374,2022-05-27 03:09:25,Pre-GPT,0.20263663,0.110425785
2406.20079,2024-06-28 17:43:48,Post-GPT,0.20420852,0.27343023
2204.11691,2022-04-25 14:28:18,Pre-GPT,-0.2166288,-0.06501199
2008.02409,2020-08-06 00:45:33,Pre-GPT,-0.28163654,-0.14578214
2406.09241,2024-06-13 15:44:23,Post-GPT,0.0042080134,-0.32134694
1808.01376,2018-08-03 22:09:01,Pre-GPT,-0.26840657,0.34321836
2106.07699,2021-06-14 18:39:18,Pre-GPT,0.30279726,0.19905598
2409.06275,2024-09-10 07:26:31,Post-GPT,0.008871794,-0.030314581
2108.04336,2021-08-09 20:18:52,Pre-GPT,-0.034869306,0.012703698
1808.04794,2018-08-14 16:58:11,Pre-GPT,0.21992484,-0.06940485
2511.19506,2025-11-23 22:44:17,Post-GPT,0.07111034,0.17724355
2304.14051,2023-04-27 09:29:33,Post-GPT,-0.053751186,-0.020512376
2102.0833,2021-02-16 18:18:51,Pre-GPT,-0.26377195,-0.1411288
2002.07314,2020-02-18 00:38:26,Pre-GPT,-0.09390187,-0.14464726
2504.05669,2025-04-08 04:28:22,Post-GPT,0.21524659,0.08174662
2511.14059,2025-11-18 02:23:23,Post-GPT,0.22874275,-0.11961448
2309.09877,2023-09-18 15:37:30,Post-GPT,0.38078567,0.27096567
2208.09558,2022-08-19 22:21:29,Pre-GPT,-0.03348349,0.079159066
2305.11281,2023-05-18 19:56:20,Post-GPT,0.36637834,-0.077109694
2508.10629,2025-08-14 13:30:19,Post-GPT,0.117385894,-0.21058904
2205.04123,2022-05-09 08:42:03,Pre-GPT,0.09256935,-0.13242748
2012.08367,2020-12-15 15:34:06,Pre-GPT,-0.4179599,0.13529503
2111.12652,2021-11-24 17:33:29,Pre-GPT,-0.43914008,-0.0031406097
1802.00243,2018-02-01 11:12:14,Pre-GPT,0.11273308,-0.041421317
2012.15336,2020-12-30 21:53:37,Pre-GPT,-0.25145078,0.009809643
2309.11141,2023-09-20 08:37:29,Post-GPT,-0.2969922,0.08556573
2508.07877,2025-08-11 11:49:37,Post-GPT,0.353367,0.018731277
2311.0183,2023-11-03 10:37:39,Post-GPT,0.013299331,-0.22457986
2002.06811,2020-02-17 07:39:10,Pre-GPT,-0.09787584,-0.31957087
1804.06486,2018-04-17 22:20:07,Pre-GPT,-0.3197996,0.055351134
2505.24136,2025-05-30 02:11:25,Post-GPT,0.28586763,-0.29252023
2402.04974,2024-02-07 15:53:49,Post-GPT,-0.3772921,0.0042741187
2209.00522,2022-09-01 15:11:06,Pre-GPT,0.35192755,-0.022374496
2504.19553,2025-04-28 07:58:51,Post-GPT,-0.37119555,0.04735245
2104.00304,2021-04-01 07:15:41,Pre-GPT,-0.16828924,0.061064374
2507.06452,2025-07-08 23:31:58,Post-GPT,0.067893535,0.1054842
2508.19477,2025-08-26 23:40:23,Post-GPT,0.04867609,0.023762148
2209.10735,2022-09-22 02:12:14,Pre-GPT,-0.35871968,0.2107352
2205.09045,2022-05-17 01:58:34,Pre-GPT,0.23160058,-0.2470198
2210.15808,2022-10-28 00:03:43,Pre-GPT,0.30436623,-0.09219462
2511.20207,2025-11-25 11:33:00,Post-GPT,-0.011711322,-0.24341775
1904.05463,2019-04-10 22:02:16,Pre-GPT,-0.20718677,-0.2433149
2112.07443,2021-12-14 14:59:44,Pre-GPT,0.19649285,0.29264772
2201.0897,2022-01-22 06:00:17,Pre-GPT,0.23053762,0.007861488
1808.0397,2018-08-12 16:51:37,Pre-GPT,-0.31527746,0.11307706
2504.14371,2025-04-19 18:14:35,Post-GPT,0.27875635,-0.18812048
2303.11739,2023-03-21 10:56:57,Post-GPT,0.3058546,0.09047975
2107.14499,2021-07-30 09:05:51,Pre-GPT,-0.012587145,0.2053666
2102.09266,2021-02-18 11:00:42,Pre-GPT,-0.27068797,-0.23256633
1803.10916,2018-03-29 03:32:59,Pre-GPT,0.3556959,0.0879976
2107.01619,2021-07-04 13:14:31,Pre-GPT,0.25210086,-0.06598502
2508.14345,2025-08-20 01:38:24,Post-GPT,0.34219834,-0.003696518
2105.06622,2021-05-14 02:44:18,Pre-GPT,-0.023682512,-0.14562313
2506.16627,2025-06-19 21:54:08,Post-GPT,0.2054607,-0.22381815
2505.03945,2025-05-06 19:45:13,Post-GPT,0.15357155,0.11195217
2312.04902,2023-12-08 08:35:16,Post-GPT,0.2575675,0.091729045
1802.02438,2018-02-07 14:38:37,Pre-GPT,0.20055264,0.0062498953
1901.08205,2019-01-24 02:53:20,Pre-GPT,-0.271587,-0.14606643
1904.10389,2019-04-23 15:32:28,Pre-GPT,0.07499561,-0.28128442
2304.06586,2023-04-13 14:50:15,Post-GPT,-0.2544881,-0.29917902
2201.00213,2022-01-01 15:42:14,Pre-GPT,-0.12027019,0.029216964
2110.1186,2021-10-22 15:48:31,Pre-GPT,0.3439988,-0.11580701
2102.06617,2021-02-12 16:53:49,Pre-GPT,-0.05912946,-0.06512518
2404.1534,2024-04-10 09:05:06,Post-GPT,0.16705272,-0.18807475
2008.00321,2020-08-01 19:10:06,Pre-GPT,-0.20600921,0.09145953
2305.07648,2023-05-12 17:58:24,Post-GPT,0.35748425,-0.22949609
2010.09172,2020-10-19 02:20:02,Pre-GPT,-0.45784676,0.32407594
2205.08467,2022-05-17 16:16:29,Pre-GPT,-0.003732711,-0.04981951
2510.07423,2025-10-08 18:23:33,Post-GPT,0.31871417,0.11668533
2505.14016,2025-05-20 07:09:20,Post-GPT,0.23564175,-0.2513962
2312.05243,2023-12-08 18:49:37,Post-GPT,0.09713769,-0.051778506
2009.10892,2020-09-23 01:49:56,Pre-GPT,0.34838662,-0.027167808
2501.0946,2025-01-16 10:42:29,Post-GPT,0.22944924,-0.16751906
2405.12729,2024-05-21 12:36:50,Post-GPT,-0.23462167,0.025874466
1907.08912,2019-07-21 04:42:15,Pre-GPT,-0.04323881,-0.035381258
2007.01582,2020-07-03 09:51:02,Pre-GPT,-0.18840557,-0.2352563
2501.10545,2025-01-17 20:38:55,Post-GPT,-0.3914064,0.19007732
1912.05651,2019-12-11 21:37:54,Pre-GPT,0.34672615,-0.126509
2304.03822,2023-04-07 19:31:03,Post-GPT,-0.35056105,0.28522632
2309.13384,2023-09-23 14:05:55,Post-GPT,0.19710046,0.13035402
2211.0376,2022-11-07 18:31:39,Pre-GPT,-0.11701819,-0.10058689
2012.0824,2020-12-15 12:18:38,Pre-GPT,0.21254206,-0.08370243
2303.06259,2023-03-11 00:40:45,Post-GPT,-0.23500279,0.2626747
2509.20375,2025-09-20 04:36:21,Post-GPT,0.3298492,0.3243363
2308.05973,2023-08-11 07:16:49,Post-GPT,0.22400421,0.22396837
2105.13062,2021-05-27 11:08:10,Pre-GPT,-0.11741367,-0.3289168
2407.04373,2024-07-05 09:24:45,Post-GPT,-0.16487516,-0.38872474
2412.00113,2024-11-28 05:51:00,Post-GPT,0.1728644,-0.3119722
2507.03194,2025-07-03 21:56:44,Post-GPT,0.25400463,0.33372352
2503.19321,2025-03-25 03:34:26,Post-GPT,0.054023013,-0.27226964
2505.15315,2025-05-21 09:45:32,Post-GPT,-0.11051378,-0.07538658
2508.00768,2025-08-01 16:43:45,Post-GPT,0.1216467,-0.15370767
2010.01377,2020-10-03 16:00:19,Pre-GPT,-0.29235,0.024036117
2103.05667,2021-03-09 19:12:44,Pre-GPT,-0.4444693,0.11963786
2510.01111,2025-10-01 16:54:46,Post-GPT,0.4217594,0.137893
2105.06465,2021-05-13 17:59:48,Pre-GPT,-0.15274045,-0.19763975
2205.12239,2022-05-24 17:47:26,Pre-GPT,0.32345244,0.0059830323
2107.03467,2021-07-07 20:20:49,Pre-GPT,-0.013858661,-0.016570017
2104.07749,2021-04-15 20:10:11,Pre-GPT,0.3657554,-0.05802635
2408.04766,2024-08-08 21:49:04,Post-GPT,-0.1635851,-0.19925682
2505.04485,2025-05-07 14:58:04,Post-GPT,0.26033115,-0.06806779
2503.03864,2025-03-05 19:50:05,Post-GPT,-0.15096116,-0.0066152886
2302.14301,2023-02-28 04:26:20,Post-GPT,0.3886656,0.0019147061
2101.04647,2021-01-12 18:11:14,Pre-GPT,-0.1739724,-0.38753647
2410.06651,2024-10-09 08:04:06,Post-GPT,0.22086427,-0.26924905
2006.08481,2020-06-15 15:29:52,Pre-GPT,0.14803997,0.15027826
2104.07183,2021-04-15 00:44:45,Pre-GPT,0.21966603,0.07475479
2506.07368,2025-06-09 02:34:19,Post-GPT,0.36462393,-0.07150437
2202.10698,2022-02-22 07:15:07,Pre-GPT,-0.0012517273,-0.15496597
2204.09202,2022-04-20 03:06:49,Pre-GPT,-0.22527094,0.082695425
2212.03061,2022-12-04 22:17:23,Post-GPT,0.04454118,0.023150127
2504.07402,2025-04-10 02:55:22,Post-GPT,0.2929248,0.047920432
2502.00976,2025-02-03 01:14:00,Post-GPT,0.009799644,-0.21582326
2506.04839,2025-06-05 10:00:53,Post-GPT,0.051590905,-0.15901472
1804.06189,2018-04-17 12:16:25,Pre-GPT,0.35795397,0.14796309
1806.05094,2018-06-13 14:51:54,Pre-GPT,-0.4718062,0.23307924
2407.01143,2024-07-01 10:11:08,Post-GPT,0.2904561,0.0014135428
2502.12845,2025-02-18 13:25:00,Post-GPT,0.20335582,-0.13579507
2505.0705,2025-05-11 16:47:42,Post-GPT,0.34528187,-0.07660253
2107.00975,2021-07-02 11:13:16,Pre-GPT,0.010237902,-0.08315869
2110.04121,2021-10-08 13:28:28,Pre-GPT,0.363067,0.0066618323
2212.11811,2022-12-22 15:41:13,Post-GPT,-0.03746993,-0.1816184
2512.17353,2025-12-19 08:49:12,Post-GPT,-0.2657135,-0.22795604
2302.02279,2023-02-05 02:01:43,Post-GPT,-0.17370564,-0.09440151
2505.11984,2025-05-17 12:35:28,Post-GPT,0.1635333,-0.03862352
2202.0762,2022-02-15 18:05:35,Pre-GPT,-0.29501408,-0.09388451
2304.11226,2023-04-21 19:20:40,Post-GPT,0.28973112,-0.124602154
2006.09705,2020-06-17 08:04:13,Pre-GPT,-0.28783107,0.24658625
2206.15271,2022-06-30 13:21:24,Pre-GPT,-0.28713873,0.30729318
2003.07107,2020-03-16 10:51:06,Pre-GPT,-0.18109167,-0.108319506
2010.08374,2020-10-16 13:22:19,Pre-GPT,-0.36311525,0.119163245
2206.09735,2022-06-20 12:20:34,Pre-GPT,-0.033359304,-0.06791693
2407.17801,2024-07-25 06:20:03,Post-GPT,0.17432496,-0.11926742
2103.15717,2021-03-29 16:04:38,Pre-GPT,-0.39096153,0.3064041
2010.09576,2020-10-19 15:00:35,Pre-GPT,0.011160627,-0.112881824
2305.18047,2023-05-29 12:24:58,Post-GPT,0.24310607,0.15418151
1803.04696,2018-03-13 09:27:59,Pre-GPT,-0.13398771,-0.18722607
2404.13457,2024-04-20 19:51:36,Post-GPT,-0.13144732,-0.16539754
2103.04731,2021-03-08 13:10:52,Pre-GPT,0.17678484,0.08149557
2410.10494,2024-10-14 13:40:32,Post-GPT,-0.35483086,0.25510997
2011.14137,2020-11-28 14:11:35,Pre-GPT,0.3549006,-0.06299201
2308.14856,2023-08-28 19:18:54,Post-GPT,-0.31186897,0.05419795
1810.12054,2018-10-29 11:02:02,Pre-GPT,0.017443493,-0.053420205
2111.10229,2021-11-19 14:09:54,Pre-GPT,-0.32787216,-0.25725448
2509.19599,2025-09-23 21:46:38,Post-GPT,0.100483954,0.20105292
2302.04851,2023-02-09 18:54:02,Post-GPT,-0.040833652,-0.08223422
2301.06627,2023-01-16 22:41:19,Post-GPT,0.15532574,0.15941815
1810.11011,2018-10-25 17:56:58,Pre-GPT,-0.35095072,0.22208087
2303.00577,2023-03-01 15:18:43,Post-GPT,-0.11828761,-0.15630217
1804.0244,2018-04-06 19:59:18,Pre-GPT,-0.030624218,0.11577268
2306.06086,2023-06-09 17:48:58,Post-GPT,0.31218377,0.13670468
2309.05865,2023-09-11 23:08:03,Post-GPT,0.1287776,-0.054450277
2204.05782,2022-04-06 19:22:33,Pre-GPT,-0.006662816,-0.1486619
2305.01349,2023-05-02 12:00:19,Post-GPT,-0.40208545,0.33672583
2502.07241,2025-02-11 04:15:03,Post-GPT,-0.3195421,-0.2553368
2504.00396,2025-04-01 03:37:30,Post-GPT,0.43358842,0.13222562
2506.06494,2025-06-06 19:42:16,Post-GPT,-0.010084912,-0.24720052
2405.09136,2024-05-15 07:04:12,Post-GPT,-0.17480794,-0.21589567
2301.06685,2023-01-17 03:58:12,Post-GPT,0.25162375,0.015693266
2311.08128,2023-11-14 12:48:12,Post-GPT,-0.31012127,0.31825623
2502.17495,2025-02-21 01:34:38,Post-GPT,0.15557393,-0.2018512
2505.10673,2025-05-15 19:33:48,Post-GPT,0.0049501657,-0.1662545
2110.11746,2021-10-22 12:40:09,Pre-GPT,0.3413139,-0.090289876
2108.07036,2021-08-16 11:59:21,Pre-GPT,-0.1866405,0.10142805
2507.00445,2025-07-01 05:55:28,Post-GPT,0.12615222,-0.36993003
2210.14126,2022-10-25 16:23:36,Pre-GPT,-0.36220163,0.2165335
1810.05245,2018-10-11 21:00:31,Pre-GPT,-0.012315303,-0.030429088
2508.19731,2025-08-27 09:53:19,Post-GPT,0.1683304,-0.07930732
2105.06289,2021-05-12 17:46:01,Pre-GPT,0.20393088,-0.11202456
1801.02913,2018-01-09 12:26:49,Pre-GPT,-0.21956697,0.10655494
2102.05638,2021-02-10 18:53:11,Pre-GPT,0.26621974,0.26529703
2507.07567,2025-07-10 09:12:18,Post-GPT,-0.17034116,-0.12062125
2010.05223,2020-10-11 11:21:53,Pre-GPT,0.37995175,0.18830095
2502.00333,2025-02-01 06:34:55,Post-GPT,0.058062002,-0.20534061
2007.06258,2020-07-13 09:22:59,Pre-GPT,-0.028938867,0.22118805
2309.02796,2023-09-06 07:30:15,Post-GPT,0.22687295,-0.07487583
1801.05106,2018-01-16 03:17:05,Pre-GPT,-0.37844318,0.09958856
2410.04505,2024-10-06 14:53:13,Post-GPT,-0.017431855,-0.27734074
2003.08583,2020-03-19 05:46:58,Pre-GPT,0.15402922,-0.12145354
1909.06551,2019-09-14 07:30:48,Pre-GPT,-0.37806156,0.12770903
1802.01904,2018-02-06 12:20:26,Pre-GPT,-0.35073805,0.19902906
2207.05623,2022-07-12 15:45:39,Pre-GPT,-0.020367526,0.0067429803
2205.0317,2022-05-06 12:33:14,Pre-GPT,-0.16084562,0.15894626
2009.0827,2020-09-17 13:19:31,Pre-GPT,0.402055,0.12655221
2210.02742,2022-10-06 08:17:11,Pre-GPT,-0.03168577,-0.09114821
2502.09221,2025-02-13 11:50:36,Post-GPT,0.013712943,0.25019947
2409.09405,2024-09-14 10:35:56,Post-GPT,-0.45420912,-0.0060657263
2009.04541,2020-09-09 19:56:02,Pre-GPT,-0.3468853,0.08119471
2104.05458,2021-04-12 13:27:34,Pre-GPT,0.39276174,0.13343005
2509.22017,2025-09-26 07:51:40,Post-GPT,0.25131705,0.11516529
2408.13059,2024-08-23 13:34:04,Post-GPT,-0.33844972,0.26353845
2510.1825,2025-10-21 03:21:04,Post-GPT,0.39080623,0.23280533
2101.01442,2021-01-05 10:31:05,Pre-GPT,0.09403685,-0.13966416
2207.1474,2022-07-29 15:25:36,Pre-GPT,0.17599633,0.21597256
2012.11141,2020-12-21 06:40:57,Pre-GPT,-0.3939642,-0.09585032
2208.11274,2022-08-24 02:34:27,Pre-GPT,0.26746598,0.21709195
2402.08724,2024-02-13 19:00:07,Post-GPT,-0.2517451,0.14617707
2405.04769,2024-05-08 02:33:35,Post-GPT,0.1513693,0.11103223
2203.11316,2022-02-13 05:02:52,Pre-GPT,0.31165308,-0.19387738
1912.05576,2019-12-11 19:08:01,Pre-GPT,-0.07778785,0.14979674
2310.08148,2023-10-12 09:12:50,Post-GPT,0.3688157,0.270255
1801.08572,2018-01-25 19:22:50,Pre-GPT,-0.20624371,-0.27409053
1901.00511,2019-01-02 19:18:56,Pre-GPT,-0.099728756,-0.050841868
2309.1215,2023-09-21 15:05:00,Post-GPT,-0.22466733,0.32757363
2512.02199,2025-12-01 20:43:30,Post-GPT,-0.18579535,-0.13169171
2006.09699,2020-06-17 07:52:36,Pre-GPT,-0.08856902,-0.001822941
2109.14894,2021-09-30 07:35:13,Pre-GPT,0.2662761,0.050725397
2101.00303,2021-01-01 19:24:49,Pre-GPT,-0.16315562,-0.06755447
2207.09044,2022-07-19 03:29:43,Pre-GPT,-0.24927303,-0.20463787
1901.07367,2019-01-13 09:24:04,Pre-GPT,-0.3768848,0.09485854
2401.02037,2024-01-04 02:42:36,Post-GPT,-0.24230589,-0.12755625
1805.03018,2018-05-02 07:47:34,Pre-GPT,-0.25794625,-0.021081552
1805.07394,2018-05-11 15:42:34,Pre-GPT,-0.12789284,-0.1728061
1805.01503,2018-05-03 18:41:06,Pre-GPT,-0.1255281,-0.06327981
2011.13899,2020-11-27 18:41:53,Pre-GPT,-0.008984953,-0.11413926
2202.06777,2022-02-14 14:58:05,Pre-GPT,0.3395438,-0.014054492
2010.06112,2020-10-13 01:50:14,Pre-GPT,0.040510714,-0.16050085
2306.15343,2023-06-27 09:56:39,Post-GPT,-0.3212272,0.11717136
2311.01637,2023-11-02 23:20:39,Post-GPT,-0.33921868,0.22029899
2210.10832,2022-10-19 18:47:11,Pre-GPT,-0.092227764,0.04051461
2509.20581,2025-09-24 21:46:18,Post-GPT,0.35308665,0.17289974
2012.13052,2020-12-24 01:13:23,Pre-GPT,0.3995528,0.17361242
1910.02511,2019-10-06 20:03:45,Pre-GPT,-0.04793127,-0.15297474
2211.05611,2022-11-10 14:37:59,Pre-GPT,-0.34597945,0.22999127
2105.13748,2021-05-28 11:35:16,Pre-GPT,-0.26086247,-0.13736139
2505.10056,2025-05-15 07:59:29,Post-GPT,-0.19829983,-0.21043505
2501.18997,2025-01-31 10:05:01,Post-GPT,0.11649755,0.030819342
2202.06175,2022-02-13 01:20:56,Pre-GPT,-0.3218604,-0.11301024
2303.0235,2023-03-04 08:02:26,Post-GPT,-0.20573708,-0.23361675
2507.16071,2025-07-21 21:16:52,Post-GPT,-0.08605486,-0.12951219
2102.07846,2021-02-15 20:56:54,Pre-GPT,0.09700149,-0.13687721
2407.13215,2024-07-18 06:55:03,Post-GPT,-0.2999575,-0.3166664
2008.12504,2020-08-28 06:57:10,Pre-GPT,0.17116526,0.118859455
2009.07365,2020-09-15 21:54:01,Pre-GPT,0.20515099,0.2744242
2202.11131,2022-02-22 19:16:13,Pre-GPT,-0.44285867,0.23846515
2506.17314,2025-06-18 11:23:39,Post-GPT,0.2250264,0.35573226
2403.05294,2024-03-08 13:23:09,Post-GPT,-0.2169514,-0.10064547
2302.09805,2023-02-20 07:06:17,Post-GPT,-0.27587062,-0.22047068
2312.12583,2023-12-19 20:28:42,Post-GPT,0.2664542,-0.020076923
2010.04241,2020-10-08 19:58:22,Pre-GPT,-0.41721115,0.09101325
1906.09001,2019-06-21 08:21:13,Pre-GPT,-0.40968493,-0.23409887
2011.05449,2020-11-10 23:03:50,Pre-GPT,0.3542523,0.15108232
2103.13221,2021-03-24 14:30:00,Pre-GPT,0.061600402,-0.08052896
2503.01787,2025-03-03 18:18:45,Post-GPT,0.011091605,-0.10154654
2411.16096,2024-11-25 05:15:38,Post-GPT,0.26840556,0.12540114
2405.00335,2024-05-01 05:57:03,Post-GPT,0.096728966,0.14962873
2307.02397,2023-07-05 16:13:41,Post-GPT,0.01931867,-0.045914773
2404.08764,2024-04-12 18:43:08,Post-GPT,0.11735624,-0.30131483
2003.11852,2020-03-26 11:59:28,Pre-GPT,-0.34970614,0.32481688
2310.16681,2023-10-25 14:45:48,Post-GPT,0.31425002,0.1610642
2308.10573,2023-08-21 09:13:33,Post-GPT,-0.16776013,-0.14244865
2206.01883,2022-06-04 02:40:23,Pre-GPT,-0.1743606,-0.2577193
2005.14455,2020-05-29 08:59:43,Pre-GPT,-0.0800917,-0.15911776
2208.02201,2022-08-03 16:36:27,Pre-GPT,-0.082328215,0.04278432
2502.07057,2025-02-10 21:47:49,Post-GPT,0.23645034,0.3387237
2410.14668,2024-10-18 17:57:40,Post-GPT,0.42520157,0.16677944
1807.00202,2018-06-30 16:52:33,Pre-GPT,0.32804328,-0.07097804
2108.07542,2021-08-17 09:59:36,Pre-GPT,-0.43130216,-0.12211199
2302.04791,2023-02-09 17:30:43,Post-GPT,0.3326755,0.060348365
2106.14317,2021-06-27 20:24:30,Pre-GPT,-0.36703995,-0.16607471
2107.09519,2021-07-20 14:06:50,Pre-GPT,0.12883592,-0.16047539
2505.18441,2025-05-24 00:32:50,Post-GPT,0.30922487,-0.0429373
1911.019,2019-11-05 16:03:48,Pre-GPT,-0.14943196,-0.2285579
2110.05223,2021-10-11 12:39:55,Pre-GPT,0.16160205,0.07320884
2504.04311,2025-04-06 00:53:09,Post-GPT,0.07915452,0.11983377
2007.11835,2020-07-23 07:39:26,Pre-GPT,-0.1329636,-0.22449468
2410.12723,2024-10-16 16:31:58,Post-GPT,-0.047517017,0.12195505
2112.10484,2021-12-20 12:34:42,Pre-GPT,-0.20902827,-0.0060039405
1904.11441,2019-04-25 16:34:35,Pre-GPT,-0.214255,-0.089662805
2412.20178,2024-12-28 15:26:34,Post-GPT,-0.15594706,0.22579743
2212.12428,2022-12-23 16:05:24,Post-GPT,-0.11100968,-0.18270053
1901.06941,2019-01-21 14:22:57,Pre-GPT,-0.14788386,-0.2812816
2507.10499,2025-07-14 17:23:43,Post-GPT,0.19523734,-0.0073620565
2201.01194,2022-01-04 15:21:33,Pre-GPT,-0.09943861,0.04083142
2408.14932,2024-08-27 10:11:39,Post-GPT,-0.36949304,-0.072211
2205.04506,2022-05-09 18:21:54,Pre-GPT,0.20716298,-0.30701172
2401.15387,2024-01-27 11:15:43,Post-GPT,-0.22236022,-0.19541752
2008.09334,2020-08-21 06:58:58,Pre-GPT,-0.35995913,-0.24327251
2411.13713,2024-11-20 21:17:23,Post-GPT,-0.37807187,-0.23309942
2307.1266,2023-07-24 10:04:27,Post-GPT,0.33853748,0.05029588
1902.02518,2019-02-07 08:36:34,Pre-GPT,0.07261416,0.002186546
2505.14398,2025-05-20 14:14:38,Post-GPT,0.35697162,0.18302192
2201.11951,2022-01-28 06:18:47,Pre-GPT,0.002851516,-0.032661043
1910.0915,2019-10-21 04:58:52,Pre-GPT,-0.41513708,0.14266936
2504.00118,2025-03-31 18:08:30,Post-GPT,0.121204585,-0.25207093
2505.12181,2025-05-18 00:42:21,Post-GPT,0.30693153,0.108160704
2112.08143,2021-12-15 14:13:38,Pre-GPT,-0.31185335,0.21122569
2210.07648,2022-10-14 08:58:35,Pre-GPT,0.23388335,0.13796009
2110.01375,2021-09-14 16:02:08,Pre-GPT,-0.34940958,0.25537336
2407.12517,2024-07-17 12:10:24,Post-GPT,0.33432695,-0.19693644
2007.07184,2020-07-14 17:01:29,Pre-GPT,-0.35489547,-0.07501222
2002.00914,2020-02-03 17:43:31,Pre-GPT,-0.26243627,0.10691747
2103.14873,2021-03-27 10:15:40,Pre-GPT,-0.18381815,-0.21427856
2312.12751,2023-12-20 04:15:01,Post-GPT,0.15300035,0.09196897
2007.02593,2020-07-06 09:07:35,Pre-GPT,0.12746385,-0.31926572
2411.17512,2024-11-26 15:24:23,Post-GPT,-0.32074475,-0.12375955
2309.00247,2023-09-01 04:33:24,Post-GPT,-0.31338573,0.27775848
2009.13901,2020-09-29 09:48:55,Pre-GPT,-0.15379114,-0.05593389
2307.08765,2023-07-17 18:26:14,Post-GPT,-0.01524622,0.23366345
2403.19461,2024-03-28 14:32:57,Post-GPT,0.27474186,-0.2080255
2204.01317,2022-04-04 08:38:25,Pre-GPT,-0.4078403,0.33017495
1809.06953,2018-09-18 22:12:22,Pre-GPT,-0.3870608,0.18402526
2404.03152,2024-04-04 01:59:59,Post-GPT,-0.0043361783,-0.22068228
2510.2038,2025-10-23 09:23:43,Post-GPT,-0.11436738,-0.044383917
1904.01496,2019-04-02 15:33:48,Pre-GPT,-0.3122962,0.2431084
2104.00423,2021-04-01 12:08:42,Pre-GPT,0.07659119,-0.28182212
2505.11998,2025-05-17 13:19:01,Post-GPT,0.39350894,0.023452956
2207.07891,2022-07-16 10:06:59,Pre-GPT,-0.1870716,-0.25092003
2301.11447,2023-01-26 22:24:50,Post-GPT,0.28857467,0.08449374
1911.09722,2019-11-21 19:43:51,Pre-GPT,0.3362534,-0.083622366
2403.12988,2024-03-04 13:32:48,Post-GPT,0.28051588,-0.032210987
2504.14771,2025-04-20 23:46:54,Post-GPT,-0.025405921,-0.008884054
2109.11823,2021-09-24 09:11:59,Pre-GPT,-0.2059569,-0.26186213
2305.19391,2023-05-30 20:06:03,Post-GPT,0.3203558,0.07250598
2105.0465,2021-05-10 20:15:06,Pre-GPT,0.3375346,0.25161412
2312.14228,2023-12-21 17:13:46,Post-GPT,0.011181712,-0.19970357
2410.12034,2024-10-15 20:08:08,Post-GPT,0.43317083,0.012377977
2010.15308,2020-10-29 01:50:34,Pre-GPT,0.13903552,-0.22112179
2403.19576,2024-03-28 17:02:12,Post-GPT,-0.40751132,0.25326484
2303.06868,2023-03-13 05:33:28,Post-GPT,0.31132564,-0.1078736
2505.12296,2025-05-18 08:19:18,Post-GPT,0.17074502,0.24902906
1809.03888,2018-09-10 02:29:26,Pre-GPT,-0.21550165,0.14783476
2002.04745,2020-02-12 00:33:03,Pre-GPT,0.21684095,0.014654875
2209.01598,2022-09-04 11:32:05,Pre-GPT,-0.31384826,-0.030421421
2504.19981,2025-04-28 16:56:41,Post-GPT,0.4049801,0.10827081
2403.08318,2024-03-13 08:00:07,Post-GPT,0.28029034,-0.08828893
2005.11836,2020-05-24 20:25:14,Pre-GPT,-0.21785127,-0.19092013
2312.10578,2023-12-17 01:44:29,Post-GPT,0.34922433,0.06495574
2502.07856,2025-02-11 14:57:33,Post-GPT,0.17737511,-0.36829683
2011.03491,2020-11-06 17:55:23,Pre-GPT,-0.06552757,-0.15326704
2410.01308,2024-10-02 08:01:50,Post-GPT,0.18758631,0.14693539
2302.07054,2023-02-14 14:16:43,Post-GPT,-0.11953306,0.0053395648
1811.10779,2018-11-27 02:37:03,Pre-GPT,0.35782638,0.020564377
2208.00224,2022-07-30 14:07:47,Pre-GPT,-0.2981196,-0.2828161
2006.11627,2020-06-20 18:01:16,Pre-GPT,0.30757132,0.2143619
2107.10669,2021-07-21 01:44:25,Pre-GPT,0.06069374,0.17073432
2503.08942,2025-03-11 22:44:54,Post-GPT,0.22164905,0.0007573683
1810.05344,2018-10-12 03:49:09,Pre-GPT,-0.42114243,-0.0571799
2308.08075,2023-08-16 00:04:14,Post-GPT,-0.17598964,-0.1485223
2310.01377,2023-10-02 17:40:01,Post-GPT,0.42766836,0.24996279
2502.0055,2025-02-01 20:38:50,Post-GPT,0.2593211,-0.33555937
2107.10119,2021-07-21 14:44:38,Pre-GPT,0.19398513,0.19302438
2201.13282,2022-01-28 18:59:16,Pre-GPT,-0.36378902,0.12541504
2007.07581,2020-07-15 09:58:25,Pre-GPT,-0.36676878,-0.19765021
2403.15891,2024-03-23 17:17:08,Post-GPT,0.3662323,-0.24786738
2104.1203,2021-04-24 22:18:37,Pre-GPT,-0.3095519,0.083526045
2505.0466,2025-05-07 02:30:33,Post-GPT,0.3366205,-0.014430791
2203.09475,2022-03-15 22:26:19,Pre-GPT,0.39155152,-0.040217917
2407.17992,2024-07-25 12:38:08,Post-GPT,0.32994258,-0.15590844
2108.13303,2021-08-20 03:00:59,Pre-GPT,0.23056579,0.27857596
2006.13665,2020-06-24 12:37:10,Pre-GPT,-0.25790334,-0.24574377
2312.11834,2023-12-19 04:02:50,Post-GPT,0.065502554,-0.22020508
2509.20342,2025-09-24 17:34:32,Post-GPT,-0.26828513,-0.011728983
2312.00051,2023-11-28 06:51:26,Post-GPT,0.22160617,0.15782969
2311.13167,2023-11-22 05:20:50,Post-GPT,-0.19306426,-0.16998969
2510.08303,2025-10-09 14:55:04,Post-GPT,0.32027608,-0.049605235
2204.09041,2022-04-19 17:58:49,Pre-GPT,0.10062814,-0.07647295
1909.11963,2019-09-26 07:58:52,Pre-GPT,-0.2997336,0.11188708
2009.09626,2020-09-21 06:01:08,Pre-GPT,-0.31955305,0.096882075
1905.01331,2019-05-03 18:17:38,Pre-GPT,0.011092514,-0.12830615
2106.15504,2021-06-29 15:35:37,Pre-GPT,0.3510153,0.14457144
2306.11193,2023-06-19 22:56:16,Post-GPT,-0.3753097,0.11371292
2412.10119,2024-12-13 13:04:46,Post-GPT,0.31427637,-0.040463366
2404.09568,2024-04-15 08:30:37,Post-GPT,-0.3689309,-0.15686372
2411.10924,2024-11-17 01:02:18,Post-GPT,0.38010004,-0.16453801
2203.16795,2022-03-31 04:52:27,Pre-GPT,0.3646784,-0.009982288
2307.04613,2023-07-10 14:55:55,Post-GPT,-0.16086814,-0.021903632
2506.23396,2025-06-29 21:15:40,Post-GPT,0.33369562,0.1021616
1911.04321,2019-11-11 15:06:45,Pre-GPT,-0.30432737,0.096824735
2504.07504,2025-04-10 07:03:27,Post-GPT,-0.31748194,0.3153203
2210.00676,2022-10-03 01:43:08,Pre-GPT,-0.34266973,0.033279497
1806.00977,2018-06-04 06:41:23,Pre-GPT,-0.18148215,-0.21447752
2204.06954,2022-04-14 13:26:03,Pre-GPT,-0.3079771,0.17104135
2207.09263,2022-07-19 13:22:15,Pre-GPT,-0.009681031,-0.057305302
1905.13092,2019-05-30 15:13:17,Pre-GPT,-0.28081143,-0.20289178
2503.21091,2025-03-27 02:09:09,Post-GPT,0.11527285,0.02724563
2003.09415,2020-03-20 17:54:08,Pre-GPT,0.19993249,-0.083516
2311.01009,2023-11-02 06:08:49,Post-GPT,0.3395947,-0.10215378
2003.03133,2020-03-06 11:00:12,Pre-GPT,0.15820101,-0.014890819
2405.17314,2024-05-27 16:16:50,Post-GPT,-0.120141685,0.11578715
2002.05055,2020-02-12 15:46:59,Pre-GPT,-0.30466843,0.28632855
2404.17235,2024-04-26 08:15:43,Post-GPT,0.45372477,-0.09246589
1804.09417,2018-04-25 08:20:18,Pre-GPT,-0.28258973,0.0031857193
2305.14867,2023-05-24 08:19:42,Post-GPT,0.029089242,-0.32703736
1901.06776,2019-01-21 02:59:09,Pre-GPT,-0.14199708,-0.19861357
2304.11775,2023-04-24 00:06:28,Post-GPT,-0.36678064,0.01939873
2405.19916,2024-05-30 10:29:34,Post-GPT,-0.20419604,-0.0943685
2403.05771,2024-03-09 02:52:07,Post-GPT,0.24006441,-0.17741716
2505.04055,2025-05-07 01:53:16,Post-GPT,0.17489967,-0.13375778
2204.00336,2022-04-01 10:29:16,Pre-GPT,-0.12649389,0.16676705
1802.02673,2018-02-07 23:37:20,Pre-GPT,-0.03788487,-0.1836404
2207.06221,2022-07-03 18:03:46,Pre-GPT,0.23508385,0.12179755
2210.04993,2022-10-10 19:58:23,Pre-GPT,0.15565243,0.22156624
2209.07829,2022-09-16 09:54:24,Pre-GPT,-0.13028732,-0.21885778
2208.14635,2022-08-31 05:06:00,Pre-GPT,0.24789807,-0.1885148
1805.11791,2018-05-30 03:26:59,Pre-GPT,-0.28719842,-0.1503567
2005.00327,2020-04-24 17:38:36,Pre-GPT,-0.24001266,-0.04166913
1906.09745,2019-06-24 06:54:35,Pre-GPT,0.30407363,-0.211715
1808.10547,2018-08-30 23:09:41,Pre-GPT,-0.3179124,-0.07065344
2501.15934,2025-01-27 10:31:07,Post-GPT,0.35850176,0.18862553
2009.00831,2020-09-02 05:40:01,Pre-GPT,0.19134894,-0.22316207
1910.13249,2019-10-29 13:23:02,Pre-GPT,0.3323606,-0.049432456
2211.14444,2022-11-17 03:03:54,Pre-GPT,-0.07746103,0.120244354
2209.02291,2022-09-06 08:37:39,Pre-GPT,-0.36012754,0.29356736
1905.04621,2019-05-12 01:13:35,Pre-GPT,0.33968982,-0.006920431
2305.15171,2023-05-24 14:00:32,Post-GPT,0.3215015,-0.20878991
2406.12707,2024-06-18 15:19:51,Post-GPT,0.27419776,0.16242109
1907.06584,2019-07-12 10:13:05,Pre-GPT,0.2872202,-0.051485673
2111.14324,2021-11-29 04:53:39,Pre-GPT,0.25475,0.07319771
2006.04399,2020-06-08 07:59:02,Pre-GPT,-0.1844801,0.23993205
2511.07424,2025-10-17 23:16:29,Post-GPT,0.30568478,0.17047222
2011.00894,2020-11-02 11:09:14,Pre-GPT,-0.050069124,-0.1381843
1802.0638,2018-02-18 13:59:09,Pre-GPT,-0.11733776,-0.22968943
2002.02525,2020-02-06 22:08:36,Pre-GPT,0.01127781,0.004414402
2302.07339,2023-02-14 20:53:56,Post-GPT,-0.46899036,0.25477314
2502.06225,2025-02-10 07:56:21,Post-GPT,-0.2537431,-0.18148863
2305.08808,2023-05-15 17:14:55,Post-GPT,0.27550253,-0.05025203
2208.11605,2022-08-24 15:19:28,Pre-GPT,-0.13550022,-0.17106427
2408.14803,2024-08-27 06:20:18,Post-GPT,-0.106794864,-0.278628
2103.14913,2021-03-27 14:00:05,Pre-GPT,-0.27700406,-0.042476546
2410.07483,2024-10-09 23:36:10,Post-GPT,-0.041811995,-0.017209468
2112.0059,2021-12-01 16:01:46,Pre-GPT,0.2305777,0.2622111
2208.14955,2022-08-31 16:35:25,Pre-GPT,-0.15537727,-0.0995266
2106.02895,2021-06-05 13:38:14,Pre-GPT,-0.4136512,0.088852674
2401.10648,2024-01-19 11:48:52,Post-GPT,0.13066873,0.012359131
2211.14234,2022-11-25 16:53:33,Pre-GPT,0.06762658,0.2651203
2311.10838,2023-11-17 19:35:20,Post-GPT,-0.23202994,-0.24712218
2112.08538,2021-12-16 00:17:26,Pre-GPT,0.34945238,-0.062474165
2406.05245,2024-06-07 20:08:28,Post-GPT,-0.05036147,0.100963384
2006.10844,2020-06-18 20:36:54,Pre-GPT,-0.39100364,0.28822646
2008.08743,2020-08-20 02:57:25,Pre-GPT,-0.07350106,0.04789633
2211.13354,2022-11-23 23:55:30,Pre-GPT,0.29018822,-0.07613781
1905.0051,2019-05-01 21:38:54,Pre-GPT,0.29667693,-0.06761016
2512.11999,2025-12-12 19:31:03,Post-GPT,-0.21102712,-0.080760404
2202.00941,2022-02-02 10:27:12,Pre-GPT,-0.013857886,-0.13005011
2406.11295,2024-06-17 08:00:49,Post-GPT,-0.17204681,-0.24517767
1812.10509,2018-12-26 19:33:31,Pre-GPT,-0.17398688,-0.09281325
2401.10721,2024-01-19 14:32:50,Post-GPT,0.20719853,-0.26817176
2506.0796,2025-06-09 17:32:55,Post-GPT,0.19747594,0.02525036
2306.09538,2023-06-15 22:47:01,Post-GPT,0.10505864,0.013240825
1906.04545,2019-06-11 13:02:26,Pre-GPT,-0.2578337,0.017403498
2204.14247,2022-04-29 17:21:06,Pre-GPT,-0.11165515,0.053386282
2112.14235,2021-12-28 17:43:03,Pre-GPT,-0.46005765,-0.025456542
2004.07912,2020-04-16 20:03:36,Pre-GPT,-0.34894502,0.24835004
2208.13667,2022-08-29 15:13:25,Pre-GPT,-0.41828704,0.07675144
2111.14074,2021-11-28 07:49:56,Pre-GPT,-0.111978084,-0.1258172
2502.10958,2025-02-16 02:30:08,Post-GPT,0.033586234,0.029756181
2012.0186,2020-12-03 12:04:31,Pre-GPT,-0.2371409,0.028796412
1811.00112,2018-10-31 20:53:25,Pre-GPT,0.34681502,-0.028967906
1904.09187,2019-04-18 06:37:15,Pre-GPT,0.28078085,0.2644379
2503.0403,2025-03-06 02:29:12,Post-GPT,0.19518399,-0.0528573
2410.23586,2024-10-31 02:56:19,Post-GPT,0.08840138,-0.19046023
1910.12755,2019-10-28 15:33:40,Pre-GPT,-0.3657999,0.20927192
2004.11954,2020-04-24 19:30:38,Pre-GPT,0.28719732,0.3243253
1805.06154,2018-05-16 06:45:49,Pre-GPT,-0.20716421,-0.24274917
1810.05241,2018-10-11 20:40:15,Pre-GPT,0.34241164,0.21322773
1910.08976,2019-10-20 13:28:21,Pre-GPT,-0.39198062,0.24707587
2504.18542,2025-04-03 05:05:04,Post-GPT,-0.35932693,0.017499167
2201.03319,2022-01-10 12:38:22,Pre-GPT,0.21695063,-0.2012742
1809.01724,2018-09-05 20:32:59,Pre-GPT,-0.23221146,-0.2871949
2108.11668,2021-08-26 09:28:50,Pre-GPT,-0.125422,-0.21280739
2406.03095,2024-06-05 09:36:15,Post-GPT,0.28232858,0.039795574
2401.04239,2024-01-08 21:18:48,Post-GPT,0.073743135,-0.11147393
2401.02773,2024-01-05 12:13:00,Post-GPT,0.21511129,-0.12784083
2110.15376,2021-10-28 18:00:12,Pre-GPT,-0.17654799,0.02156492
2309.15522,2023-09-27 09:41:02,Post-GPT,0.3658515,0.1237241
2105.14272,2021-05-29 11:17:48,Pre-GPT,-0.16347489,-0.12747358
2210.00416,2022-10-02 03:53:23,Pre-GPT,-0.36167127,-0.13593397
2402.07781,2024-02-12 16:47:08,Post-GPT,0.20163852,-0.1651195
2106.0127,2021-06-02 16:26:54,Pre-GPT,-0.3441385,0.25808567
2305.00352,2023-04-29 22:23:40,Post-GPT,0.3314278,0.11725864
2412.12856,2024-12-17 12:34:21,Post-GPT,-0.056897163,0.010355789
1905.0923,2019-05-22 16:29:34,Pre-GPT,-0.062056765,0.044091523
2112.05468,2021-12-10 11:52:06,Pre-GPT,-0.0371691,-0.05388264
2007.10869,2020-07-20 11:55:31,Pre-GPT,-0.22751169,-0.16982509
1907.07483,2019-07-17 12:50:30,Pre-GPT,-0.3601294,0.118869305
1807.03413,2018-07-09 22:45:50,Pre-GPT,-0.008017182,0.19305573
1810.02554,2018-10-05 07:41:24,Pre-GPT,-0.31686437,0.20921354
2411.03223,2024-11-05 16:12:12,Post-GPT,0.32900554,-0.14587848
1804.0125,2018-04-04 06:27:49,Pre-GPT,-0.08289625,-0.07598084
2510.11387,2025-10-13 13:29:20,Post-GPT,0.13137755,-0.13966213
1903.05871,2019-03-14 09:37:50,Pre-GPT,-0.2973549,-0.21205176
1911.11297,2019-11-26 00:49:45,Pre-GPT,-0.19079944,-0.024034189
2112.08443,2021-12-14 12:35:20,Pre-GPT,0.3070819,-0.09020011
1811.01712,2018-10-30 21:27:17,Pre-GPT,-0.2276207,0.3101149
2502.07013,2025-02-10 20:16:40,Post-GPT,-0.06492458,-0.062638775
2409.01927,2024-09-03 14:17:09,Post-GPT,0.28334716,0.11999887
2207.1066,2022-07-21 17:56:22,Pre-GPT,0.3964443,-0.07677971
1805.00259,2018-05-01 10:01:23,Pre-GPT,-0.3561818,-0.13835406
2210.08185,2022-10-15 04:07:39,Pre-GPT,0.29335424,0.11973363
2203.06122,2022-03-06 17:51:31,Pre-GPT,0.11979225,-0.26417434
2310.07818,2023-10-11 18:59:48,Post-GPT,0.17211503,0.22202477
2510.02968,2025-10-03 12:58:29,Post-GPT,-0.09292939,-0.11388044
2508.04059,2025-08-06 03:39:21,Post-GPT,0.4278405,0.1335234
2009.00258,2020-09-01 06:25:06,Pre-GPT,0.2982268,-0.08993442
2211.06082,2022-11-11 09:30:07,Pre-GPT,0.12405118,0.08588222
2309.15869,2023-09-26 21:12:09,Post-GPT,0.23398274,0.15704954
2312.06988,2023-12-12 05:12:22,Post-GPT,0.37311742,-0.005687695
1807.00994,2018-07-03 06:55:03,Pre-GPT,-0.3443813,0.24949877
2501.12171,2025-01-21 14:30:04,Post-GPT,-0.022305772,-0.024094941
2402.0277,2024-02-05 07:05:22,Post-GPT,-0.3631778,-0.28962174
2404.18729,2024-04-29 14:16:08,Post-GPT,0.009105146,-0.20981297
1904.03457,2019-04-06 14:37:08,Pre-GPT,-0.2494563,-0.19866249
2002.01608,2020-02-05 02:22:48,Pre-GPT,-0.2838611,-0.28690153
2008.06889,2020-08-16 11:56:05,Pre-GPT,-0.22200808,0.3489242
1902.03513,2019-02-09 23:44:18,Pre-GPT,-0.21732777,-0.069320515
2011.11181,2020-11-23 02:47:08,Pre-GPT,0.053741604,0.053200696
2411.03882,2024-11-06 12:56:19,Post-GPT,-0.36323786,0.19140548
2512.13045,2025-12-15 07:13:24,Post-GPT,-0.308865,-0.16621594
2206.01309,2022-06-02 21:27:27,Pre-GPT,0.32259032,-0.05022032
2305.10071,2023-05-17 09:17:59,Post-GPT,0.29053876,0.08948776
2309.16176,2023-09-28 05:22:15,Post-GPT,-0.15721296,-0.07937242
2510.16796,2025-10-19 11:22:03,Post-GPT,-0.25421762,0.25857162
2509.10936,2025-09-13 18:21:09,Post-GPT,-0.12546358,-0.0074050203
2111.13065,2021-11-25 12:59:34,Pre-GPT,0.32373935,-0.091733366
2209.03419,2022-09-07 18:44:52,Pre-GPT,-0.08172442,-0.1290882
2106.10142,2021-06-18 14:15:03,Pre-GPT,-0.2524513,-0.28180528
2311.15329,2023-11-26 15:27:59,Post-GPT,-0.18879032,-0.21415664
2108.1243,2021-08-27 18:00:00,Pre-GPT,0.23410687,-0.1756383
2108.1075,2021-08-24 14:06:17,Pre-GPT,0.28534698,0.35783714
1812.08999,2018-12-21 08:48:30,Pre-GPT,0.46679088,-0.0034966534
2405.19717,2024-05-30 05:55:05,Post-GPT,-0.2522733,0.13847204
2301.09763,2023-01-24 00:24:43,Post-GPT,-0.42514318,0.26273617
2112.15572,2021-12-31 17:56:05,Pre-GPT,0.031543225,-0.06727922
2412.01197,2024-12-02 06:59:52,Post-GPT,0.38224635,0.041864242
2302.0684,2023-02-14 05:27:11,Post-GPT,-0.30395097,0.18364714
2502.06536,2025-02-10 15:01:56,Post-GPT,0.38389996,0.09030682
2004.02879,2020-04-05 11:25:57,Pre-GPT,-0.33997452,-0.0707324
2001.04107,2020-01-13 08:45:56,Pre-GPT,0.22907954,0.22567959
2508.10509,2025-08-14 10:24:46,Post-GPT,0.20247453,-0.015333794
2501.04816,2025-01-08 20:12:33,Post-GPT,0.3576597,-0.12180993
2206.08922,2022-06-17 17:57:44,Pre-GPT,-0.27910003,-0.20805895
2009.00755,2020-09-02 00:08:15,Pre-GPT,-0.046943426,-0.13041967
2512.18031,2025-12-19 19:51:00,Post-GPT,0.33602273,-0.071871564
2011.0401,2020-11-08 16:09:20,Pre-GPT,-0.015291452,0.18852675
2402.14047,2024-02-21 15:51:01,Post-GPT,0.40355363,0.044500086
2505.15552,2025-05-21 14:14:14,Post-GPT,-0.1024083,-0.32005775
2009.06596,2020-09-14 17:28:40,Pre-GPT,-0.4139494,0.0705076
2510.06644,2025-10-08 04:53:35,Post-GPT,0.11788246,-0.2094325
1807.00387,2018-07-01 20:00:26,Pre-GPT,-0.14892487,-0.2266622
2101.09619,2021-01-24 01:15:13,Pre-GPT,-0.0021247864,0.26812628
2305.09615,2023-05-12 06:29:30,Post-GPT,0.082839966,-0.078491524
2502.16675,2025-02-23 18:23:30,Post-GPT,-0.31298095,0.3120426
2402.12945,2024-02-20 12:00:25,Post-GPT,0.05886203,-0.12993073
2410.09383,2024-10-12 06:24:35,Post-GPT,0.41260937,-0.06249029
2205.05403,2022-05-11 10:59:12,Pre-GPT,-0.11164791,0.059024926
2006.16723,2020-06-30 12:26:04,Pre-GPT,0.33815634,0.09168401
1811.11468,2018-11-28 10:01:19,Pre-GPT,-0.018498957,-0.09854527
1910.1149,2019-10-25 02:10:07,Pre-GPT,0.1209608,-0.243508
1904.04669,2019-04-07 22:39:00,Pre-GPT,-0.057576135,-0.13995515
2512.15994,2025-12-17 21:58:46,Post-GPT,-0.037893012,-0.23190136
2005.13534,2020-05-21 20:19:14,Pre-GPT,0.04908833,-0.1238461
2502.15631,2025-02-21 17:59:13,Post-GPT,0.2106987,0.22400975
2512.11304,2025-12-12 06:00:59,Post-GPT,-0.34853163,-0.034311157
1810.07877,2018-10-18 02:30:59,Pre-GPT,-0.29834768,0.077670485
1909.10014,2019-09-22 14:24:49,Pre-GPT,-0.4596835,-0.054990906
2112.04481,2021-12-08 18:59:04,Pre-GPT,0.33141682,-0.17870964
2506.20615,2025-06-25 17:04:05,Post-GPT,-0.039993696,-0.1327823
2405.09302,2024-05-15 12:47:17,Post-GPT,-0.12502055,-0.27606034
2507.04154,2025-07-05 20:30:32,Post-GPT,-0.2777266,-0.16405429
2405.03398,2024-05-06 12:04:47,Post-GPT,-0.3372308,0.039650552
2302.05356,2023-02-10 16:17:30,Post-GPT,-0.013900876,-0.1815227
2312.0829,2023-12-13 17:06:33,Post-GPT,0.33993015,-0.09425756
2102.10572,2021-02-21 10:00:59,Pre-GPT,-0.3143088,-0.016242763
1911.08214,2019-11-19 11:46:45,Pre-GPT,-0.24048737,0.0748961
2407.11311,2024-07-16 01:54:43,Post-GPT,-0.2133486,-0.19921874
1812.044,2018-12-11 14:02:25,Pre-GPT,-0.22459024,-0.19729386
2512.13511,2025-12-15 16:38:59,Post-GPT,0.3795059,0.15880387
2406.00558,2024-06-01 21:42:05,Post-GPT,-0.3275357,0.2223105
2506.08603,2025-06-10 09:12:07,Post-GPT,-0.4174929,0.26892525
2304.07823,2023-04-16 16:15:39,Post-GPT,-0.3655168,0.049634907
2107.07337,2021-06-15 15:51:04,Pre-GPT,-0.17329988,0.2631662
1810.10598,2018-10-24 20:07:22,Pre-GPT,-0.02396977,-0.10675411
2309.08967,2023-09-16 11:44:51,Post-GPT,-0.077688634,0.09448877
2407.05139,2024-07-06 17:31:58,Post-GPT,-0.24952696,0.2687257
2512.13375,2025-12-15 14:29:20,Post-GPT,-0.32633314,0.32032105
2404.14676,2024-04-23 02:04:53,Post-GPT,0.28609157,-0.10243939
2408.11155,2024-08-20 19:27:14,Post-GPT,-0.015920252,-0.1796288
2003.05773,2020-03-11 13:41:15,Pre-GPT,-0.34923756,-0.21944852
1902.10074,2019-02-26 17:33:50,Pre-GPT,-0.21392334,-0.19450201
2506.07887,2025-06-09 16:00:17,Post-GPT,-0.39541423,0.13081114
2106.0177,2021-06-03 11:52:13,Pre-GPT,0.21278176,0.08838697
2411.03793,2024-11-06 09:34:55,Post-GPT,-0.084233046,-0.24275795
2310.00521,2023-09-30 23:09:06,Post-GPT,-0.32379866,0.37684664
2311.00613,2023-11-01 16:01:01,Post-GPT,0.20318827,-0.10740925
2304.12618,2023-04-25 07:28:32,Post-GPT,-0.12879942,-0.22897606
2210.00461,2022-10-02 08:36:56,Pre-GPT,-0.07727626,-0.20378916
2011.09844,2020-11-15 15:00:24,Pre-GPT,-0.20668072,-0.023964461
1811.037,2018-11-08 22:37:55,Pre-GPT,0.28669006,-0.003518751
2311.12058,2023-11-18 15:28:09,Post-GPT,0.33304217,-0.12503357
2006.00331,2020-05-30 18:30:24,Pre-GPT,-0.13095371,-0.089662895
2405.03662,2024-05-06 17:39:53,Post-GPT,0.09555337,-0.19811095
2306.02715,2023-06-05 09:08:24,Post-GPT,0.23042801,-0.00024194084
2507.15564,2025-07-21 12:42:53,Post-GPT,-0.28437674,-0.11786766
2207.03998,2022-07-08 16:33:32,Pre-GPT,-0.1705102,-0.1899307
2109.1532,2021-09-30 17:59:52,Pre-GPT,-0.2716872,0.094584286
1812.09147,2018-12-21 14:30:52,Pre-GPT,-0.24839228,0.09890117
2203.09021,2022-03-17 01:46:14,Pre-GPT,-0.22166458,-0.1684584
2410.10809,2024-10-14 17:59:29,Post-GPT,-0.40628502,-0.062199265
2503.23595,2025-03-30 21:16:41,Post-GPT,0.0639094,-0.18340676
2508.11851,2025-08-16 00:15:52,Post-GPT,-0.039561927,0.11791739
2403.15582,2024-03-22 19:14:04,Post-GPT,-0.006730199,-0.18230742
2407.00141,2024-06-28 15:20:50,Post-GPT,0.055846617,-0.011501771
1906.06672,2019-06-16 12:54:37,Pre-GPT,-0.21246777,-0.2294218
2509.03154,2025-09-03 09:08:47,Post-GPT,0.19363335,-0.23666066
2412.12737,2024-12-17 09:59:53,Post-GPT,0.22720131,-0.0982241
2010.13392,2020-10-26 07:42:09,Pre-GPT,-0.049201347,0.023930166
2312.13511,2023-12-21 01:12:44,Post-GPT,0.13507256,-0.23809971
2303.03289,2023-03-06 17:05:31,Post-GPT,-0.32065886,0.26374686
2507.19385,2025-07-25 15:38:33,Post-GPT,-0.33553326,0.20465724
2505.01917,2025-05-03 20:37:39,Post-GPT,0.083501905,-0.33579028
1901.00315,2019-01-02 10:42:15,Pre-GPT,-0.3534336,-0.21451022
2010.11714,2020-10-22 13:39:48,Pre-GPT,0.3753957,0.05697116
2306.12357,2023-06-21 16:04:56,Post-GPT,0.36416814,-0.07943189
2107.07317,2021-07-15 13:37:09,Pre-GPT,-0.0525316,0.07725459
2408.01958,2024-08-04 08:26:03,Post-GPT,-0.16602913,-0.14817432
2103.01639,2021-03-02 11:03:07,Pre-GPT,-0.07944308,-0.1298246
1803.00389,2018-03-01 14:42:24,Pre-GPT,-0.009197831,-0.21924713
2108.05124,2021-08-11 10:02:11,Pre-GPT,0.029526621,-0.3029756
2507.20032,2025-07-26 18:26:39,Post-GPT,-0.26881853,-0.17267445
2503.1335,2025-03-17 16:32:13,Post-GPT,-0.36869025,0.3785302
2408.07562,2024-08-14 13:58:56,Post-GPT,0.108133465,-0.012795597
1812.0914,2018-12-21 14:22:44,Pre-GPT,0.32097334,-0.23437192
2108.1098,2021-08-24 22:35:23,Pre-GPT,-0.1893072,-0.16304895
2405.10877,2024-05-17 16:09:51,Post-GPT,0.27995798,-0.0690808
2202.04675,2022-02-09 19:01:01,Pre-GPT,0.22516894,-0.010837633
2403.16463,2024-03-25 06:45:09,Post-GPT,0.3520861,0.2585606
2505.23178,2025-05-29 07:15:28,Post-GPT,-0.27440804,-0.08146472
2003.09029,2020-03-19 22:09:51,Pre-GPT,0.16298154,0.3863109
2509.10262,2025-09-12 14:04:40,Post-GPT,-0.2284937,0.14274512
2305.0051,2023-04-30 15:38:36,Post-GPT,0.30765328,-0.047202267
2409.02124,2024-09-01 06:42:19,Post-GPT,0.1772694,-0.15065838
2406.19366,2024-06-27 17:47:15,Post-GPT,-0.43412796,0.29028642
2009.05646,2020-09-11 20:17:23,Pre-GPT,-0.3135705,0.16844797
2403.11434,2024-03-18 03:08:49,Post-GPT,0.1500212,0.04989047
2301.08552,2023-01-20 13:16:48,Post-GPT,-0.341601,-0.27930903
2211.16687,2022-11-30 02:18:29,Post-GPT,0.17619637,0.044758286
2305.1729,2023-05-26 22:21:27,Post-GPT,-0.29799223,-0.1319349
2511.1363,2025-11-17 17:41:48,Post-GPT,0.20173147,0.09399775
1810.02189,2018-09-21 14:05:40,Pre-GPT,-0.3500597,-0.0697819
2412.15895,2024-12-20 13:49:47,Post-GPT,-0.4047822,0.14263888
2505.10986,2025-05-16 08:33:28,Post-GPT,-0.20579982,-0.17543943
1902.04639,2019-02-12 21:15:33,Pre-GPT,0.17431512,0.013373192
2205.04361,2022-05-09 15:02:47,Pre-GPT,-0.09407065,-0.03852786
2108.04527,2021-08-10 09:14:44,Pre-GPT,0.2230008,0.06984393
2103.01548,2021-03-02 08:07:34,Pre-GPT,0.25239143,0.06980443
2503.03698,2025-03-05 17:50:43,Post-GPT,-0.04700114,0.225096
2511.22391,2025-11-27 12:16:55,Post-GPT,-0.10073062,0.3022465
2508.16448,2025-08-22 15:05:55,Post-GPT,0.4416817,0.08085179
2505.02741,2025-05-05 15:48:44,Post-GPT,0.07671115,-0.10432504
2506.21633,2025-06-25 07:27:09,Post-GPT,0.12530053,-0.2631332
2502.08362,2025-02-12 12:48:47,Post-GPT,-0.048886195,-0.13893206
2108.03758,2021-08-08 23:02:15,Pre-GPT,0.019407481,0.1301135
2405.15661,2024-05-24 15:58:02,Post-GPT,0.42409602,0.18295506
2001.09638,2020-01-27 09:16:37,Pre-GPT,-0.16332588,-0.0847622
1811.11167,2018-11-27 18:58:07,Pre-GPT,0.23704967,-0.13817707
2401.00453,2023-12-31 11:04:03,Post-GPT,-0.35048118,-0.0996916
2501.13712,2025-01-23 14:43:12,Post-GPT,0.17309684,0.056049388
2403.00165,2024-02-29 22:26:07,Post-GPT,0.3465573,0.3684916
2002.12451,2020-02-18 07:11:51,Pre-GPT,-0.25221252,-0.06776518
2503.0421,2025-03-06 08:38:06,Post-GPT,-0.2945907,-0.006130766
1806.10757,2018-06-28 03:36:53,Pre-GPT,-0.3465323,0.20129453
2504.08837,2025-04-10 17:41:56,Post-GPT,0.348946,0.043360703
2302.03302,2023-02-07 07:27:26,Post-GPT,0.16205502,0.17071147
2412.1037,2024-12-13 18:58:53,Post-GPT,-0.10894552,-0.07467206
1908.03731,2019-08-10 11:04:42,Pre-GPT,0.23463887,-0.21284185
1807.0796,2018-07-20 03:17:43,Pre-GPT,-0.11146768,-0.13100596
2104.07809,2021-04-15 22:34:20,Pre-GPT,0.33965132,-0.076777965
2412.06428,2024-12-09 12:08:21,Post-GPT,-0.4020197,-0.2026702
2101.11186,2021-01-27 03:24:30,Pre-GPT,0.29569831,-0.02230056
2006.01679,2020-06-02 14:54:53,Pre-GPT,-0.19117635,-0.054136794
1909.0114,2019-09-03 13:03:32,Pre-GPT,0.22629136,-0.1656782
2210.06171,2022-10-11 03:47:14,Pre-GPT,0.3409486,-0.1923814
1911.0269,2019-11-07 00:52:38,Pre-GPT,0.27489862,0.1807287
2204.03208,2022-04-07 04:42:17,Pre-GPT,0.29413292,0.09386577
2511.10215,2025-11-13 11:36:47,Post-GPT,0.30695817,0.2501579
2312.15841,2023-12-26 01:15:54,Post-GPT,-0.18038766,-0.222376
2203.05673,2022-03-10 23:21:12,Pre-GPT,0.22705102,0.07932803
2006.05652,2020-06-10 04:42:07,Pre-GPT,0.08337237,-0.024517028
1903.10212,2019-03-25 10:01:10,Pre-GPT,-0.17865756,0.20521162
2402.06562,2024-02-09 17:26:26,Post-GPT,0.11381814,-0.20555867
2504.05081,2025-04-07 13:51:06,Post-GPT,0.30368748,0.17963558
1810.03482,2018-10-05 17:09:59,Pre-GPT,-0.19078362,-0.18182197
2008.0169,2020-08-01 00:00:07,Pre-GPT,-0.25377905,-0.1408089
2512.01705,2025-12-01 14:12:52,Post-GPT,-0.051346578,-0.27731544
2304.10274,2023-04-20 12:55:59,Post-GPT,-0.46254152,0.23362328
2108.10689,2021-08-24 12:47:03,Pre-GPT,0.1570059,0.025386497
2309.1207,2023-09-21 13:39:26,Post-GPT,-0.07939359,-0.13211478
2509.25127,2025-09-29 17:45:48,Post-GPT,0.2983031,-0.024032326
1803.09386,2018-03-26 01:58:07,Pre-GPT,0.3787177,-0.06633184
2406.03824,2024-06-06 07:59:19,Post-GPT,0.29545102,0.012219034
2012.08099,2020-12-15 05:24:12,Pre-GPT,-0.09533174,-0.15406807
2506.1516,2025-06-18 06:08:17,Post-GPT,0.18748838,-0.056730706
2510.16033,2025-10-16 01:13:06,Post-GPT,0.34894672,-0.024907924
1901.10788,2019-01-30 12:47:44,Pre-GPT,-0.063094884,-0.190689
2404.04639,2024-04-06 14:17:08,Post-GPT,-0.3082619,-0.25174248
2306.03381,2023-06-06 03:43:11,Post-GPT,0.40803543,0.0049120095
2404.13366,2024-04-20 12:40:13,Post-GPT,0.08814001,0.022381075
2504.01466,2025-04-02 08:22:25,Post-GPT,0.28476593,-0.016022854
2412.19783,2024-12-27 18:25:24,Post-GPT,-0.26046836,0.23668222
2105.12977,2021-05-27 07:42:20,Pre-GPT,-0.3147192,-0.17478393
2208.0403,2022-08-08 10:24:28,Pre-GPT,-0.18990204,-0.12033948
2310.01015,2023-10-02 09:07:01,Post-GPT,0.007375747,0.17452711
2412.07655,2024-12-10 16:41:19,Post-GPT,0.4243844,-0.1112964
2503.03365,2025-03-05 10:42:41,Post-GPT,0.25162277,-0.01692048
1902.00611,2019-02-02 01:23:31,Pre-GPT,0.1295034,-0.22195685
2512.04027,2025-12-03 18:03:46,Post-GPT,0.09156412,0.10232611
2004.05962,2020-04-13 14:26:36,Pre-GPT,0.11057952,-0.2568361
2109.07746,2021-09-16 06:44:07,Pre-GPT,-0.35540327,-0.2279384
1907.04764,2019-07-10 14:51:31,Pre-GPT,-0.16817155,-0.22645982
1911.11286,2019-11-26 00:00:35,Pre-GPT,-0.097527966,0.08114666
1807.02795,2018-07-08 10:11:44,Pre-GPT,0.06960492,-0.1967857
2506.00262,2025-05-30 21:53:07,Post-GPT,0.010718688,0.13490403
1805.06289,2018-05-02 10:38:57,Pre-GPT,0.36830786,0.101428285
2509.07424,2025-09-09 06:31:33,Post-GPT,0.2190997,0.17740254
2312.12269,2023-12-19 15:51:49,Post-GPT,0.17038068,0.1002976
2404.10062,2024-04-15 18:07:20,Post-GPT,-0.4032525,0.22924815
2310.17969,2023-10-27 08:31:59,Post-GPT,-0.38954765,-0.1704349
2506.23183,2025-06-29 10:53:54,Post-GPT,0.16168332,-0.013629007
2307.08572,2023-07-17 15:38:11,Post-GPT,0.25951818,-0.14287762
2009.05975,2020-09-13 10:31:11,Pre-GPT,-0.27347562,0.181567
2202.10895,2022-02-22 13:49:01,Pre-GPT,-0.29760277,0.024284836
2601.00013,2025-12-20 21:28:24,Post-GPT,-0.04887016,-0.036976382
2010.1502,2020-10-28 14:52:15,Pre-GPT,0.033895403,0.029390048
1901.11159,2019-01-31 01:10:11,Pre-GPT,-0.31536946,0.16079205
2211.12139,2022-11-22 10:16:35,Pre-GPT,0.17132214,0.07191038
2110.03203,2021-10-07 06:23:10,Pre-GPT,-0.32086462,-0.16797648
2107.0193,2021-07-05 10:54:12,Pre-GPT,0.08517358,-0.08592525
2112.01146,2021-12-02 11:51:13,Pre-GPT,0.076669306,0.06919153
2203.0405,2022-03-08 12:39:51,Pre-GPT,0.2954369,0.025929324
2108.08783,2021-08-19 16:50:24,Pre-GPT,-0.07363863,-0.26379764
2305.13766,2023-05-23 07:30:46,Post-GPT,-0.08984544,0.01216846
2007.06796,2020-07-14 03:49:43,Pre-GPT,0.3472477,0.25424463
2001.02132,2020-01-07 15:47:08,Pre-GPT,-0.08172404,0.018352881
2401.00163,2023-12-30 07:58:19,Post-GPT,0.22608164,0.1258299
2402.06607,2024-02-09 18:36:17,Post-GPT,-0.10266678,-0.25987577
1801.10138,2018-01-30 18:45:30,Pre-GPT,-0.35600555,-0.15376003
2512.09315,2025-12-10 04:59:16,Post-GPT,0.34979138,-0.11375004
2405.13842,2024-05-22 17:11:45,Post-GPT,-0.40434942,0.30590403
2307.05108,2023-07-11 08:35:40,Post-GPT,-0.34639427,0.14773066
2109.0954,2021-09-20 13:48:42,Pre-GPT,-0.21107218,-0.15960969
2412.12369,2024-12-16 21:55:55,Post-GPT,-0.2646166,-0.21848032
2305.05511,2023-05-09 14:58:13,Post-GPT,0.33972123,-0.12460312
2312.12486,2023-12-19 17:08:08,Post-GPT,0.12412241,-0.006115295
2107.00309,2021-07-01 08:58:16,Pre-GPT,0.2601128,0.045560155
1811.02129,2018-11-06 02:19:39,Pre-GPT,0.24735877,0.108525455
2508.05405,2025-08-07 13:58:19,Post-GPT,0.37830713,-0.099482626
2204.08566,2022-04-18 21:28:34,Pre-GPT,0.1342915,-0.112525925
2408.02078,2024-08-04 16:09:04,Post-GPT,0.34327716,-0.18199523
1911.06538,2019-11-15 09:45:40,Pre-GPT,-0.1926784,-0.0999123
2312.08033,2023-12-13 10:19:58,Post-GPT,0.15295511,-0.035429426
2507.06712,2025-07-09 10:09:45,Post-GPT,0.090287685,-0.34704694
1908.06384,2019-08-18 06:55:04,Pre-GPT,-0.32665792,-0.09305449
2406.13499,2024-06-19 12:41:15,Post-GPT,0.2699672,0.09023161
1810.1217,2018-10-29 14:57:58,Pre-GPT,0.3912094,0.1797506
2310.0617,2023-10-09 21:47:59,Post-GPT,-0.04978489,-0.07593194
2407.21506,2024-07-31 10:23:45,Post-GPT,-0.41230685,-0.11681676
1809.01494,2018-08-28 19:44:51,Pre-GPT,0.26386717,0.3037018
2404.15648,2024-04-24 05:07:36,Post-GPT,0.3672625,-0.03793738
2311.00607,2023-11-01 15:58:34,Post-GPT,-0.32062894,0.10509229
2011.14222,2020-11-28 21:40:00,Pre-GPT,-0.2548713,-0.12334585
1911.07427,2019-11-18 04:45:47,Pre-GPT,0.29300994,-0.0741082
2004.09631,2020-04-20 20:48:57,Pre-GPT,-0.2093966,-0.1962895
2005.14716,2020-05-29 17:58:33,Pre-GPT,0.07395579,0.20297949
2404.00217,2024-03-30 02:22:57,Post-GPT,0.14632538,0.30786496
2402.18746,2024-02-28 23:00:57,Post-GPT,0.27007487,-0.07532181
1903.07149,2019-03-17 19:23:00,Pre-GPT,0.075659335,-0.12997605
2311.0135,2023-11-02 16:00:17,Post-GPT,-0.19746886,-0.073514044
2101.10092,2021-01-15 13:23:28,Pre-GPT,-0.083148144,0.011918865
2512.01239,2025-12-01 03:31:59,Post-GPT,-0.31908068,0.06638029
1806.05492,2018-06-14 12:10:58,Pre-GPT,-0.047660112,-0.2721903
2105.02822,2021-05-01 14:33:01,Pre-GPT,-0.102674395,-0.19511719
1908.06866,2019-08-12 11:25:27,Pre-GPT,-0.09018907,0.021812934
2309.03195,2023-09-06 17:57:15,Post-GPT,-0.11453309,-0.21919249
2407.09885,2024-07-13 13:23:48,Post-GPT,0.033969045,0.28031707
2402.17486,2024-02-27 13:12:00,Post-GPT,0.3704572,-0.044334996
2208.1059,2022-08-22 20:47:35,Pre-GPT,0.15856278,-0.13172981
2201.11672,2022-01-27 17:17:30,Pre-GPT,-0.26064092,-0.23011826
2411.06198,2024-11-09 14:47:52,Post-GPT,0.21431813,0.29419184
2405.10558,2024-05-17 05:51:23,Post-GPT,0.28374478,0.07777776
2102.06321,2021-02-12 00:32:50,Pre-GPT,0.2272853,-0.19679545
2503.07698,2025-03-10 17:20:02,Post-GPT,0.09978613,0.05178904
2011.0261,2020-11-05 01:52:11,Pre-GPT,0.3196433,0.1559427
1802.09836,2018-02-27 11:46:13,Pre-GPT,-0.2963647,0.11462931
2404.07451,2024-04-11 03:14:46,Post-GPT,0.064300895,-0.17952888
2508.08027,2025-08-11 14:31:20,Post-GPT,0.2992613,0.072248384
1809.03574,2018-09-10 20:08:34,Pre-GPT,0.06675947,-0.07235077
2402.17087,2024-02-26 23:53:34,Post-GPT,0.07234982,-0.008318501
2203.05704,2022-03-11 01:20:23,Pre-GPT,0.25231874,-0.07553898
2008.04377,2020-08-10 19:27:34,Pre-GPT,0.23823693,0.19091037
2108.03961,2021-08-09 11:48:46,Pre-GPT,0.062716946,-0.29721814
2512.0979,2025-12-10 16:10:21,Post-GPT,-0.0048480183,-0.09340066
2511.17351,2025-11-21 16:13:53,Post-GPT,-0.06692202,-0.09228383
2205.09531,2022-05-18 16:49:05,Pre-GPT,-0.30930188,-0.18541925
