primary_category,macro_field,submission_month,raw_n,selected_n
astro-ph.CO,astro-ph,2018-01,8,8
astro-ph.CO,astro-ph,2018-02,4,4
astro-ph.CO,astro-ph,2018-03,3,3
astro-ph.CO,astro-ph,2018-04,4,4
astro-ph.CO,astro-ph,2018-05,7,7
astro-ph.CO,astro-ph,2018-06,2,2
astro-ph.CO,astro-ph,2018-07,5,5
astro-ph.CO,astro-ph,2018-08,5,5
astro-ph.CO,astro-ph,2018-09,6,6
astro-ph.CO,astro-ph,2018-10,6,6
astro-ph.CO,astro-ph,2018-11,3,3
astro-ph.CO,astro-ph,2018-12,5,5
astro-ph.CO,astro-ph,2019-02,8,8
astro-ph.CO,astro-ph,2019-03,4,4
astro-ph.CO,astro-ph,2019-04,2,2
astro-ph.CO,astro-ph,2019-05,5,5
astro-ph.CO,astro-ph,2019-06,3,3
astro-ph.CO,astro-ph,2019-07,6,6
astro-ph.CO,astro-ph,2019-08,3,3
astro-ph.CO,astro-ph,2019-09,2,2
astro-ph.CO,astro-ph,2019-10,11,11
astro-ph.CO,astro-ph,2019-11,9,9
astro-ph.CO,astro-ph,2019-12,1,1
astro-ph.CO,astro-ph,2020-01,1,1
astro-ph.CO,astro-ph,2020-02,3,3
astro-ph.CO,astro-ph,2020-03,7,7
astro-ph.CO,astro-ph,2020-04,5,5
astro-ph.CO,astro-ph,2020-05,8,8
astro-ph.CO,astro-ph,2020-06,2,2
astro-ph.CO,astro-ph,2020-07,6,6
astro-ph.CO,astro-ph,2020-08,4,4
astro-ph.CO,astro-ph,2020-09,6,6
astro-ph.CO,astro-ph,2020-10,7,7
astro-ph.CO,astro-ph,2020-11,5,5
astro-ph.CO,astro-ph,2020-12,6,6
astro-ph.CO,astro-ph,2021-01,5,5
astro-ph.CO,astro-ph,2021-02,5,5
astro-ph.CO,astro-ph,2021-03,2,2
astro-ph.CO,astro-ph,2021-04,1,1
astro-ph.CO,astro-ph,2021-05,1,1
astro-ph.CO,astro-ph,2021-06,7,7
astro-ph.CO,astro-ph,2021-07,6,6
astro-ph.CO,astro-ph,2021-08,2,2
astro-ph.CO,astro-ph,2021-09,11,11
astro-ph.CO,astro-ph,2021-10,10,10
astro-ph.CO,astro-ph,2021-11,6,6
astro-ph.CO,astro-ph,2021-12,4,4
astro-ph.CO,astro-ph,2022-01,5,5
astro-ph.CO,astro-ph,2022-02,5,5
astro-ph.CO,astro-ph,2022-03,10,10
astro-ph.CO,astro-ph,2022-04,8,8
astro-ph.CO,astro-ph,2022-05,5,5
astro-ph.CO,astro-ph,2022-06,4,4
astro-ph.CO,astro-ph,2022-07,11,11
astro-ph.CO,astro-ph,2022-08,3,3
astro-ph.CO,astro-ph,2022-09,5,5
astro-ph.CO,astro-ph,2022-10,7,7
astro-ph.CO,astro-ph,2022-11,9,9
astro-ph.CO,astro-ph,2022-12,2,2
astro-ph.CO,astro-ph,2023-01,2,2
astro-ph.CO,astro-ph,2023-02,5,5
astro-ph.CO,astro-ph,2023-03,7,7
astro-ph.CO,astro-ph,2023-04,6,6
astro-ph.CO,astro-ph,2023-05,7,7
astro-ph.CO,astro-ph,2023-06,6,6
astro-ph.CO,astro-ph,2023-07,8,8
astro-ph.CO,astro-ph,2023-08,6,6
astro-ph.CO,astro-ph,2023-09,5,5
astro-ph.CO,astro-ph,2023-10,10,10
astro-ph.CO,astro-ph,2023-11,9,9
astro-ph.CO,astro-ph,2023-12,4,4
astro-ph.CO,astro-ph,2024-01,8,8
astro-ph.CO,astro-ph,2024-02,7,7
astro-ph.CO,astro-ph,2024-03,7,7
astro-ph.CO,astro-ph,2024-04,4,4
astro-ph.CO,astro-ph,2024-05,9,9
astro-ph.CO,astro-ph,2024-06,4,4
astro-ph.CO,astro-ph,2024-07,9,9
astro-ph.CO,astro-ph,2024-08,1,1
astro-ph.CO,astro-ph,2024-09,4,4
astro-ph.CO,astro-ph,2024-10,7,7
astro-ph.CO,astro-ph,2024-11,5,5
astro-ph.CO,astro-ph,2024-12,5,5
astro-ph.CO,astro-ph,2025-01,3,3
astro-ph.CO,astro-ph,2025-02,5,5
astro-ph.CO,astro-ph,2025-03,5,5
astro-ph.CO,astro-ph,2025-04,5,5
astro-ph.CO,astro-ph,2025-05,10,10
astro-ph.CO,astro-ph,2025-06,4,4
astro-ph.CO,astro-ph,2025-07,7,7
astro-ph.CO,astro-ph,2025-08,4,4
astro-ph.CO,astro-ph,2025-09,8,8
astro-ph.CO,astro-ph,2025-10,11,11
astro-ph.CO,astro-ph,2025-11,8,8
astro-ph.CO,astro-ph,2025-12,6,6
astro-ph.EP,astro-ph,2018-01,10,10
astro-ph.EP,astro-ph,2018-02,5,5
astro-ph.EP,astro-ph,2018-03,2,2
astro-ph.EP,astro-ph,2018-04,6,6
astro-ph.EP,astro-ph,2018-05,5,5
astro-ph.EP,astro-ph,2018-06,5,5
astro-ph.EP,astro-ph,2018-07,2,2
astro-ph.EP,astro-ph,2018-08,4,4
astro-ph.EP,astro-ph,2018-09,5,5
astro-ph.EP,astro-ph,2018-10,9,9
astro-ph.EP,astro-ph,2018-11,9,9
astro-ph.EP,astro-ph,2018-12,3,3
astro-ph.EP,astro-ph,2019-01,10,10
astro-ph.EP,astro-ph,2019-02,8,8
astro-ph.EP,astro-ph,2019-03,15,15
astro-ph.EP,astro-ph,2019-04,18,18
astro-ph.EP,astro-ph,2019-05,13,13
astro-ph.EP,astro-ph,2019-06,8,8
astro-ph.EP,astro-ph,2019-07,11,11
astro-ph.EP,astro-ph,2019-08,12,12
astro-ph.EP,astro-ph,2019-09,13,13
astro-ph.EP,astro-ph,2019-10,5,5
astro-ph.EP,astro-ph,2019-11,8,8
astro-ph.EP,astro-ph,2019-12,19,19
astro-ph.EP,astro-ph,2020-01,6,6
astro-ph.EP,astro-ph,2020-02,17,17
astro-ph.EP,astro-ph,2020-03,12,12
astro-ph.EP,astro-ph,2020-04,7,7
astro-ph.EP,astro-ph,2020-05,19,19
astro-ph.EP,astro-ph,2020-06,23,23
astro-ph.EP,astro-ph,2020-07,20,20
astro-ph.EP,astro-ph,2020-08,10,10
astro-ph.EP,astro-ph,2020-09,13,13
astro-ph.EP,astro-ph,2020-10,16,16
astro-ph.EP,astro-ph,2020-11,22,22
astro-ph.EP,astro-ph,2020-12,28,28
astro-ph.EP,astro-ph,2021-01,18,18
astro-ph.EP,astro-ph,2021-02,28,28
astro-ph.EP,astro-ph,2021-03,30,30
astro-ph.EP,astro-ph,2021-04,29,29
astro-ph.EP,astro-ph,2021-05,28,28
astro-ph.EP,astro-ph,2021-06,14,14
astro-ph.EP,astro-ph,2021-07,16,16
astro-ph.EP,astro-ph,2021-08,24,24
astro-ph.EP,astro-ph,2021-09,26,26
astro-ph.EP,astro-ph,2021-10,23,23
astro-ph.EP,astro-ph,2021-11,29,29
astro-ph.EP,astro-ph,2021-12,25,25
astro-ph.EP,astro-ph,2022-01,25,25
astro-ph.EP,astro-ph,2022-02,26,26
astro-ph.EP,astro-ph,2022-03,26,26
astro-ph.EP,astro-ph,2022-04,30,30
astro-ph.EP,astro-ph,2022-05,27,27
astro-ph.EP,astro-ph,2022-06,21,21
astro-ph.EP,astro-ph,2022-07,21,21
astro-ph.EP,astro-ph,2022-08,15,15
astro-ph.EP,astro-ph,2022-09,17,17
astro-ph.EP,astro-ph,2022-10,23,23
astro-ph.EP,astro-ph,2022-11,27,27
astro-ph.EP,astro-ph,2022-12,20,20
astro-ph.EP,astro-ph,2023-01,33,33
astro-ph.EP,astro-ph,2023-02,25,25
astro-ph.EP,astro-ph,2023-03,19,19
astro-ph.EP,astro-ph,2023-04,17,17
astro-ph.EP,astro-ph,2023-05,20,20
astro-ph.EP,astro-ph,2023-06,31,31
astro-ph.EP,astro-ph,2023-07,25,25
astro-ph.EP,astro-ph,2023-08,29,29
astro-ph.EP,astro-ph,2023-09,28,28
astro-ph.EP,astro-ph,2023-10,26,26
astro-ph.EP,astro-ph,2023-11,25,25
astro-ph.EP,astro-ph,2023-12,19,19
astro-ph.EP,astro-ph,2024-01,28,28
astro-ph.EP,astro-ph,2024-02,19,19
astro-ph.EP,astro-ph,2024-03,24,24
astro-ph.EP,astro-ph,2024-04,25,25
astro-ph.EP,astro-ph,2024-05,35,35
astro-ph.EP,astro-ph,2024-06,15,15
astro-ph.EP,astro-ph,2024-07,23,23
astro-ph.EP,astro-ph,2024-08,19,19
astro-ph.EP,astro-ph,2024-09,31,31
astro-ph.EP,astro-ph,2024-10,23,23
astro-ph.EP,astro-ph,2024-11,17,17
astro-ph.EP,astro-ph,2024-12,13,13
astro-ph.EP,astro-ph,2025-01,15,15
astro-ph.EP,astro-ph,2025-02,15,15
astro-ph.EP,astro-ph,2025-03,16,16
astro-ph.EP,astro-ph,2025-04,22,22
astro-ph.EP,astro-ph,2025-05,22,22
astro-ph.EP,astro-ph,2025-06,26,26
astro-ph.EP,astro-ph,2025-07,19,19
astro-ph.EP,astro-ph,2025-08,19,19
astro-ph.EP,astro-ph,2025-09,17,17
astro-ph.EP,astro-ph,2025-10,15,15
astro-ph.EP,astro-ph,2025-11,13,13
astro-ph.EP,astro-ph,2025-12,11,11
astro-ph.GA,astro-ph,2018-01,2,2
astro-ph.GA,astro-ph,2018-02,2,2
astro-ph.GA,astro-ph,2018-03,4,4
astro-ph.GA,astro-ph,2018-04,1,1
astro-ph.GA,astro-ph,2018-05,1,1
astro-ph.GA,astro-ph,2018-06,3,3
astro-ph.GA,astro-ph,2018-07,5,5
astro-ph.GA,astro-ph,2018-08,2,2
astro-ph.GA,astro-ph,2018-10,8,8
astro-ph.GA,astro-ph,2018-11,4,4
astro-ph.GA,astro-ph,2018-12,2,2
astro-ph.GA,astro-ph,2019-01,2,2
astro-ph.GA,astro-ph,2019-02,5,5
astro-ph.GA,astro-ph,2019-03,5,5
astro-ph.GA,astro-ph,2019-04,7,7
astro-ph.GA,astro-ph,2019-05,6,6
astro-ph.GA,astro-ph,2019-06,6,6
astro-ph.GA,astro-ph,2019-07,6,6
astro-ph.GA,astro-ph,2019-08,5,5
astro-ph.GA,astro-ph,2019-09,4,4
astro-ph.GA,astro-ph,2019-10,6,6
astro-ph.GA,astro-ph,2019-11,4,4
astro-ph.GA,astro-ph,2019-12,5,5
astro-ph.GA,astro-ph,2020-01,5,5
astro-ph.GA,astro-ph,2020-02,8,8
astro-ph.GA,astro-ph,2020-03,8,8
astro-ph.GA,astro-ph,2020-04,6,6
astro-ph.GA,astro-ph,2020-05,6,6
astro-ph.GA,astro-ph,2020-06,2,2
astro-ph.GA,astro-ph,2020-07,10,10
astro-ph.GA,astro-ph,2020-08,4,4
astro-ph.GA,astro-ph,2020-09,6,6
astro-ph.GA,astro-ph,2020-10,7,7
astro-ph.GA,astro-ph,2020-11,12,12
astro-ph.GA,astro-ph,2020-12,10,10
astro-ph.GA,astro-ph,2021-01,7,7
astro-ph.GA,astro-ph,2021-02,7,7
astro-ph.GA,astro-ph,2021-03,8,8
astro-ph.GA,astro-ph,2021-04,3,3
astro-ph.GA,astro-ph,2021-05,7,7
astro-ph.GA,astro-ph,2021-06,12,12
astro-ph.GA,astro-ph,2021-07,9,9
astro-ph.GA,astro-ph,2021-08,3,3
astro-ph.GA,astro-ph,2021-09,6,6
astro-ph.GA,astro-ph,2021-10,8,8
astro-ph.GA,astro-ph,2021-11,12,12
astro-ph.GA,astro-ph,2021-12,4,4
astro-ph.GA,astro-ph,2022-01,4,4
astro-ph.GA,astro-ph,2022-02,5,5
astro-ph.GA,astro-ph,2022-03,7,7
astro-ph.GA,astro-ph,2022-04,8,8
astro-ph.GA,astro-ph,2022-05,6,6
astro-ph.GA,astro-ph,2022-06,2,2
astro-ph.GA,astro-ph,2022-07,8,8
astro-ph.GA,astro-ph,2022-08,10,10
astro-ph.GA,astro-ph,2022-09,11,11
astro-ph.GA,astro-ph,2022-10,2,2
astro-ph.GA,astro-ph,2022-11,13,13
astro-ph.GA,astro-ph,2022-12,8,8
astro-ph.GA,astro-ph,2023-01,6,6
astro-ph.GA,astro-ph,2023-02,11,11
astro-ph.GA,astro-ph,2023-03,10,10
astro-ph.GA,astro-ph,2023-04,7,7
astro-ph.GA,astro-ph,2023-05,11,11
astro-ph.GA,astro-ph,2023-06,6,6
astro-ph.GA,astro-ph,2023-07,10,10
astro-ph.GA,astro-ph,2023-08,3,3
astro-ph.GA,astro-ph,2023-09,7,7
astro-ph.GA,astro-ph,2023-10,8,8
astro-ph.GA,astro-ph,2023-11,6,6
astro-ph.GA,astro-ph,2023-12,9,9
astro-ph.GA,astro-ph,2024-01,5,5
astro-ph.GA,astro-ph,2024-02,5,5
astro-ph.GA,astro-ph,2024-03,6,6
astro-ph.GA,astro-ph,2024-04,5,5
astro-ph.GA,astro-ph,2024-05,7,7
astro-ph.GA,astro-ph,2024-06,4,4
astro-ph.GA,astro-ph,2024-07,6,6
astro-ph.GA,astro-ph,2024-08,6,6
astro-ph.GA,astro-ph,2024-09,11,11
astro-ph.GA,astro-ph,2024-10,3,3
astro-ph.GA,astro-ph,2024-11,4,4
astro-ph.GA,astro-ph,2024-12,8,8
astro-ph.GA,astro-ph,2025-01,5,5
astro-ph.GA,astro-ph,2025-02,7,7
astro-ph.GA,astro-ph,2025-03,12,12
astro-ph.GA,astro-ph,2025-04,5,5
astro-ph.GA,astro-ph,2025-05,9,9
astro-ph.GA,astro-ph,2025-06,8,8
astro-ph.GA,astro-ph,2025-07,10,10
astro-ph.GA,astro-ph,2025-08,2,2
astro-ph.GA,astro-ph,2025-09,9,9
astro-ph.GA,astro-ph,2025-10,6,6
astro-ph.GA,astro-ph,2025-11,5,5
astro-ph.GA,astro-ph,2025-12,6,6
astro-ph.HE,astro-ph,2018-01,6,6
astro-ph.HE,astro-ph,2018-02,1,1
astro-ph.HE,astro-ph,2018-03,2,2
astro-ph.HE,astro-ph,2018-04,5,5
astro-ph.HE,astro-ph,2018-05,9,9
astro-ph.HE,astro-ph,2018-06,5,5
astro-ph.HE,astro-ph,2018-07,5,5
astro-ph.HE,astro-ph,2018-08,4,4
astro-ph.HE,astro-ph,2018-09,6,6
astro-ph.HE,astro-ph,2018-10,9,9
astro-ph.HE,astro-ph,2018-11,5,5
astro-ph.HE,astro-ph,2018-12,2,2
astro-ph.HE,astro-ph,2019-01,7,7
astro-ph.HE,astro-ph,2019-02,7,7
astro-ph.HE,astro-ph,2019-03,12,12
astro-ph.HE,astro-ph,2019-04,8,8
astro-ph.HE,astro-ph,2019-05,6,6
astro-ph.HE,astro-ph,2019-06,5,5
astro-ph.HE,astro-ph,2019-07,6,6
astro-ph.HE,astro-ph,2019-08,14,14
astro-ph.HE,astro-ph,2019-09,16,16
astro-ph.HE,astro-ph,2019-10,10,10
astro-ph.HE,astro-ph,2019-11,1,1
astro-ph.HE,astro-ph,2019-12,8,8
astro-ph.HE,astro-ph,2020-01,7,7
astro-ph.HE,astro-ph,2020-02,6,6
astro-ph.HE,astro-ph,2020-03,13,13
astro-ph.HE,astro-ph,2020-04,3,3
astro-ph.HE,astro-ph,2020-05,10,10
astro-ph.HE,astro-ph,2020-06,15,15
astro-ph.HE,astro-ph,2020-07,15,15
astro-ph.HE,astro-ph,2020-08,9,9
astro-ph.HE,astro-ph,2020-09,10,10
astro-ph.HE,astro-ph,2020-10,11,11
astro-ph.HE,astro-ph,2020-11,12,12
astro-ph.HE,astro-ph,2020-12,11,11
astro-ph.HE,astro-ph,2021-01,4,4
astro-ph.HE,astro-ph,2021-02,9,9
astro-ph.HE,astro-ph,2021-03,6,6
astro-ph.HE,astro-ph,2021-04,8,8
astro-ph.HE,astro-ph,2021-05,6,6
astro-ph.HE,astro-ph,2021-06,12,12
astro-ph.HE,astro-ph,2021-07,11,11
astro-ph.HE,astro-ph,2021-08,7,7
astro-ph.HE,astro-ph,2021-09,10,10
astro-ph.HE,astro-ph,2021-10,7,7
astro-ph.HE,astro-ph,2021-11,16,16
astro-ph.HE,astro-ph,2021-12,10,10
astro-ph.HE,astro-ph,2022-01,13,13
astro-ph.HE,astro-ph,2022-02,8,8
astro-ph.HE,astro-ph,2022-03,8,8
astro-ph.HE,astro-ph,2022-04,10,10
astro-ph.HE,astro-ph,2022-05,6,6
astro-ph.HE,astro-ph,2022-06,14,14
astro-ph.HE,astro-ph,2022-07,8,8
astro-ph.HE,astro-ph,2022-08,7,7
astro-ph.HE,astro-ph,2022-09,12,12
astro-ph.HE,astro-ph,2022-10,12,12
astro-ph.HE,astro-ph,2022-11,5,5
astro-ph.HE,astro-ph,2022-12,4,4
astro-ph.HE,astro-ph,2023-01,6,6
astro-ph.HE,astro-ph,2023-02,9,9
astro-ph.HE,astro-ph,2023-03,12,12
astro-ph.HE,astro-ph,2023-04,11,11
astro-ph.HE,astro-ph,2023-05,8,8
astro-ph.HE,astro-ph,2023-06,16,16
astro-ph.HE,astro-ph,2023-07,13,13
astro-ph.HE,astro-ph,2023-08,8,8
astro-ph.HE,astro-ph,2023-09,17,17
astro-ph.HE,astro-ph,2023-10,13,13
astro-ph.HE,astro-ph,2023-11,8,8
astro-ph.HE,astro-ph,2023-12,11,11
astro-ph.HE,astro-ph,2024-01,16,16
astro-ph.HE,astro-ph,2024-02,5,5
astro-ph.HE,astro-ph,2024-03,3,3
astro-ph.HE,astro-ph,2024-04,9,9
astro-ph.HE,astro-ph,2024-05,16,16
astro-ph.HE,astro-ph,2024-06,7,7
astro-ph.HE,astro-ph,2024-07,10,10
astro-ph.HE,astro-ph,2024-08,9,9
astro-ph.HE,astro-ph,2024-09,9,9
astro-ph.HE,astro-ph,2024-10,18,18
astro-ph.HE,astro-ph,2024-11,13,13
astro-ph.HE,astro-ph,2024-12,13,13
astro-ph.HE,astro-ph,2025-01,12,12
astro-ph.HE,astro-ph,2025-02,5,5
astro-ph.HE,astro-ph,2025-03,8,8
astro-ph.HE,astro-ph,2025-04,8,8
astro-ph.HE,astro-ph,2025-05,10,10
astro-ph.HE,astro-ph,2025-06,6,6
astro-ph.HE,astro-ph,2025-07,22,22
astro-ph.HE,astro-ph,2025-08,5,5
astro-ph.HE,astro-ph,2025-09,13,13
astro-ph.HE,astro-ph,2025-10,14,14
astro-ph.HE,astro-ph,2025-11,7,7
astro-ph.HE,astro-ph,2025-12,16,16
astro-ph.IM,astro-ph,2018-01,11,11
astro-ph.IM,astro-ph,2018-02,15,15
astro-ph.IM,astro-ph,2018-03,17,17
astro-ph.IM,astro-ph,2018-04,14,14
astro-ph.IM,astro-ph,2018-05,12,12
astro-ph.IM,astro-ph,2018-06,17,17
astro-ph.IM,astro-ph,2018-07,19,19
astro-ph.IM,astro-ph,2018-08,13,13
astro-ph.IM,astro-ph,2018-09,27,27
astro-ph.IM,astro-ph,2018-10,22,22
astro-ph.IM,astro-ph,2018-11,14,14
astro-ph.IM,astro-ph,2018-12,23,23
astro-ph.IM,astro-ph,2019-01,17,17
astro-ph.IM,astro-ph,2019-02,17,17
astro-ph.IM,astro-ph,2019-03,19,19
astro-ph.IM,astro-ph,2019-04,17,17
astro-ph.IM,astro-ph,2019-05,18,18
astro-ph.IM,astro-ph,2019-06,12,12
astro-ph.IM,astro-ph,2019-07,48,48
astro-ph.IM,astro-ph,2019-08,41,41
astro-ph.IM,astro-ph,2019-09,32,32
astro-ph.IM,astro-ph,2019-10,26,26
astro-ph.IM,astro-ph,2019-11,26,26
astro-ph.IM,astro-ph,2019-12,21,21
astro-ph.IM,astro-ph,2020-01,17,17
astro-ph.IM,astro-ph,2020-02,31,31
astro-ph.IM,astro-ph,2020-03,27,27
astro-ph.IM,astro-ph,2020-04,19,19
astro-ph.IM,astro-ph,2020-05,20,20
astro-ph.IM,astro-ph,2020-06,16,16
astro-ph.IM,astro-ph,2020-07,16,16
astro-ph.IM,astro-ph,2020-08,23,23
astro-ph.IM,astro-ph,2020-09,27,27
astro-ph.IM,astro-ph,2020-10,23,23
astro-ph.IM,astro-ph,2020-11,35,35
astro-ph.IM,astro-ph,2020-12,33,33
astro-ph.IM,astro-ph,2021-01,25,25
astro-ph.IM,astro-ph,2021-02,32,32
astro-ph.IM,astro-ph,2021-03,27,27
astro-ph.IM,astro-ph,2021-04,23,23
astro-ph.IM,astro-ph,2021-05,21,21
astro-ph.IM,astro-ph,2021-06,29,29
astro-ph.IM,astro-ph,2021-07,36,36
astro-ph.IM,astro-ph,2021-08,31,31
astro-ph.IM,astro-ph,2021-09,21,21
astro-ph.IM,astro-ph,2021-10,24,24
astro-ph.IM,astro-ph,2021-11,39,39
astro-ph.IM,astro-ph,2021-12,33,33
astro-ph.IM,astro-ph,2022-01,15,15
astro-ph.IM,astro-ph,2022-02,18,18
astro-ph.IM,astro-ph,2022-03,27,27
astro-ph.IM,astro-ph,2022-04,15,15
astro-ph.IM,astro-ph,2022-05,22,22
astro-ph.IM,astro-ph,2022-06,24,24
astro-ph.IM,astro-ph,2022-07,34,34
astro-ph.IM,astro-ph,2022-08,51,50
astro-ph.IM,astro-ph,2022-09,30,30
astro-ph.IM,astro-ph,2022-10,33,33
astro-ph.IM,astro-ph,2022-11,34,34
astro-ph.IM,astro-ph,2022-12,23,23
astro-ph.IM,astro-ph,2023-01,32,32
astro-ph.IM,astro-ph,2023-02,26,26
astro-ph.IM,astro-ph,2023-03,24,24
astro-ph.IM,astro-ph,2023-04,28,28
astro-ph.IM,astro-ph,2023-05,31,31
astro-ph.IM,astro-ph,2023-06,35,35
astro-ph.IM,astro-ph,2023-07,19,19
astro-ph.IM,astro-ph,2023-08,28,28
astro-ph.IM,astro-ph,2023-09,31,31
astro-ph.IM,astro-ph,2023-10,35,35
astro-ph.IM,astro-ph,2023-11,41,41
astro-ph.IM,astro-ph,2023-12,27,27
astro-ph.IM,astro-ph,2024-01,27,27
astro-ph.IM,astro-ph,2024-02,23,23
astro-ph.IM,astro-ph,2024-03,15,15
astro-ph.IM,astro-ph,2024-04,25,25
astro-ph.IM,astro-ph,2024-05,35,35
astro-ph.IM,astro-ph,2024-06,25,25
astro-ph.IM,astro-ph,2024-07,47,47
astro-ph.IM,astro-ph,2024-08,22,22
astro-ph.IM,astro-ph,2024-09,20,20
astro-ph.IM,astro-ph,2024-10,29,29
astro-ph.IM,astro-ph,2024-11,31,31
astro-ph.IM,astro-ph,2024-12,28,28
astro-ph.IM,astro-ph,2025-01,30,30
astro-ph.IM,astro-ph,2025-02,35,35
astro-ph.IM,astro-ph,2025-03,31,31
astro-ph.IM,astro-ph,2025-04,27,27
astro-ph.IM,astro-ph,2025-05,20,20
astro-ph.IM,astro-ph,2025-06,24,24
astro-ph.IM,astro-ph,2025-07,39,39
astro-ph.IM,astro-ph,2025-08,31,31
astro-ph.IM,astro-ph,2025-09,26,26
astro-ph.IM,astro-ph,2025-10,56,50
astro-ph.IM,astro-ph,2025-11,28,28
astro-ph.IM,astro-ph,2025-12,29,29
astro-ph.SR,astro-ph,2018-01,21,21
astro-ph.SR,astro-ph,2018-02,13,13
astro-ph.SR,astro-ph,2018-03,14,14
astro-ph.SR,astro-ph,2018-04,12,12
astro-ph.SR,astro-ph,2018-05,11,11
astro-ph.SR,astro-ph,2018-06,6,6
astro-ph.SR,astro-ph,2018-07,12,12
astro-ph.SR,astro-ph,2018-08,10,10
astro-ph.SR,astro-ph,2018-09,7,7
astro-ph.SR,astro-ph,2018-10,13,13
astro-ph.SR,astro-ph,2018-11,10,10
astro-ph.SR,astro-ph,2018-12,6,6
astro-ph.SR,astro-ph,2019-01,12,12
astro-ph.SR,astro-ph,2019-02,15,15
astro-ph.SR,astro-ph,2019-03,9,9
astro-ph.SR,astro-ph,2019-04,20,20
astro-ph.SR,astro-ph,2019-05,24,24
astro-ph.SR,astro-ph,2019-06,14,14
astro-ph.SR,astro-ph,2019-07,19,19
astro-ph.SR,astro-ph,2019-08,20,20
astro-ph.SR,astro-ph,2019-09,19,19
astro-ph.SR,astro-ph,2019-10,27,27
astro-ph.SR,astro-ph,2019-11,23,23
astro-ph.SR,astro-ph,2019-12,31,31
astro-ph.SR,astro-ph,2020-01,17,17
astro-ph.SR,astro-ph,2020-02,23,23
astro-ph.SR,astro-ph,2020-03,22,22
astro-ph.SR,astro-ph,2020-04,15,15
astro-ph.SR,astro-ph,2020-05,18,18
astro-ph.SR,astro-ph,2020-06,20,20
astro-ph.SR,astro-ph,2020-07,30,30
astro-ph.SR,astro-ph,2020-08,23,23
astro-ph.SR,astro-ph,2020-09,22,22
astro-ph.SR,astro-ph,2020-10,20,20
astro-ph.SR,astro-ph,2020-11,9,9
astro-ph.SR,astro-ph,2020-12,18,18
astro-ph.SR,astro-ph,2021-01,26,26
astro-ph.SR,astro-ph,2021-02,23,23
astro-ph.SR,astro-ph,2021-03,29,29
astro-ph.SR,astro-ph,2021-04,20,20
astro-ph.SR,astro-ph,2021-05,16,16
astro-ph.SR,astro-ph,2021-06,15,15
astro-ph.SR,astro-ph,2021-07,22,22
astro-ph.SR,astro-ph,2021-08,18,18
astro-ph.SR,astro-ph,2021-09,33,33
astro-ph.SR,astro-ph,2021-10,34,34
astro-ph.SR,astro-ph,2021-11,24,24
astro-ph.SR,astro-ph,2021-12,25,25
astro-ph.SR,astro-ph,2022-01,20,20
astro-ph.SR,astro-ph,2022-02,25,25
astro-ph.SR,astro-ph,2022-03,34,34
astro-ph.SR,astro-ph,2022-04,28,28
astro-ph.SR,astro-ph,2022-05,39,39
astro-ph.SR,astro-ph,2022-06,30,30
astro-ph.SR,astro-ph,2022-07,30,30
astro-ph.SR,astro-ph,2022-08,20,20
astro-ph.SR,astro-ph,2022-09,35,35
astro-ph.SR,astro-ph,2022-10,48,48
astro-ph.SR,astro-ph,2022-11,35,35
astro-ph.SR,astro-ph,2022-12,26,26
astro-ph.SR,astro-ph,2023-01,37,37
astro-ph.SR,astro-ph,2023-02,26,26
astro-ph.SR,astro-ph,2023-03,33,33
astro-ph.SR,astro-ph,2023-04,24,24
astro-ph.SR,astro-ph,2023-05,25,25
astro-ph.SR,astro-ph,2023-06,25,25
astro-ph.SR,astro-ph,2023-07,29,29
astro-ph.SR,astro-ph,2023-08,46,46
astro-ph.SR,astro-ph,2023-09,33,33
astro-ph.SR,astro-ph,2023-10,22,22
astro-ph.SR,astro-ph,2023-11,28,28
astro-ph.SR,astro-ph,2023-12,24,24
astro-ph.SR,astro-ph,2024-01,43,43
astro-ph.SR,astro-ph,2024-02,33,33
astro-ph.SR,astro-ph,2024-03,33,33
astro-ph.SR,astro-ph,2024-04,23,23
astro-ph.SR,astro-ph,2024-05,37,37
astro-ph.SR,astro-ph,2024-06,19,19
astro-ph.SR,astro-ph,2024-07,32,32
astro-ph.SR,astro-ph,2024-08,21,21
astro-ph.SR,astro-ph,2024-09,40,40
astro-ph.SR,astro-ph,2024-10,41,41
astro-ph.SR,astro-ph,2024-11,24,24
astro-ph.SR,astro-ph,2024-12,30,30
astro-ph.SR,astro-ph,2025-01,40,40
astro-ph.SR,astro-ph,2025-02,41,41
astro-ph.SR,astro-ph,2025-03,32,32
astro-ph.SR,astro-ph,2025-04,27,27
astro-ph.SR,astro-ph,2025-05,24,24
astro-ph.SR,astro-ph,2025-06,27,27
astro-ph.SR,astro-ph,2025-07,21,21
astro-ph.SR,astro-ph,2025-08,20,20
astro-ph.SR,astro-ph,2025-09,32,32
astro-ph.SR,astro-ph,2025-10,28,28
astro-ph.SR,astro-ph,2025-11,19,19
astro-ph.SR,astro-ph,2025-12,28,28
cond-mat.dis-nn,cond-mat,2018-01,9,9
cond-mat.dis-nn,cond-mat,2018-02,10,10
cond-mat.dis-nn,cond-mat,2018-03,12,12
cond-mat.dis-nn,cond-mat,2018-04,4,4
cond-mat.dis-nn,cond-mat,2018-05,8,8
cond-mat.dis-nn,cond-mat,2018-06,5,5
cond-mat.dis-nn,cond-mat,2018-07,8,8
cond-mat.dis-nn,cond-mat,2018-08,11,11
cond-mat.dis-nn,cond-mat,2018-09,5,5
cond-mat.dis-nn,cond-mat,2018-10,7,7
cond-mat.dis-nn,cond-mat,2018-11,8,8
cond-mat.dis-nn,cond-mat,2018-12,9,9
cond-mat.dis-nn,cond-mat,2019-01,10,10
cond-mat.dis-nn,cond-mat,2019-02,6,6
cond-mat.dis-nn,cond-mat,2019-03,9,9
cond-mat.dis-nn,cond-mat,2019-04,8,8
cond-mat.dis-nn,cond-mat,2019-05,12,12
cond-mat.dis-nn,cond-mat,2019-06,4,4
cond-mat.dis-nn,cond-mat,2019-07,9,9
cond-mat.dis-nn,cond-mat,2019-08,11,11
cond-mat.dis-nn,cond-mat,2019-09,11,11
cond-mat.dis-nn,cond-mat,2019-10,14,14
cond-mat.dis-nn,cond-mat,2019-11,12,12
cond-mat.dis-nn,cond-mat,2019-12,15,15
cond-mat.dis-nn,cond-mat,2020-01,12,12
cond-mat.dis-nn,cond-mat,2020-02,7,7
cond-mat.dis-nn,cond-mat,2020-03,8,8
cond-mat.dis-nn,cond-mat,2020-04,9,9
cond-mat.dis-nn,cond-mat,2020-05,10,10
cond-mat.dis-nn,cond-mat,2020-06,5,5
cond-mat.dis-nn,cond-mat,2020-07,11,11
cond-mat.dis-nn,cond-mat,2020-08,8,8
cond-mat.dis-nn,cond-mat,2020-09,6,6
cond-mat.dis-nn,cond-mat,2020-10,9,9
cond-mat.dis-nn,cond-mat,2020-11,11,11
cond-mat.dis-nn,cond-mat,2020-12,11,11
cond-mat.dis-nn,cond-mat,2021-01,6,6
cond-mat.dis-nn,cond-mat,2021-02,11,11
cond-mat.dis-nn,cond-mat,2021-03,10,10
cond-mat.dis-nn,cond-mat,2021-04,7,7
cond-mat.dis-nn,cond-mat,2021-05,12,12
cond-mat.dis-nn,cond-mat,2021-06,12,12
cond-mat.dis-nn,cond-mat,2021-07,13,13
cond-mat.dis-nn,cond-mat,2021-08,8,8
cond-mat.dis-nn,cond-mat,2021-09,8,8
cond-mat.dis-nn,cond-mat,2021-10,12,12
cond-mat.dis-nn,cond-mat,2021-11,13,13
cond-mat.dis-nn,cond-mat,2021-12,11,11
cond-mat.dis-nn,cond-mat,2022-01,5,5
cond-mat.dis-nn,cond-mat,2022-02,11,11
cond-mat.dis-nn,cond-mat,2022-03,11,11
cond-mat.dis-nn,cond-mat,2022-04,14,14
cond-mat.dis-nn,cond-mat,2022-05,9,9
cond-mat.dis-nn,cond-mat,2022-06,8,8
cond-mat.dis-nn,cond-mat,2022-07,13,13
cond-mat.dis-nn,cond-mat,2022-08,8,8
cond-mat.dis-nn,cond-mat,2022-09,8,8
cond-mat.dis-nn,cond-mat,2022-10,10,10
cond-mat.dis-nn,cond-mat,2022-11,7,7
cond-mat.dis-nn,cond-mat,2022-12,9,9
cond-mat.dis-nn,cond-mat,2023-01,9,9
cond-mat.dis-nn,cond-mat,2023-02,14,14
cond-mat.dis-nn,cond-mat,2023-03,10,10
cond-mat.dis-nn,cond-mat,2023-04,8,8
cond-mat.dis-nn,cond-mat,2023-05,10,10
cond-mat.dis-nn,cond-mat,2023-06,13,13
cond-mat.dis-nn,cond-mat,2023-07,9,9
cond-mat.dis-nn,cond-mat,2023-08,11,11
cond-mat.dis-nn,cond-mat,2023-09,15,15
cond-mat.dis-nn,cond-mat,2023-10,8,8
cond-mat.dis-nn,cond-mat,2023-11,9,9
cond-mat.dis-nn,cond-mat,2023-12,11,11
cond-mat.dis-nn,cond-mat,2024-01,12,12
cond-mat.dis-nn,cond-mat,2024-02,9,9
cond-mat.dis-nn,cond-mat,2024-03,8,8
cond-mat.dis-nn,cond-mat,2024-04,9,9
cond-mat.dis-nn,cond-mat,2024-05,18,18
cond-mat.dis-nn,cond-mat,2024-06,13,13
cond-mat.dis-nn,cond-mat,2024-07,24,24
cond-mat.dis-nn,cond-mat,2024-08,16,16
cond-mat.dis-nn,cond-mat,2024-09,13,13
cond-mat.dis-nn,cond-mat,2024-10,10,10
cond-mat.dis-nn,cond-mat,2024-11,13,13
cond-mat.dis-nn,cond-mat,2024-12,14,14
cond-mat.dis-nn,cond-mat,2025-01,17,17
cond-mat.dis-nn,cond-mat,2025-02,8,8
cond-mat.dis-nn,cond-mat,2025-03,15,15
cond-mat.dis-nn,cond-mat,2025-04,12,12
cond-mat.dis-nn,cond-mat,2025-05,10,10
cond-mat.dis-nn,cond-mat,2025-06,12,12
cond-mat.dis-nn,cond-mat,2025-07,23,23
cond-mat.dis-nn,cond-mat,2025-08,3,3
cond-mat.dis-nn,cond-mat,2025-09,11,11
cond-mat.dis-nn,cond-mat,2025-10,15,15
cond-mat.dis-nn,cond-mat,2025-11,10,10
cond-mat.dis-nn,cond-mat,2025-12,11,11
cond-mat.mes-hall,cond-mat,2018-01,26,26
cond-mat.mes-hall,cond-mat,2018-02,34,34
cond-mat.mes-hall,cond-mat,2018-03,29,29
cond-mat.mes-hall,cond-mat,2018-04,23,23
cond-mat.mes-hall,cond-mat,2018-05,30,30
cond-mat.mes-hall,cond-mat,2018-06,29,29
cond-mat.mes-hall,cond-mat,2018-07,36,36
cond-mat.mes-hall,cond-mat,2018-08,24,24
cond-mat.mes-hall,cond-mat,2018-09,30,30
cond-mat.mes-hall,cond-mat,2018-10,22,22
cond-mat.mes-hall,cond-mat,2018-11,27,27
cond-mat.mes-hall,cond-mat,2018-12,46,46
cond-mat.mes-hall,cond-mat,2019-01,24,24
cond-mat.mes-hall,cond-mat,2019-02,26,26
cond-mat.mes-hall,cond-mat,2019-03,27,27
cond-mat.mes-hall,cond-mat,2019-04,35,35
cond-mat.mes-hall,cond-mat,2019-05,56,50
cond-mat.mes-hall,cond-mat,2019-06,28,28
cond-mat.mes-hall,cond-mat,2019-07,43,43
cond-mat.mes-hall,cond-mat,2019-08,46,46
cond-mat.mes-hall,cond-mat,2019-09,35,35
cond-mat.mes-hall,cond-mat,2019-10,46,46
cond-mat.mes-hall,cond-mat,2019-11,37,37
cond-mat.mes-hall,cond-mat,2019-12,38,38
cond-mat.mes-hall,cond-mat,2020-01,45,45
cond-mat.mes-hall,cond-mat,2020-02,38,38
cond-mat.mes-hall,cond-mat,2020-03,36,36
cond-mat.mes-hall,cond-mat,2020-04,41,41
cond-mat.mes-hall,cond-mat,2020-05,38,38
cond-mat.mes-hall,cond-mat,2020-06,38,38
cond-mat.mes-hall,cond-mat,2020-07,34,34
cond-mat.mes-hall,cond-mat,2020-08,37,37
cond-mat.mes-hall,cond-mat,2020-09,30,30
cond-mat.mes-hall,cond-mat,2020-10,33,33
cond-mat.mes-hall,cond-mat,2020-11,42,42
cond-mat.mes-hall,cond-mat,2020-12,41,41
cond-mat.mes-hall,cond-mat,2021-01,33,33
cond-mat.mes-hall,cond-mat,2021-02,39,39
cond-mat.mes-hall,cond-mat,2021-03,58,50
cond-mat.mes-hall,cond-mat,2021-04,41,41
cond-mat.mes-hall,cond-mat,2021-05,48,48
cond-mat.mes-hall,cond-mat,2021-06,36,36
cond-mat.mes-hall,cond-mat,2021-07,45,45
cond-mat.mes-hall,cond-mat,2021-08,44,44
cond-mat.mes-hall,cond-mat,2021-09,32,32
cond-mat.mes-hall,cond-mat,2021-10,33,33
cond-mat.mes-hall,cond-mat,2021-11,45,45
cond-mat.mes-hall,cond-mat,2021-12,49,49
cond-mat.mes-hall,cond-mat,2022-01,24,24
cond-mat.mes-hall,cond-mat,2022-02,24,24
cond-mat.mes-hall,cond-mat,2022-03,45,45
cond-mat.mes-hall,cond-mat,2022-04,25,25
cond-mat.mes-hall,cond-mat,2022-05,47,47
cond-mat.mes-hall,cond-mat,2022-06,38,38
cond-mat.mes-hall,cond-mat,2022-07,37,37
cond-mat.mes-hall,cond-mat,2022-08,27,27
cond-mat.mes-hall,cond-mat,2022-09,34,34
cond-mat.mes-hall,cond-mat,2022-10,33,33
cond-mat.mes-hall,cond-mat,2022-11,39,39
cond-mat.mes-hall,cond-mat,2022-12,43,43
cond-mat.mes-hall,cond-mat,2023-01,51,50
cond-mat.mes-hall,cond-mat,2023-02,46,46
cond-mat.mes-hall,cond-mat,2023-03,36,36
cond-mat.mes-hall,cond-mat,2023-04,44,44
cond-mat.mes-hall,cond-mat,2023-05,55,50
cond-mat.mes-hall,cond-mat,2023-06,40,40
cond-mat.mes-hall,cond-mat,2023-07,43,43
cond-mat.mes-hall,cond-mat,2023-08,29,29
cond-mat.mes-hall,cond-mat,2023-09,39,39
cond-mat.mes-hall,cond-mat,2023-10,40,40
cond-mat.mes-hall,cond-mat,2023-11,52,50
cond-mat.mes-hall,cond-mat,2023-12,40,40
cond-mat.mes-hall,cond-mat,2024-01,34,34
cond-mat.mes-hall,cond-mat,2024-02,38,38
cond-mat.mes-hall,cond-mat,2024-03,33,33
cond-mat.mes-hall,cond-mat,2024-04,30,30
cond-mat.mes-hall,cond-mat,2024-05,30,30
cond-mat.mes-hall,cond-mat,2024-06,44,44
cond-mat.mes-hall,cond-mat,2024-07,50,50
cond-mat.mes-hall,cond-mat,2024-08,42,42
cond-mat.mes-hall,cond-mat,2024-09,32,32
cond-mat.mes-hall,cond-mat,2024-10,49,49
cond-mat.mes-hall,cond-mat,2024-11,40,40
cond-mat.mes-hall,cond-mat,2024-12,43,43
cond-mat.mes-hall,cond-mat,2025-01,41,41
cond-mat.mes-hall,cond-mat,2025-02,31,31
cond-mat.mes-hall,cond-mat,2025-03,39,39
cond-mat.mes-hall,cond-mat,2025-04,27,27
cond-mat.mes-hall,cond-mat,2025-05,33,33
cond-mat.mes-hall,cond-mat,2025-06,37,37
cond-mat.mes-hall,cond-mat,2025-07,39,39
cond-mat.mes-hall,cond-mat,2025-08,29,29
cond-mat.mes-hall,cond-mat,2025-09,40,40
cond-mat.mes-hall,cond-mat,2025-10,43,43
cond-mat.mes-hall,cond-mat,2025-11,26,26
cond-mat.mes-hall,cond-mat,2025-12,42,42
cond-mat.mtrl-sci,cond-mat,2018-01,33,33
cond-mat.mtrl-sci,cond-mat,2018-02,20,20
cond-mat.mtrl-sci,cond-mat,2018-03,33,33
cond-mat.mtrl-sci,cond-mat,2018-04,18,18
cond-mat.mtrl-sci,cond-mat,2018-05,28,28
cond-mat.mtrl-sci,cond-mat,2018-06,29,29
cond-mat.mtrl-sci,cond-mat,2018-07,31,31
cond-mat.mtrl-sci,cond-mat,2018-08,21,21
cond-mat.mtrl-sci,cond-mat,2018-09,16,16
cond-mat.mtrl-sci,cond-mat,2018-10,33,33
cond-mat.mtrl-sci,cond-mat,2018-11,28,28
cond-mat.mtrl-sci,cond-mat,2018-12,20,20
cond-mat.mtrl-sci,cond-mat,2019-01,28,28
cond-mat.mtrl-sci,cond-mat,2019-02,34,34
cond-mat.mtrl-sci,cond-mat,2019-03,20,20
cond-mat.mtrl-sci,cond-mat,2019-04,38,38
cond-mat.mtrl-sci,cond-mat,2019-05,37,37
cond-mat.mtrl-sci,cond-mat,2019-06,48,48
cond-mat.mtrl-sci,cond-mat,2019-07,36,36
cond-mat.mtrl-sci,cond-mat,2019-08,44,44
cond-mat.mtrl-sci,cond-mat,2019-09,70,50
cond-mat.mtrl-sci,cond-mat,2019-10,62,50
cond-mat.mtrl-sci,cond-mat,2019-11,48,48
cond-mat.mtrl-sci,cond-mat,2019-12,49,49
cond-mat.mtrl-sci,cond-mat,2020-01,58,50
cond-mat.mtrl-sci,cond-mat,2020-02,57,50
cond-mat.mtrl-sci,cond-mat,2020-03,69,50
cond-mat.mtrl-sci,cond-mat,2020-04,51,50
cond-mat.mtrl-sci,cond-mat,2020-05,44,44
cond-mat.mtrl-sci,cond-mat,2020-06,73,50
cond-mat.mtrl-sci,cond-mat,2020-07,58,50
cond-mat.mtrl-sci,cond-mat,2020-08,57,50
cond-mat.mtrl-sci,cond-mat,2020-09,75,50
cond-mat.mtrl-sci,cond-mat,2020-10,93,50
cond-mat.mtrl-sci,cond-mat,2020-11,51,50
cond-mat.mtrl-sci,cond-mat,2020-12,76,50
cond-mat.mtrl-sci,cond-mat,2021-01,48,48
cond-mat.mtrl-sci,cond-mat,2021-02,67,50
cond-mat.mtrl-sci,cond-mat,2021-03,82,50
cond-mat.mtrl-sci,cond-mat,2021-04,83,50
cond-mat.mtrl-sci,cond-mat,2021-05,61,50
cond-mat.mtrl-sci,cond-mat,2021-06,70,50
cond-mat.mtrl-sci,cond-mat,2021-07,67,50
cond-mat.mtrl-sci,cond-mat,2021-08,65,50
cond-mat.mtrl-sci,cond-mat,2021-09,57,50
cond-mat.mtrl-sci,cond-mat,2021-10,93,50
cond-mat.mtrl-sci,cond-mat,2021-11,79,50
cond-mat.mtrl-sci,cond-mat,2021-12,75,50
cond-mat.mtrl-sci,cond-mat,2022-01,98,50
cond-mat.mtrl-sci,cond-mat,2022-02,94,50
cond-mat.mtrl-sci,cond-mat,2022-03,89,50
cond-mat.mtrl-sci,cond-mat,2022-04,84,50
cond-mat.mtrl-sci,cond-mat,2022-05,78,50
cond-mat.mtrl-sci,cond-mat,2022-06,85,50
cond-mat.mtrl-sci,cond-mat,2022-07,73,50
cond-mat.mtrl-sci,cond-mat,2022-08,67,50
cond-mat.mtrl-sci,cond-mat,2022-09,86,50
cond-mat.mtrl-sci,cond-mat,2022-10,71,50
cond-mat.mtrl-sci,cond-mat,2022-11,96,50
cond-mat.mtrl-sci,cond-mat,2022-12,62,50
cond-mat.mtrl-sci,cond-mat,2023-01,83,50
cond-mat.mtrl-sci,cond-mat,2023-02,86,50
cond-mat.mtrl-sci,cond-mat,2023-03,85,50
cond-mat.mtrl-sci,cond-mat,2023-04,57,50
cond-mat.mtrl-sci,cond-mat,2023-05,91,50
cond-mat.mtrl-sci,cond-mat,2023-06,93,50
cond-mat.mtrl-sci,cond-mat,2023-07,80,50
cond-mat.mtrl-sci,cond-mat,2023-08,75,50
cond-mat.mtrl-sci,cond-mat,2023-09,85,50
cond-mat.mtrl-sci,cond-mat,2023-10,97,50
cond-mat.mtrl-sci,cond-mat,2023-11,89,50
cond-mat.mtrl-sci,cond-mat,2023-12,62,50
cond-mat.mtrl-sci,cond-mat,2024-01,87,50
cond-mat.mtrl-sci,cond-mat,2024-02,74,50
cond-mat.mtrl-sci,cond-mat,2024-03,87,50
cond-mat.mtrl-sci,cond-mat,2024-04,97,50
cond-mat.mtrl-sci,cond-mat,2024-05,83,50
cond-mat.mtrl-sci,cond-mat,2024-06,73,50
cond-mat.mtrl-sci,cond-mat,2024-07,111,50
cond-mat.mtrl-sci,cond-mat,2024-08,113,50
cond-mat.mtrl-sci,cond-mat,2024-09,112,50
cond-mat.mtrl-sci,cond-mat,2024-10,137,50
cond-mat.mtrl-sci,cond-mat,2024-11,117,50
cond-mat.mtrl-sci,cond-mat,2024-12,118,50
cond-mat.mtrl-sci,cond-mat,2025-01,106,50
cond-mat.mtrl-sci,cond-mat,2025-02,129,50
cond-mat.mtrl-sci,cond-mat,2025-03,173,50
cond-mat.mtrl-sci,cond-mat,2025-04,119,50
cond-mat.mtrl-sci,cond-mat,2025-05,132,50
cond-mat.mtrl-sci,cond-mat,2025-06,124,50
cond-mat.mtrl-sci,cond-mat,2025-07,128,50
cond-mat.mtrl-sci,cond-mat,2025-08,104,50
cond-mat.mtrl-sci,cond-mat,2025-09,93,50
cond-mat.mtrl-sci,cond-mat,2025-10,113,50
cond-mat.mtrl-sci,cond-mat,2025-11,95,50
cond-mat.mtrl-sci,cond-mat,2025-12,148,50
cond-mat.other,cond-mat,2018-01,2,2
cond-mat.other,cond-mat,2018-02,2,2
cond-mat.other,cond-mat,2018-03,2,2
cond-mat.other,cond-mat,2018-04,2,2
cond-mat.other,cond-mat,2018-06,2,2
cond-mat.other,cond-mat,2018-07,2,2
cond-mat.other,cond-mat,2018-08,1,1
cond-mat.other,cond-mat,2018-09,2,2
cond-mat.other,cond-mat,2018-10,4,4
cond-mat.other,cond-mat,2018-12,2,2
cond-mat.other,cond-mat,2019-02,1,1
cond-mat.other,cond-mat,2019-03,2,2
cond-mat.other,cond-mat,2019-04,2,2
cond-mat.other,cond-mat,2019-06,1,1
cond-mat.other,cond-mat,2019-07,4,4
cond-mat.other,cond-mat,2019-08,1,1
cond-mat.other,cond-mat,2019-09,1,1
cond-mat.other,cond-mat,2019-10,5,5
cond-mat.other,cond-mat,2019-11,1,1
cond-mat.other,cond-mat,2020-01,1,1
cond-mat.other,cond-mat,2020-02,3,3
cond-mat.other,cond-mat,2020-03,4,4
cond-mat.other,cond-mat,2020-04,2,2
cond-mat.other,cond-mat,2020-05,1,1
cond-mat.other,cond-mat,2020-07,1,1
cond-mat.other,cond-mat,2020-09,2,2
cond-mat.other,cond-mat,2020-10,1,1
cond-mat.other,cond-mat,2020-12,3,3
cond-mat.other,cond-mat,2021-02,3,3
cond-mat.other,cond-mat,2021-03,3,3
cond-mat.other,cond-mat,2021-04,1,1
cond-mat.other,cond-mat,2021-05,2,2
cond-mat.other,cond-mat,2021-06,1,1
cond-mat.other,cond-mat,2021-07,5,5
cond-mat.other,cond-mat,2021-08,1,1
cond-mat.other,cond-mat,2021-09,6,6
cond-mat.other,cond-mat,2021-10,6,6
cond-mat.other,cond-mat,2021-12,3,3
cond-mat.other,cond-mat,2022-01,1,1
cond-mat.other,cond-mat,2022-02,3,3
cond-mat.other,cond-mat,2022-03,1,1
cond-mat.other,cond-mat,2022-04,4,4
cond-mat.other,cond-mat,2022-05,2,2
cond-mat.other,cond-mat,2022-06,3,3
cond-mat.other,cond-mat,2022-07,1,1
cond-mat.other,cond-mat,2022-08,2,2
cond-mat.other,cond-mat,2022-09,2,2
cond-mat.other,cond-mat,2022-10,1,1
cond-mat.other,cond-mat,2022-11,4,4
cond-mat.other,cond-mat,2022-12,2,2
cond-mat.other,cond-mat,2023-02,2,2
cond-mat.other,cond-mat,2023-03,2,2
cond-mat.other,cond-mat,2023-04,1,1
cond-mat.other,cond-mat,2023-05,7,7
cond-mat.other,cond-mat,2023-06,1,1
cond-mat.other,cond-mat,2023-08,2,2
cond-mat.other,cond-mat,2023-09,2,2
cond-mat.other,cond-mat,2023-10,2,2
cond-mat.other,cond-mat,2023-11,3,3
cond-mat.other,cond-mat,2024-01,3,3
cond-mat.other,cond-mat,2024-02,4,4
cond-mat.other,cond-mat,2024-03,1,1
cond-mat.other,cond-mat,2024-04,1,1
cond-mat.other,cond-mat,2024-05,4,4
cond-mat.other,cond-mat,2024-06,1,1
cond-mat.other,cond-mat,2024-07,1,1
cond-mat.other,cond-mat,2024-08,1,1
cond-mat.other,cond-mat,2024-10,2,2
cond-mat.other,cond-mat,2024-11,2,2
cond-mat.other,cond-mat,2024-12,1,1
cond-mat.other,cond-mat,2025-01,3,3
cond-mat.other,cond-mat,2025-03,3,3
cond-mat.other,cond-mat,2025-04,2,2
cond-mat.other,cond-mat,2025-05,4,4
cond-mat.other,cond-mat,2025-06,4,4
cond-mat.other,cond-mat,2025-07,2,2
cond-mat.other,cond-mat,2025-08,6,6
cond-mat.other,cond-mat,2025-09,2,2
cond-mat.other,cond-mat,2025-10,5,5
cond-mat.other,cond-mat,2025-11,3,3
cond-mat.other,cond-mat,2025-12,4,4
cond-mat.quant-gas,cond-mat,2018-01,17,17
cond-mat.quant-gas,cond-mat,2018-02,10,10
cond-mat.quant-gas,cond-mat,2018-03,21,21
cond-mat.quant-gas,cond-mat,2018-04,13,13
cond-mat.quant-gas,cond-mat,2018-05,13,13
cond-mat.quant-gas,cond-mat,2018-06,13,13
cond-mat.quant-gas,cond-mat,2018-07,15,15
cond-mat.quant-gas,cond-mat,2018-08,7,7
cond-mat.quant-gas,cond-mat,2018-09,7,7
cond-mat.quant-gas,cond-mat,2018-10,6,6
cond-mat.quant-gas,cond-mat,2018-11,6,6
cond-mat.quant-gas,cond-mat,2018-12,8,8
cond-mat.quant-gas,cond-mat,2019-01,13,13
cond-mat.quant-gas,cond-mat,2019-02,6,6
cond-mat.quant-gas,cond-mat,2019-03,11,11
cond-mat.quant-gas,cond-mat,2019-04,16,16
cond-mat.quant-gas,cond-mat,2019-05,19,19
cond-mat.quant-gas,cond-mat,2019-06,9,9
cond-mat.quant-gas,cond-mat,2019-07,16,16
cond-mat.quant-gas,cond-mat,2019-08,13,13
cond-mat.quant-gas,cond-mat,2019-09,15,15
cond-mat.quant-gas,cond-mat,2019-10,9,9
cond-mat.quant-gas,cond-mat,2019-11,12,12
cond-mat.quant-gas,cond-mat,2019-12,20,20
cond-mat.quant-gas,cond-mat,2020-01,13,13
cond-mat.quant-gas,cond-mat,2020-02,13,13
cond-mat.quant-gas,cond-mat,2020-03,21,21
cond-mat.quant-gas,cond-mat,2020-04,10,10
cond-mat.quant-gas,cond-mat,2020-05,9,9
cond-mat.quant-gas,cond-mat,2020-06,20,20
cond-mat.quant-gas,cond-mat,2020-07,19,19
cond-mat.quant-gas,cond-mat,2020-08,10,10
cond-mat.quant-gas,cond-mat,2020-09,16,16
cond-mat.quant-gas,cond-mat,2020-10,13,13
cond-mat.quant-gas,cond-mat,2020-11,16,16
cond-mat.quant-gas,cond-mat,2020-12,7,7
cond-mat.quant-gas,cond-mat,2021-01,19,19
cond-mat.quant-gas,cond-mat,2021-02,15,15
cond-mat.quant-gas,cond-mat,2021-03,25,25
cond-mat.quant-gas,cond-mat,2021-04,13,13
cond-mat.quant-gas,cond-mat,2021-05,20,20
cond-mat.quant-gas,cond-mat,2021-06,12,12
cond-mat.quant-gas,cond-mat,2021-07,9,9
cond-mat.quant-gas,cond-mat,2021-08,14,14
cond-mat.quant-gas,cond-mat,2021-09,9,9
cond-mat.quant-gas,cond-mat,2021-10,19,19
cond-mat.quant-gas,cond-mat,2021-11,23,23
cond-mat.quant-gas,cond-mat,2021-12,14,14
cond-mat.quant-gas,cond-mat,2022-01,14,14
cond-mat.quant-gas,cond-mat,2022-02,21,21
cond-mat.quant-gas,cond-mat,2022-03,15,15
cond-mat.quant-gas,cond-mat,2022-04,13,13
cond-mat.quant-gas,cond-mat,2022-05,10,10
cond-mat.quant-gas,cond-mat,2022-06,10,10
cond-mat.quant-gas,cond-mat,2022-07,15,15
cond-mat.quant-gas,cond-mat,2022-08,17,17
cond-mat.quant-gas,cond-mat,2022-09,8,8
cond-mat.quant-gas,cond-mat,2022-10,14,14
cond-mat.quant-gas,cond-mat,2022-11,11,11
cond-mat.quant-gas,cond-mat,2022-12,14,14
cond-mat.quant-gas,cond-mat,2023-01,19,19
cond-mat.quant-gas,cond-mat,2023-02,11,11
cond-mat.quant-gas,cond-mat,2023-03,12,12
cond-mat.quant-gas,cond-mat,2023-04,14,14
cond-mat.quant-gas,cond-mat,2023-05,24,24
cond-mat.quant-gas,cond-mat,2023-06,22,22
cond-mat.quant-gas,cond-mat,2023-07,10,10
cond-mat.quant-gas,cond-mat,2023-08,13,13
cond-mat.quant-gas,cond-mat,2023-09,10,10
cond-mat.quant-gas,cond-mat,2023-10,9,9
cond-mat.quant-gas,cond-mat,2023-11,12,12
cond-mat.quant-gas,cond-mat,2023-12,10,10
cond-mat.quant-gas,cond-mat,2024-01,14,14
cond-mat.quant-gas,cond-mat,2024-02,17,17
cond-mat.quant-gas,cond-mat,2024-03,14,14
cond-mat.quant-gas,cond-mat,2024-04,12,12
cond-mat.quant-gas,cond-mat,2024-05,12,12
cond-mat.quant-gas,cond-mat,2024-06,15,15
cond-mat.quant-gas,cond-mat,2024-07,17,17
cond-mat.quant-gas,cond-mat,2024-08,8,8
cond-mat.quant-gas,cond-mat,2024-09,9,9
cond-mat.quant-gas,cond-mat,2024-10,16,16
cond-mat.quant-gas,cond-mat,2024-11,16,16
cond-mat.quant-gas,cond-mat,2024-12,9,9
cond-mat.quant-gas,cond-mat,2025-01,8,8
cond-mat.quant-gas,cond-mat,2025-02,15,15
cond-mat.quant-gas,cond-mat,2025-03,14,14
cond-mat.quant-gas,cond-mat,2025-04,13,13
cond-mat.quant-gas,cond-mat,2025-05,16,16
cond-mat.quant-gas,cond-mat,2025-06,18,18
cond-mat.quant-gas,cond-mat,2025-07,14,14
cond-mat.quant-gas,cond-mat,2025-08,14,14
cond-mat.quant-gas,cond-mat,2025-09,12,12
cond-mat.quant-gas,cond-mat,2025-10,12,12
cond-mat.quant-gas,cond-mat,2025-11,15,15
cond-mat.quant-gas,cond-mat,2025-12,14,14
cond-mat.soft,cond-mat,2018-01,29,29
cond-mat.soft,cond-mat,2018-02,22,22
cond-mat.soft,cond-mat,2018-03,32,32
cond-mat.soft,cond-mat,2018-04,25,25
cond-mat.soft,cond-mat,2018-05,27,27
cond-mat.soft,cond-mat,2018-06,17,17
cond-mat.soft,cond-mat,2018-07,21,21
cond-mat.soft,cond-mat,2018-08,43,43
cond-mat.soft,cond-mat,2018-09,36,36
cond-mat.soft,cond-mat,2018-10,39,39
cond-mat.soft,cond-mat,2018-11,33,33
cond-mat.soft,cond-mat,2018-12,35,35
cond-mat.soft,cond-mat,2019-01,43,43
cond-mat.soft,cond-mat,2019-02,28,28
cond-mat.soft,cond-mat,2019-03,26,26
cond-mat.soft,cond-mat,2019-04,39,39
cond-mat.soft,cond-mat,2019-05,49,49
cond-mat.soft,cond-mat,2019-06,50,50
cond-mat.soft,cond-mat,2019-07,44,44
cond-mat.soft,cond-mat,2019-08,35,35
cond-mat.soft,cond-mat,2019-09,50,50
cond-mat.soft,cond-mat,2019-10,53,50
cond-mat.soft,cond-mat,2019-11,39,39
cond-mat.soft,cond-mat,2019-12,42,42
cond-mat.soft,cond-mat,2020-01,22,22
cond-mat.soft,cond-mat,2020-02,45,45
cond-mat.soft,cond-mat,2020-03,47,47
cond-mat.soft,cond-mat,2020-04,46,46
cond-mat.soft,cond-mat,2020-05,55,50
cond-mat.soft,cond-mat,2020-06,55,50
cond-mat.soft,cond-mat,2020-07,61,50
cond-mat.soft,cond-mat,2020-08,34,34
cond-mat.soft,cond-mat,2020-09,39,39
cond-mat.soft,cond-mat,2020-10,50,50
cond-mat.soft,cond-mat,2020-11,54,50
cond-mat.soft,cond-mat,2020-12,51,50
cond-mat.soft,cond-mat,2021-01,44,44
cond-mat.soft,cond-mat,2021-02,41,41
cond-mat.soft,cond-mat,2021-03,58,50
cond-mat.soft,cond-mat,2021-04,50,50
cond-mat.soft,cond-mat,2021-05,39,39
cond-mat.soft,cond-mat,2021-06,45,45
cond-mat.soft,cond-mat,2021-07,51,50
cond-mat.soft,cond-mat,2021-08,42,42
cond-mat.soft,cond-mat,2021-09,37,37
cond-mat.soft,cond-mat,2021-10,47,47
cond-mat.soft,cond-mat,2021-11,53,50
cond-mat.soft,cond-mat,2021-12,40,40
cond-mat.soft,cond-mat,2022-01,39,39
cond-mat.soft,cond-mat,2022-02,58,50
cond-mat.soft,cond-mat,2022-03,50,50
cond-mat.soft,cond-mat,2022-04,37,37
cond-mat.soft,cond-mat,2022-05,45,45
cond-mat.soft,cond-mat,2022-06,50,50
cond-mat.soft,cond-mat,2022-07,48,48
cond-mat.soft,cond-mat,2022-08,43,43
cond-mat.soft,cond-mat,2022-09,45,45
cond-mat.soft,cond-mat,2022-10,34,34
cond-mat.soft,cond-mat,2022-11,46,46
cond-mat.soft,cond-mat,2022-12,45,45
cond-mat.soft,cond-mat,2023-01,35,35
cond-mat.soft,cond-mat,2023-02,44,44
cond-mat.soft,cond-mat,2023-03,66,50
cond-mat.soft,cond-mat,2023-04,43,43
cond-mat.soft,cond-mat,2023-05,51,50
cond-mat.soft,cond-mat,2023-06,66,50
cond-mat.soft,cond-mat,2023-07,66,50
cond-mat.soft,cond-mat,2023-08,45,45
cond-mat.soft,cond-mat,2023-09,48,48
cond-mat.soft,cond-mat,2023-10,56,50
cond-mat.soft,cond-mat,2023-11,71,50
cond-mat.soft,cond-mat,2023-12,62,50
cond-mat.soft,cond-mat,2024-01,64,50
cond-mat.soft,cond-mat,2024-02,61,50
cond-mat.soft,cond-mat,2024-03,63,50
cond-mat.soft,cond-mat,2024-04,37,37
cond-mat.soft,cond-mat,2024-05,41,41
cond-mat.soft,cond-mat,2024-06,45,45
cond-mat.soft,cond-mat,2024-07,73,50
cond-mat.soft,cond-mat,2024-08,57,50
cond-mat.soft,cond-mat,2024-09,60,50
cond-mat.soft,cond-mat,2024-10,68,50
cond-mat.soft,cond-mat,2024-11,50,50
cond-mat.soft,cond-mat,2024-12,50,50
cond-mat.soft,cond-mat,2025-01,71,50
cond-mat.soft,cond-mat,2025-02,50,50
cond-mat.soft,cond-mat,2025-03,59,50
cond-mat.soft,cond-mat,2025-04,55,50
cond-mat.soft,cond-mat,2025-05,51,50
cond-mat.soft,cond-mat,2025-06,65,50
cond-mat.soft,cond-mat,2025-07,60,50
cond-mat.soft,cond-mat,2025-08,57,50
cond-mat.soft,cond-mat,2025-09,81,50
cond-mat.soft,cond-mat,2025-10,64,50
cond-mat.soft,cond-mat,2025-11,43,43
cond-mat.soft,cond-mat,2025-12,74,50
cond-mat.stat-mech,cond-mat,2018-01,17,17
cond-mat.stat-mech,cond-mat,2018-02,27,27
cond-mat.stat-mech,cond-mat,2018-03,21,21
cond-mat.stat-mech,cond-mat,2018-04,34,34
cond-mat.stat-mech,cond-mat,2018-05,27,27
cond-mat.stat-mech,cond-mat,2018-06,32,32
cond-mat.stat-mech,cond-mat,2018-07,31,31
cond-mat.stat-mech,cond-mat,2018-08,40,40
cond-mat.stat-mech,cond-mat,2018-09,31,31
cond-mat.stat-mech,cond-mat,2018-10,34,34
cond-mat.stat-mech,cond-mat,2018-11,27,27
cond-mat.stat-mech,cond-mat,2018-12,35,35
cond-mat.stat-mech,cond-mat,2019-01,27,27
cond-mat.stat-mech,cond-mat,2019-02,32,32
cond-mat.stat-mech,cond-mat,2019-03,36,36
cond-mat.stat-mech,cond-mat,2019-04,35,35
cond-mat.stat-mech,cond-mat,2019-05,39,39
cond-mat.stat-mech,cond-mat,2019-06,38,38
cond-mat.stat-mech,cond-mat,2019-07,20,20
cond-mat.stat-mech,cond-mat,2019-08,31,31
cond-mat.stat-mech,cond-mat,2019-09,40,40
cond-mat.stat-mech,cond-mat,2019-10,38,38
cond-mat.stat-mech,cond-mat,2019-11,32,32
cond-mat.stat-mech,cond-mat,2019-12,30,30
cond-mat.stat-mech,cond-mat,2020-01,35,35
cond-mat.stat-mech,cond-mat,2020-02,31,31
cond-mat.stat-mech,cond-mat,2020-03,39,39
cond-mat.stat-mech,cond-mat,2020-04,41,41
cond-mat.stat-mech,cond-mat,2020-05,34,34
cond-mat.stat-mech,cond-mat,2020-06,49,49
cond-mat.stat-mech,cond-mat,2020-07,37,37
cond-mat.stat-mech,cond-mat,2020-08,36,36
cond-mat.stat-mech,cond-mat,2020-09,54,50
cond-mat.stat-mech,cond-mat,2020-10,40,40
cond-mat.stat-mech,cond-mat,2020-11,41,41
cond-mat.stat-mech,cond-mat,2020-12,41,41
cond-mat.stat-mech,cond-mat,2021-01,36,36
cond-mat.stat-mech,cond-mat,2021-02,39,39
cond-mat.stat-mech,cond-mat,2021-03,40,40
cond-mat.stat-mech,cond-mat,2021-04,47,47
cond-mat.stat-mech,cond-mat,2021-05,27,27
cond-mat.stat-mech,cond-mat,2021-06,55,50
cond-mat.stat-mech,cond-mat,2021-07,52,50
cond-mat.stat-mech,cond-mat,2021-08,42,42
cond-mat.stat-mech,cond-mat,2021-09,42,42
cond-mat.stat-mech,cond-mat,2021-10,34,34
cond-mat.stat-mech,cond-mat,2021-11,34,34
cond-mat.stat-mech,cond-mat,2021-12,53,50
cond-mat.stat-mech,cond-mat,2022-01,43,43
cond-mat.stat-mech,cond-mat,2022-02,42,42
cond-mat.stat-mech,cond-mat,2022-03,53,50
cond-mat.stat-mech,cond-mat,2022-04,34,34
cond-mat.stat-mech,cond-mat,2022-05,57,50
cond-mat.stat-mech,cond-mat,2022-06,42,42
cond-mat.stat-mech,cond-mat,2022-07,32,32
cond-mat.stat-mech,cond-mat,2022-08,35,35
cond-mat.stat-mech,cond-mat,2022-09,37,37
cond-mat.stat-mech,cond-mat,2022-10,35,35
cond-mat.stat-mech,cond-mat,2022-11,39,39
cond-mat.stat-mech,cond-mat,2022-12,33,33
cond-mat.stat-mech,cond-mat,2023-01,40,40
cond-mat.stat-mech,cond-mat,2023-02,43,43
cond-mat.stat-mech,cond-mat,2023-03,48,48
cond-mat.stat-mech,cond-mat,2023-04,36,36
cond-mat.stat-mech,cond-mat,2023-05,53,50
cond-mat.stat-mech,cond-mat,2023-06,43,43
cond-mat.stat-mech,cond-mat,2023-07,45,45
cond-mat.stat-mech,cond-mat,2023-08,42,42
cond-mat.stat-mech,cond-mat,2023-09,28,28
cond-mat.stat-mech,cond-mat,2023-10,38,38
cond-mat.stat-mech,cond-mat,2023-11,37,37
cond-mat.stat-mech,cond-mat,2023-12,29,29
cond-mat.stat-mech,cond-mat,2024-01,32,32
cond-mat.stat-mech,cond-mat,2024-02,44,44
cond-mat.stat-mech,cond-mat,2024-03,47,47
cond-mat.stat-mech,cond-mat,2024-04,46,46
cond-mat.stat-mech,cond-mat,2024-05,47,47
cond-mat.stat-mech,cond-mat,2024-06,44,44
cond-mat.stat-mech,cond-mat,2024-07,33,33
cond-mat.stat-mech,cond-mat,2024-08,29,29
cond-mat.stat-mech,cond-mat,2024-09,35,35
cond-mat.stat-mech,cond-mat,2024-10,52,50
cond-mat.stat-mech,cond-mat,2024-11,34,34
cond-mat.stat-mech,cond-mat,2024-12,45,45
cond-mat.stat-mech,cond-mat,2025-01,38,38
cond-mat.stat-mech,cond-mat,2025-02,34,34
cond-mat.stat-mech,cond-mat,2025-03,50,50
cond-mat.stat-mech,cond-mat,2025-04,33,33
cond-mat.stat-mech,cond-mat,2025-05,34,34
cond-mat.stat-mech,cond-mat,2025-06,44,44
cond-mat.stat-mech,cond-mat,2025-07,60,50
cond-mat.stat-mech,cond-mat,2025-08,42,42
cond-mat.stat-mech,cond-mat,2025-09,37,37
cond-mat.stat-mech,cond-mat,2025-10,46,46
cond-mat.stat-mech,cond-mat,2025-11,45,45
cond-mat.stat-mech,cond-mat,2025-12,47,47
cond-mat.str-el,cond-mat,2018-01,7,7
cond-mat.str-el,cond-mat,2018-02,5,5
cond-mat.str-el,cond-mat,2018-03,10,10
cond-mat.str-el,cond-mat,2018-04,8,8
cond-mat.str-el,cond-mat,2018-05,10,10
cond-mat.str-el,cond-mat,2018-06,18,18
cond-mat.str-el,cond-mat,2018-07,12,12
cond-mat.str-el,cond-mat,2018-08,10,10
cond-mat.str-el,cond-mat,2018-09,5,5
cond-mat.str-el,cond-mat,2018-10,8,8
cond-mat.str-el,cond-mat,2018-11,9,9
cond-mat.str-el,cond-mat,2018-12,6,6
cond-mat.str-el,cond-mat,2019-01,7,7
cond-mat.str-el,cond-mat,2019-02,6,6
cond-mat.str-el,cond-mat,2019-03,7,7
cond-mat.str-el,cond-mat,2019-04,9,9
cond-mat.str-el,cond-mat,2019-05,10,10
cond-mat.str-el,cond-mat,2019-06,11,11
cond-mat.str-el,cond-mat,2019-07,15,15
cond-mat.str-el,cond-mat,2019-08,12,12
cond-mat.str-el,cond-mat,2019-09,20,20
cond-mat.str-el,cond-mat,2019-10,15,15
cond-mat.str-el,cond-mat,2019-11,13,13
cond-mat.str-el,cond-mat,2019-12,11,11
cond-mat.str-el,cond-mat,2020-01,9,9
cond-mat.str-el,cond-mat,2020-02,9,9
cond-mat.str-el,cond-mat,2020-03,10,10
cond-mat.str-el,cond-mat,2020-04,11,11
cond-mat.str-el,cond-mat,2020-05,8,8
cond-mat.str-el,cond-mat,2020-06,9,9
cond-mat.str-el,cond-mat,2020-07,11,11
cond-mat.str-el,cond-mat,2020-08,10,10
cond-mat.str-el,cond-mat,2020-09,13,13
cond-mat.str-el,cond-mat,2020-10,13,13
cond-mat.str-el,cond-mat,2020-11,18,18
cond-mat.str-el,cond-mat,2020-12,19,19
cond-mat.str-el,cond-mat,2021-01,9,9
cond-mat.str-el,cond-mat,2021-02,7,7
cond-mat.str-el,cond-mat,2021-03,12,12
cond-mat.str-el,cond-mat,2021-04,12,12
cond-mat.str-el,cond-mat,2021-05,12,12
cond-mat.str-el,cond-mat,2021-06,10,10
cond-mat.str-el,cond-mat,2021-07,17,17
cond-mat.str-el,cond-mat,2021-08,8,8
cond-mat.str-el,cond-mat,2021-09,14,14
cond-mat.str-el,cond-mat,2021-10,9,9
cond-mat.str-el,cond-mat,2021-11,11,11
cond-mat.str-el,cond-mat,2021-12,14,14
cond-mat.str-el,cond-mat,2022-01,11,11
cond-mat.str-el,cond-mat,2022-02,12,12
cond-mat.str-el,cond-mat,2022-03,10,10
cond-mat.str-el,cond-mat,2022-04,15,15
cond-mat.str-el,cond-mat,2022-05,13,13
cond-mat.str-el,cond-mat,2022-06,12,12
cond-mat.str-el,cond-mat,2022-07,10,10
cond-mat.str-el,cond-mat,2022-08,11,11
cond-mat.str-el,cond-mat,2022-09,15,15
cond-mat.str-el,cond-mat,2022-10,15,15
cond-mat.str-el,cond-mat,2022-11,21,21
cond-mat.str-el,cond-mat,2022-12,11,11
cond-mat.str-el,cond-mat,2023-01,11,11
cond-mat.str-el,cond-mat,2023-02,11,11
cond-mat.str-el,cond-mat,2023-03,20,20
cond-mat.str-el,cond-mat,2023-04,7,7
cond-mat.str-el,cond-mat,2023-05,17,17
cond-mat.str-el,cond-mat,2023-06,8,8
cond-mat.str-el,cond-mat,2023-07,16,16
cond-mat.str-el,cond-mat,2023-08,19,19
cond-mat.str-el,cond-mat,2023-09,15,15
cond-mat.str-el,cond-mat,2023-10,12,12
cond-mat.str-el,cond-mat,2023-11,10,10
cond-mat.str-el,cond-mat,2023-12,11,11
cond-mat.str-el,cond-mat,2024-01,8,8
cond-mat.str-el,cond-mat,2024-02,12,12
cond-mat.str-el,cond-mat,2024-03,12,12
cond-mat.str-el,cond-mat,2024-04,11,11
cond-mat.str-el,cond-mat,2024-05,21,21
cond-mat.str-el,cond-mat,2024-06,15,15
cond-mat.str-el,cond-mat,2024-07,17,17
cond-mat.str-el,cond-mat,2024-08,17,17
cond-mat.str-el,cond-mat,2024-09,9,9
cond-mat.str-el,cond-mat,2024-10,11,11
cond-mat.str-el,cond-mat,2024-11,9,9
cond-mat.str-el,cond-mat,2024-12,24,24
cond-mat.str-el,cond-mat,2025-01,14,14
cond-mat.str-el,cond-mat,2025-02,8,8
cond-mat.str-el,cond-mat,2025-03,19,19
cond-mat.str-el,cond-mat,2025-04,11,11
cond-mat.str-el,cond-mat,2025-05,13,13
cond-mat.str-el,cond-mat,2025-06,16,16
cond-mat.str-el,cond-mat,2025-07,19,19
cond-mat.str-el,cond-mat,2025-08,13,13
cond-mat.str-el,cond-mat,2025-09,12,12
cond-mat.str-el,cond-mat,2025-10,13,13
cond-mat.str-el,cond-mat,2025-11,11,11
cond-mat.str-el,cond-mat,2025-12,14,14
cond-mat.supr-con,cond-mat,2018-02,3,3
cond-mat.supr-con,cond-mat,2018-03,1,1
cond-mat.supr-con,cond-mat,2018-05,1,1
cond-mat.supr-con,cond-mat,2018-07,2,2
cond-mat.supr-con,cond-mat,2018-08,2,2
cond-mat.supr-con,cond-mat,2018-09,2,2
cond-mat.supr-con,cond-mat,2018-10,2,2
cond-mat.supr-con,cond-mat,2018-11,3,3
cond-mat.supr-con,cond-mat,2019-02,2,2
cond-mat.supr-con,cond-mat,2019-03,1,1
cond-mat.supr-con,cond-mat,2019-04,3,3
cond-mat.supr-con,cond-mat,2019-05,1,1
cond-mat.supr-con,cond-mat,2019-06,2,2
cond-mat.supr-con,cond-mat,2019-07,2,2
cond-mat.supr-con,cond-mat,2019-08,1,1
cond-mat.supr-con,cond-mat,2019-09,5,5
cond-mat.supr-con,cond-mat,2019-10,3,3
cond-mat.supr-con,cond-mat,2019-11,6,6
cond-mat.supr-con,cond-mat,2019-12,5,5
cond-mat.supr-con,cond-mat,2020-02,2,2
cond-mat.supr-con,cond-mat,2020-03,4,4
cond-mat.supr-con,cond-mat,2020-04,4,4
cond-mat.supr-con,cond-mat,2020-05,2,2
cond-mat.supr-con,cond-mat,2020-06,3,3
cond-mat.supr-con,cond-mat,2020-07,1,1
cond-mat.supr-con,cond-mat,2020-08,3,3
cond-mat.supr-con,cond-mat,2020-09,1,1
cond-mat.supr-con,cond-mat,2020-10,6,6
cond-mat.supr-con,cond-mat,2020-11,7,7
cond-mat.supr-con,cond-mat,2020-12,4,4
cond-mat.supr-con,cond-mat,2021-01,2,2
cond-mat.supr-con,cond-mat,2021-02,5,5
cond-mat.supr-con,cond-mat,2021-03,6,6
cond-mat.supr-con,cond-mat,2021-04,2,2
cond-mat.supr-con,cond-mat,2021-05,6,6
cond-mat.supr-con,cond-mat,2021-06,5,5
cond-mat.supr-con,cond-mat,2021-07,5,5
cond-mat.supr-con,cond-mat,2021-08,3,3
cond-mat.supr-con,cond-mat,2021-09,9,9
cond-mat.supr-con,cond-mat,2021-10,3,3
cond-mat.supr-con,cond-mat,2021-11,4,4
cond-mat.supr-con,cond-mat,2021-12,11,11
cond-mat.supr-con,cond-mat,2022-01,7,7
cond-mat.supr-con,cond-mat,2022-02,7,7
cond-mat.supr-con,cond-mat,2022-03,2,2
cond-mat.supr-con,cond-mat,2022-04,4,4
cond-mat.supr-con,cond-mat,2022-05,5,5
cond-mat.supr-con,cond-mat,2022-06,4,4
cond-mat.supr-con,cond-mat,2022-07,4,4
cond-mat.supr-con,cond-mat,2022-08,1,1
cond-mat.supr-con,cond-mat,2022-09,7,7
cond-mat.supr-con,cond-mat,2022-10,10,10
cond-mat.supr-con,cond-mat,2022-11,2,2
cond-mat.supr-con,cond-mat,2022-12,2,2
cond-mat.supr-con,cond-mat,2023-01,3,3
cond-mat.supr-con,cond-mat,2023-02,4,4
cond-mat.supr-con,cond-mat,2023-03,5,5
cond-mat.supr-con,cond-mat,2023-04,4,4
cond-mat.supr-con,cond-mat,2023-05,10,10
cond-mat.supr-con,cond-mat,2023-06,15,15
cond-mat.supr-con,cond-mat,2023-07,4,4
cond-mat.supr-con,cond-mat,2023-08,12,12
cond-mat.supr-con,cond-mat,2023-09,2,2
cond-mat.supr-con,cond-mat,2023-10,5,5
cond-mat.supr-con,cond-mat,2023-11,4,4
cond-mat.supr-con,cond-mat,2023-12,4,4
cond-mat.supr-con,cond-mat,2024-01,8,8
cond-mat.supr-con,cond-mat,2024-02,8,8
cond-mat.supr-con,cond-mat,2024-03,9,9
cond-mat.supr-con,cond-mat,2024-04,7,7
cond-mat.supr-con,cond-mat,2024-05,8,8
cond-mat.supr-con,cond-mat,2024-06,2,2
cond-mat.supr-con,cond-mat,2024-07,2,2
cond-mat.supr-con,cond-mat,2024-08,7,7
cond-mat.supr-con,cond-mat,2024-09,8,8
cond-mat.supr-con,cond-mat,2024-10,7,7
cond-mat.supr-con,cond-mat,2024-11,3,3
cond-mat.supr-con,cond-mat,2024-12,11,11
cond-mat.supr-con,cond-mat,2025-01,8,8
cond-mat.supr-con,cond-mat,2025-02,4,4
cond-mat.supr-con,cond-mat,2025-03,2,2
cond-mat.supr-con,cond-mat,2025-04,2,2
cond-mat.supr-con,cond-mat,2025-05,8,8
cond-mat.supr-con,cond-mat,2025-06,4,4
cond-mat.supr-con,cond-mat,2025-07,7,7
cond-mat.supr-con,cond-mat,2025-08,6,6
cond-mat.supr-con,cond-mat,2025-09,6,6
cond-mat.supr-con,cond-mat,2025-10,5,5
cond-mat.supr-con,cond-mat,2025-11,7,7
cond-mat.supr-con,cond-mat,2025-12,9,9
cs.AI,cs,2018-01,104,50
cs.AI,cs,2018-02,147,50
cs.AI,cs,2018-03,96,50
cs.AI,cs,2018-04,117,50
cs.AI,cs,2018-05,126,50
cs.AI,cs,2018-06,129,50
cs.AI,cs,2018-07,110,50
cs.AI,cs,2018-08,93,50
cs.AI,cs,2018-09,134,50
cs.AI,cs,2018-10,146,50
cs.AI,cs,2018-11,139,50
cs.AI,cs,2018-12,100,50
cs.AI,cs,2019-01,79,50
cs.AI,cs,2019-02,94,50
cs.AI,cs,2019-03,112,50
cs.AI,cs,2019-04,70,50
cs.AI,cs,2019-05,96,50
cs.AI,cs,2019-06,103,50
cs.AI,cs,2019-07,107,50
cs.AI,cs,2019-08,67,50
cs.AI,cs,2019-09,169,50
cs.AI,cs,2019-10,101,50
cs.AI,cs,2019-11,113,50
cs.AI,cs,2019-12,104,50
cs.AI,cs,2020-01,122,50
cs.AI,cs,2020-02,140,50
cs.AI,cs,2020-03,146,50
cs.AI,cs,2020-04,128,50
cs.AI,cs,2020-05,143,50
cs.AI,cs,2020-06,163,50
cs.AI,cs,2020-07,163,50
cs.AI,cs,2020-08,149,50
cs.AI,cs,2020-09,201,50
cs.AI,cs,2020-10,183,50
cs.AI,cs,2020-11,178,50
cs.AI,cs,2020-12,198,50
cs.AI,cs,2021-01,122,50
cs.AI,cs,2021-02,189,50
cs.AI,cs,2021-03,197,50
cs.AI,cs,2021-04,187,50
cs.AI,cs,2021-05,224,50
cs.AI,cs,2021-06,203,50
cs.AI,cs,2021-07,175,50
cs.AI,cs,2021-08,166,50
cs.AI,cs,2021-09,189,50
cs.AI,cs,2021-10,155,50
cs.AI,cs,2021-11,178,50
cs.AI,cs,2021-12,147,50
cs.AI,cs,2022-01,150,50
cs.AI,cs,2022-02,185,50
cs.AI,cs,2022-03,150,50
cs.AI,cs,2022-04,135,50
cs.AI,cs,2022-05,231,50
cs.AI,cs,2022-06,200,50
cs.AI,cs,2022-07,156,50
cs.AI,cs,2022-08,170,50
cs.AI,cs,2022-09,193,50
cs.AI,cs,2022-10,181,50
cs.AI,cs,2022-11,181,50
cs.AI,cs,2022-12,179,50
cs.AI,cs,2023-01,155,50
cs.AI,cs,2023-02,257,50
cs.AI,cs,2023-03,220,50
cs.AI,cs,2023-04,216,50
cs.AI,cs,2023-05,274,50
cs.AI,cs,2023-06,302,50
cs.AI,cs,2023-07,277,50
cs.AI,cs,2023-08,352,50
cs.AI,cs,2023-09,256,50
cs.AI,cs,2023-10,397,50
cs.AI,cs,2023-11,284,50
cs.AI,cs,2023-12,350,50
cs.AI,cs,2024-01,217,50
cs.AI,cs,2024-02,403,50
cs.AI,cs,2024-03,376,50
cs.AI,cs,2024-04,295,50
cs.AI,cs,2024-05,423,50
cs.AI,cs,2024-06,406,50
cs.AI,cs,2024-07,488,50
cs.AI,cs,2024-08,436,50
cs.AI,cs,2024-09,383,50
cs.AI,cs,2024-10,572,50
cs.AI,cs,2024-11,359,50
cs.AI,cs,2024-12,570,50
cs.AI,cs,2025-01,368,50
cs.AI,cs,2025-02,519,50
cs.AI,cs,2025-03,453,50
cs.AI,cs,2025-04,474,50
cs.AI,cs,2025-05,887,50
cs.AI,cs,2025-06,752,50
cs.AI,cs,2025-07,693,50
cs.AI,cs,2025-08,744,50
cs.AI,cs,2025-09,925,50
cs.AI,cs,2025-10,1085,50
cs.AI,cs,2025-11,773,50
cs.AI,cs,2025-12,773,50
cs.AR,cs,2018-01,9,9
cs.AR,cs,2018-02,5,5
cs.AR,cs,2018-03,13,13
cs.AR,cs,2018-04,5,5
cs.AR,cs,2018-05,29,29
cs.AR,cs,2018-06,7,7
cs.AR,cs,2018-07,13,13
cs.AR,cs,2018-08,12,12
cs.AR,cs,2018-09,8,8
cs.AR,cs,2018-10,7,7
cs.AR,cs,2018-11,7,7
cs.AR,cs,2018-12,7,7
cs.AR,cs,2019-01,6,6
cs.AR,cs,2019-02,10,10
cs.AR,cs,2019-03,13,13
cs.AR,cs,2019-04,12,12
cs.AR,cs,2019-05,12,12
cs.AR,cs,2019-06,9,9
cs.AR,cs,2019-07,13,13
cs.AR,cs,2019-08,20,20
cs.AR,cs,2019-09,11,11
cs.AR,cs,2019-10,17,17
cs.AR,cs,2019-11,8,8
cs.AR,cs,2019-12,5,5
cs.AR,cs,2020-01,9,9
cs.AR,cs,2020-02,14,14
cs.AR,cs,2020-03,12,12
cs.AR,cs,2020-04,21,21
cs.AR,cs,2020-05,17,17
cs.AR,cs,2020-06,19,19
cs.AR,cs,2020-07,40,40
cs.AR,cs,2020-08,33,33
cs.AR,cs,2020-09,46,46
cs.AR,cs,2020-10,29,29
cs.AR,cs,2020-11,34,34
cs.AR,cs,2020-12,34,34
cs.AR,cs,2021-01,25,25
cs.AR,cs,2021-02,27,27
cs.AR,cs,2021-03,39,39
cs.AR,cs,2021-04,42,42
cs.AR,cs,2021-05,39,39
cs.AR,cs,2021-06,25,25
cs.AR,cs,2021-07,30,30
cs.AR,cs,2021-08,26,26
cs.AR,cs,2021-09,34,34
cs.AR,cs,2021-10,31,31
cs.AR,cs,2021-11,31,31
cs.AR,cs,2021-12,39,39
cs.AR,cs,2022-01,33,33
cs.AR,cs,2022-02,29,29
cs.AR,cs,2022-03,44,44
cs.AR,cs,2022-04,29,29
cs.AR,cs,2022-05,54,50
cs.AR,cs,2022-06,40,40
cs.AR,cs,2022-07,32,32
cs.AR,cs,2022-08,34,34
cs.AR,cs,2022-09,36,36
cs.AR,cs,2022-10,33,33
cs.AR,cs,2022-11,39,39
cs.AR,cs,2022-12,25,25
cs.AR,cs,2023-01,31,31
cs.AR,cs,2023-02,42,42
cs.AR,cs,2023-03,44,44
cs.AR,cs,2023-04,50,50
cs.AR,cs,2023-05,46,46
cs.AR,cs,2023-06,39,39
cs.AR,cs,2023-07,34,34
cs.AR,cs,2023-08,43,43
cs.AR,cs,2023-09,51,50
cs.AR,cs,2023-10,46,46
cs.AR,cs,2023-11,60,50
cs.AR,cs,2023-12,42,42
cs.AR,cs,2024-01,62,50
cs.AR,cs,2024-02,56,50
cs.AR,cs,2024-03,53,50
cs.AR,cs,2024-04,65,50
cs.AR,cs,2024-05,39,39
cs.AR,cs,2024-06,71,50
cs.AR,cs,2024-07,87,50
cs.AR,cs,2024-08,68,50
cs.AR,cs,2024-09,64,50
cs.AR,cs,2024-10,70,50
cs.AR,cs,2024-11,75,50
cs.AR,cs,2024-12,69,50
cs.AR,cs,2025-01,63,50
cs.AR,cs,2025-02,93,50
cs.AR,cs,2025-03,96,50
cs.AR,cs,2025-04,107,50
cs.AR,cs,2025-05,99,50
cs.AR,cs,2025-06,80,50
cs.AR,cs,2025-07,86,50
cs.AR,cs,2025-08,103,50
cs.AR,cs,2025-09,85,50
cs.AR,cs,2025-10,86,50
cs.AR,cs,2025-11,108,50
cs.AR,cs,2025-12,99,50
cs.CC,cs,2018-01,26,26
cs.CC,cs,2018-02,30,30
cs.CC,cs,2018-03,28,28
cs.CC,cs,2018-04,23,23
cs.CC,cs,2018-05,22,22
cs.CC,cs,2018-06,21,21
cs.CC,cs,2018-07,22,22
cs.CC,cs,2018-08,17,17
cs.CC,cs,2018-09,26,26
cs.CC,cs,2018-10,27,27
cs.CC,cs,2018-11,23,23
cs.CC,cs,2018-12,18,18
cs.CC,cs,2019-01,21,21
cs.CC,cs,2019-02,35,35
cs.CC,cs,2019-03,23,23
cs.CC,cs,2019-04,30,30
cs.CC,cs,2019-05,23,23
cs.CC,cs,2019-06,19,19
cs.CC,cs,2019-07,43,43
cs.CC,cs,2019-08,24,24
cs.CC,cs,2019-09,25,25
cs.CC,cs,2019-10,31,31
cs.CC,cs,2019-11,32,32
cs.CC,cs,2019-12,20,20
cs.CC,cs,2020-01,19,19
cs.CC,cs,2020-02,37,37
cs.CC,cs,2020-03,29,29
cs.CC,cs,2020-04,25,25
cs.CC,cs,2020-05,33,33
cs.CC,cs,2020-06,28,28
cs.CC,cs,2020-07,23,23
cs.CC,cs,2020-08,23,23
cs.CC,cs,2020-09,31,31
cs.CC,cs,2020-10,30,30
cs.CC,cs,2020-11,33,33
cs.CC,cs,2020-12,30,30
cs.CC,cs,2021-01,19,19
cs.CC,cs,2021-02,27,27
cs.CC,cs,2021-03,26,26
cs.CC,cs,2021-04,25,25
cs.CC,cs,2021-05,24,24
cs.CC,cs,2021-06,25,25
cs.CC,cs,2021-07,45,45
cs.CC,cs,2021-08,14,14
cs.CC,cs,2021-09,28,28
cs.CC,cs,2021-10,24,24
cs.CC,cs,2021-11,37,37
cs.CC,cs,2021-12,27,27
cs.CC,cs,2022-01,22,22
cs.CC,cs,2022-02,32,32
cs.CC,cs,2022-03,30,30
cs.CC,cs,2022-04,17,17
cs.CC,cs,2022-05,38,38
cs.CC,cs,2022-06,18,18
cs.CC,cs,2022-07,22,22
cs.CC,cs,2022-08,24,24
cs.CC,cs,2022-09,33,33
cs.CC,cs,2022-10,16,16
cs.CC,cs,2022-11,51,50
cs.CC,cs,2022-12,16,16
cs.CC,cs,2023-01,25,25
cs.CC,cs,2023-02,36,36
cs.CC,cs,2023-03,23,23
cs.CC,cs,2023-04,31,31
cs.CC,cs,2023-05,37,37
cs.CC,cs,2023-06,30,30
cs.CC,cs,2023-07,32,32
cs.CC,cs,2023-08,20,20
cs.CC,cs,2023-09,30,30
cs.CC,cs,2023-10,27,27
cs.CC,cs,2023-11,35,35
cs.CC,cs,2023-12,38,38
cs.CC,cs,2024-01,30,30
cs.CC,cs,2024-02,40,40
cs.CC,cs,2024-03,27,27
cs.CC,cs,2024-04,39,39
cs.CC,cs,2024-05,38,38
cs.CC,cs,2024-06,31,31
cs.CC,cs,2024-07,27,27
cs.CC,cs,2024-08,16,16
cs.CC,cs,2024-09,34,34
cs.CC,cs,2024-10,24,24
cs.CC,cs,2024-11,57,50
cs.CC,cs,2024-12,23,23
cs.CC,cs,2025-01,21,21
cs.CC,cs,2025-02,40,40
cs.CC,cs,2025-03,30,30
cs.CC,cs,2025-04,41,41
cs.CC,cs,2025-05,30,30
cs.CC,cs,2025-06,43,43
cs.CC,cs,2025-07,46,46
cs.CC,cs,2025-08,24,24
cs.CC,cs,2025-09,32,32
cs.CC,cs,2025-10,42,42
cs.CC,cs,2025-11,49,49
cs.CC,cs,2025-12,36,36
cs.CE,cs,2018-01,17,17
cs.CE,cs,2018-02,25,25
cs.CE,cs,2018-03,9,9
cs.CE,cs,2018-04,19,19
cs.CE,cs,2018-05,16,16
cs.CE,cs,2018-06,17,17
cs.CE,cs,2018-07,24,24
cs.CE,cs,2018-08,25,25
cs.CE,cs,2018-09,20,20
cs.CE,cs,2018-10,19,19
cs.CE,cs,2018-11,14,14
cs.CE,cs,2018-12,3,3
cs.CE,cs,2019-01,21,21
cs.CE,cs,2019-02,20,20
cs.CE,cs,2019-03,20,20
cs.CE,cs,2019-04,15,15
cs.CE,cs,2019-05,24,24
cs.CE,cs,2019-06,18,18
cs.CE,cs,2019-07,21,21
cs.CE,cs,2019-08,14,14
cs.CE,cs,2019-09,26,26
cs.CE,cs,2019-10,19,19
cs.CE,cs,2019-11,27,27
cs.CE,cs,2019-12,18,18
cs.CE,cs,2020-01,32,32
cs.CE,cs,2020-02,27,27
cs.CE,cs,2020-03,31,31
cs.CE,cs,2020-04,31,31
cs.CE,cs,2020-05,36,36
cs.CE,cs,2020-06,43,43
cs.CE,cs,2020-07,31,31
cs.CE,cs,2020-08,31,31
cs.CE,cs,2020-09,36,36
cs.CE,cs,2020-10,41,41
cs.CE,cs,2020-11,31,31
cs.CE,cs,2020-12,36,36
cs.CE,cs,2021-01,25,25
cs.CE,cs,2021-02,21,21
cs.CE,cs,2021-03,40,40
cs.CE,cs,2021-04,34,34
cs.CE,cs,2021-05,21,21
cs.CE,cs,2021-06,27,27
cs.CE,cs,2021-07,28,28
cs.CE,cs,2021-08,38,38
cs.CE,cs,2021-09,21,21
cs.CE,cs,2021-10,26,26
cs.CE,cs,2021-11,38,38
cs.CE,cs,2021-12,28,28
cs.CE,cs,2022-01,33,33
cs.CE,cs,2022-02,32,32
cs.CE,cs,2022-03,33,33
cs.CE,cs,2022-04,30,30
cs.CE,cs,2022-05,36,36
cs.CE,cs,2022-06,41,41
cs.CE,cs,2022-07,31,31
cs.CE,cs,2022-08,29,29
cs.CE,cs,2022-09,38,38
cs.CE,cs,2022-10,35,35
cs.CE,cs,2022-11,19,19
cs.CE,cs,2022-12,30,30
cs.CE,cs,2023-01,21,21
cs.CE,cs,2023-02,29,29
cs.CE,cs,2023-03,37,37
cs.CE,cs,2023-04,16,16
cs.CE,cs,2023-05,36,36
cs.CE,cs,2023-06,38,38
cs.CE,cs,2023-07,41,41
cs.CE,cs,2023-08,46,46
cs.CE,cs,2023-09,45,45
cs.CE,cs,2023-10,59,50
cs.CE,cs,2023-11,62,50
cs.CE,cs,2023-12,47,47
cs.CE,cs,2024-01,60,50
cs.CE,cs,2024-02,44,44
cs.CE,cs,2024-03,84,50
cs.CE,cs,2024-04,52,50
cs.CE,cs,2024-05,73,50
cs.CE,cs,2024-06,46,46
cs.CE,cs,2024-07,70,50
cs.CE,cs,2024-08,55,50
cs.CE,cs,2024-09,65,50
cs.CE,cs,2024-10,103,50
cs.CE,cs,2024-11,67,50
cs.CE,cs,2024-12,74,50
cs.CE,cs,2025-01,74,50
cs.CE,cs,2025-02,68,50
cs.CE,cs,2025-03,76,50
cs.CE,cs,2025-04,66,50
cs.CE,cs,2025-05,79,50
cs.CE,cs,2025-06,85,50
cs.CE,cs,2025-07,80,50
cs.CE,cs,2025-08,74,50
cs.CE,cs,2025-09,97,50
cs.CE,cs,2025-10,86,50
cs.CE,cs,2025-11,61,50
cs.CE,cs,2025-12,77,50
cs.CG,cs,2018-01,20,20
cs.CG,cs,2018-02,16,16
cs.CG,cs,2018-03,45,45
cs.CG,cs,2018-04,22,22
cs.CG,cs,2018-05,20,20
cs.CG,cs,2018-06,19,19
cs.CG,cs,2018-07,31,31
cs.CG,cs,2018-08,31,31
cs.CG,cs,2018-09,29,29
cs.CG,cs,2018-10,33,33
cs.CG,cs,2018-11,24,24
cs.CG,cs,2018-12,34,34
cs.CG,cs,2019-01,18,18
cs.CG,cs,2019-02,25,25
cs.CG,cs,2019-03,41,41
cs.CG,cs,2019-04,31,31
cs.CG,cs,2019-05,18,18
cs.CG,cs,2019-06,21,21
cs.CG,cs,2019-07,27,27
cs.CG,cs,2019-08,36,36
cs.CG,cs,2019-09,21,21
cs.CG,cs,2019-10,22,22
cs.CG,cs,2019-11,23,23
cs.CG,cs,2019-12,22,22
cs.CG,cs,2020-01,23,23
cs.CG,cs,2020-02,32,32
cs.CG,cs,2020-03,36,36
cs.CG,cs,2020-04,36,36
cs.CG,cs,2020-05,12,12
cs.CG,cs,2020-06,18,18
cs.CG,cs,2020-07,47,47
cs.CG,cs,2020-08,25,25
cs.CG,cs,2020-09,18,18
cs.CG,cs,2020-10,19,19
cs.CG,cs,2020-11,24,24
cs.CG,cs,2020-12,32,32
cs.CG,cs,2021-01,26,26
cs.CG,cs,2021-02,14,14
cs.CG,cs,2021-03,50,50
cs.CG,cs,2021-04,23,23
cs.CG,cs,2021-05,32,32
cs.CG,cs,2021-06,39,39
cs.CG,cs,2021-07,30,30
cs.CG,cs,2021-08,29,29
cs.CG,cs,2021-09,30,30
cs.CG,cs,2021-10,21,21
cs.CG,cs,2021-11,31,31
cs.CG,cs,2021-12,33,33
cs.CG,cs,2022-01,26,26
cs.CG,cs,2022-02,28,28
cs.CG,cs,2022-03,36,36
cs.CG,cs,2022-04,15,15
cs.CG,cs,2022-05,26,26
cs.CG,cs,2022-06,32,32
cs.CG,cs,2022-07,21,21
cs.CG,cs,2022-08,32,32
cs.CG,cs,2022-09,32,32
cs.CG,cs,2022-10,19,19
cs.CG,cs,2022-11,23,23
cs.CG,cs,2022-12,21,21
cs.CG,cs,2023-01,19,19
cs.CG,cs,2023-02,20,20
cs.CG,cs,2023-03,44,44
cs.CG,cs,2023-04,11,11
cs.CG,cs,2023-05,24,24
cs.CG,cs,2023-06,33,33
cs.CG,cs,2023-07,18,18
cs.CG,cs,2023-08,29,29
cs.CG,cs,2023-09,27,27
cs.CG,cs,2023-10,17,17
cs.CG,cs,2023-11,26,26
cs.CG,cs,2023-12,30,30
cs.CG,cs,2024-01,21,21
cs.CG,cs,2024-02,40,40
cs.CG,cs,2024-03,42,42
cs.CG,cs,2024-04,27,27
cs.CG,cs,2024-05,22,22
cs.CG,cs,2024-06,20,20
cs.CG,cs,2024-07,33,33
cs.CG,cs,2024-08,13,13
cs.CG,cs,2024-09,25,25
cs.CG,cs,2024-10,32,32
cs.CG,cs,2024-11,25,25
cs.CG,cs,2024-12,27,27
cs.CG,cs,2025-01,18,18
cs.CG,cs,2025-02,20,20
cs.CG,cs,2025-03,32,32
cs.CG,cs,2025-04,37,37
cs.CG,cs,2025-05,24,24
cs.CG,cs,2025-06,31,31
cs.CG,cs,2025-07,31,31
cs.CG,cs,2025-08,41,41
cs.CG,cs,2025-09,27,27
cs.CG,cs,2025-10,24,24
cs.CG,cs,2025-11,25,25
cs.CG,cs,2025-12,41,41
cs.CL,cs,2018-01,115,50
cs.CL,cs,2018-02,147,50
cs.CL,cs,2018-03,159,50
cs.CL,cs,2018-04,301,50
cs.CL,cs,2018-05,370,50
cs.CL,cs,2018-06,255,50
cs.CL,cs,2018-07,195,50
cs.CL,cs,2018-08,361,50
cs.CL,cs,2018-09,320,50
cs.CL,cs,2018-10,272,50
cs.CL,cs,2018-11,320,50
cs.CL,cs,2018-12,159,50
cs.CL,cs,2019-01,148,50
cs.CL,cs,2019-02,195,50
cs.CL,cs,2019-03,194,50
cs.CL,cs,2019-04,360,50
cs.CL,cs,2019-05,308,50
cs.CL,cs,2019-06,513,50
cs.CL,cs,2019-07,290,50
cs.CL,cs,2019-08,372,50
cs.CL,cs,2019-09,603,50
cs.CL,cs,2019-10,445,50
cs.CL,cs,2019-11,493,50
cs.CL,cs,2019-12,249,50
cs.CL,cs,2020-01,185,50
cs.CL,cs,2020-02,256,50
cs.CL,cs,2020-03,261,50
cs.CL,cs,2020-04,729,50
cs.CL,cs,2020-05,636,50
cs.CL,cs,2020-06,364,50
cs.CL,cs,2020-07,283,50
cs.CL,cs,2020-08,272,50
cs.CL,cs,2020-09,467,50
cs.CL,cs,2020-10,1111,50
cs.CL,cs,2020-11,497,50
cs.CL,cs,2020-12,511,50
cs.CL,cs,2021-01,387,50
cs.CL,cs,2021-02,343,50
cs.CL,cs,2021-03,431,50
cs.CL,cs,2021-04,785,50
cs.CL,cs,2021-05,575,50
cs.CL,cs,2021-06,752,50
cs.CL,cs,2021-07,363,50
cs.CL,cs,2021-08,422,50
cs.CL,cs,2021-09,972,50
cs.CL,cs,2021-10,675,50
cs.CL,cs,2021-11,371,50
cs.CL,cs,2021-12,509,50
cs.CL,cs,2022-01,339,50
cs.CL,cs,2022-02,346,50
cs.CL,cs,2022-03,664,50
cs.CL,cs,2022-04,732,50
cs.CL,cs,2022-05,849,50
cs.CL,cs,2022-06,449,50
cs.CL,cs,2022-07,299,50
cs.CL,cs,2022-08,362,50
cs.CL,cs,2022-09,474,50
cs.CL,cs,2022-10,1182,50
cs.CL,cs,2022-11,724,50
cs.CL,cs,2022-12,708,50
cs.CL,cs,2023-01,406,50
cs.CL,cs,2023-02,526,50
cs.CL,cs,2023-03,528,50
cs.CL,cs,2023-04,569,50
cs.CL,cs,2023-05,1954,50
cs.CL,cs,2023-06,980,50
cs.CL,cs,2023-07,629,50
cs.CL,cs,2023-08,635,50
cs.CL,cs,2023-09,782,50
cs.CL,cs,2023-10,1617,50
cs.CL,cs,2023-11,1112,50
cs.CL,cs,2023-12,716,50
cs.CL,cs,2024-01,889,50
cs.CL,cs,2024-02,1538,50
cs.CL,cs,2024-03,1211,50
cs.CL,cs,2024-04,1226,50
cs.CL,cs,2024-05,1136,50
cs.CL,cs,2024-06,1783,50
cs.CL,cs,2024-07,1251,50
cs.CL,cs,2024-08,878,50
cs.CL,cs,2024-09,1096,50
cs.CL,cs,2024-10,1879,50
cs.CL,cs,2024-11,908,50
cs.CL,cs,2024-12,1188,50
cs.CL,cs,2025-01,965,50
cs.CL,cs,2025-02,1791,50
cs.CL,cs,2025-03,1373,50
cs.CL,cs,2025-04,1152,50
cs.CL,cs,2025-05,2076,50
cs.CL,cs,2025-06,1745,50
cs.CL,cs,2025-07,1191,50
cs.CL,cs,2025-08,1263,50
cs.CL,cs,2025-09,1578,50
cs.CL,cs,2025-10,1924,50
cs.CL,cs,2025-11,1095,50
cs.CL,cs,2025-12,899,50
cs.CR,cs,2018-01,119,50
cs.CR,cs,2018-02,109,50
cs.CR,cs,2018-03,87,50
cs.CR,cs,2018-04,123,50
cs.CR,cs,2018-05,140,50
cs.CR,cs,2018-06,129,50
cs.CR,cs,2018-07,116,50
cs.CR,cs,2018-08,137,50
cs.CR,cs,2018-09,128,50
cs.CR,cs,2018-10,128,50
cs.CR,cs,2018-11,167,50
cs.CR,cs,2018-12,149,50
cs.CR,cs,2019-01,138,50
cs.CR,cs,2019-02,151,50
cs.CR,cs,2019-03,134,50
cs.CR,cs,2019-04,167,50
cs.CR,cs,2019-05,194,50
cs.CR,cs,2019-06,155,50
cs.CR,cs,2019-07,157,50
cs.CR,cs,2019-08,158,50
cs.CR,cs,2019-09,165,50
cs.CR,cs,2019-10,180,50
cs.CR,cs,2019-11,170,50
cs.CR,cs,2019-12,164,50
cs.CR,cs,2020-01,157,50
cs.CR,cs,2020-02,176,50
cs.CR,cs,2020-03,180,50
cs.CR,cs,2020-04,198,50
cs.CR,cs,2020-05,228,50
cs.CR,cs,2020-06,219,50
cs.CR,cs,2020-07,237,50
cs.CR,cs,2020-08,174,50
cs.CR,cs,2020-09,193,50
cs.CR,cs,2020-10,226,50
cs.CR,cs,2020-11,199,50
cs.CR,cs,2020-12,209,50
cs.CR,cs,2021-01,193,50
cs.CR,cs,2021-02,195,50
cs.CR,cs,2021-03,277,50
cs.CR,cs,2021-04,220,50
cs.CR,cs,2021-05,244,50
cs.CR,cs,2021-06,230,50
cs.CR,cs,2021-07,203,50
cs.CR,cs,2021-08,193,50
cs.CR,cs,2021-09,241,50
cs.CR,cs,2021-10,211,50
cs.CR,cs,2021-11,224,50
cs.CR,cs,2021-12,236,50
cs.CR,cs,2022-01,239,50
cs.CR,cs,2022-02,244,50
cs.CR,cs,2022-03,233,50
cs.CR,cs,2022-04,188,50
cs.CR,cs,2022-05,241,50
cs.CR,cs,2022-06,212,50
cs.CR,cs,2022-07,229,50
cs.CR,cs,2022-08,292,50
cs.CR,cs,2022-09,248,50
cs.CR,cs,2022-10,254,50
cs.CR,cs,2022-11,229,50
cs.CR,cs,2022-12,222,50
cs.CR,cs,2023-01,208,50
cs.CR,cs,2023-02,221,50
cs.CR,cs,2023-03,229,50
cs.CR,cs,2023-04,248,50
cs.CR,cs,2023-05,257,50
cs.CR,cs,2023-06,328,50
cs.CR,cs,2023-07,255,50
cs.CR,cs,2023-08,289,50
cs.CR,cs,2023-09,276,50
cs.CR,cs,2023-10,313,50
cs.CR,cs,2023-11,271,50
cs.CR,cs,2023-12,340,50
cs.CR,cs,2024-01,300,50
cs.CR,cs,2024-02,340,50
cs.CR,cs,2024-03,334,50
cs.CR,cs,2024-04,365,50
cs.CR,cs,2024-05,430,50
cs.CR,cs,2024-06,358,50
cs.CR,cs,2024-07,381,50
cs.CR,cs,2024-08,331,50
cs.CR,cs,2024-09,413,50
cs.CR,cs,2024-10,410,50
cs.CR,cs,2024-11,344,50
cs.CR,cs,2024-12,339,50
cs.CR,cs,2025-01,389,50
cs.CR,cs,2025-02,433,50
cs.CR,cs,2025-03,388,50
cs.CR,cs,2025-04,484,50
cs.CR,cs,2025-05,537,50
cs.CR,cs,2025-06,534,50
cs.CR,cs,2025-07,451,50
cs.CR,cs,2025-08,450,50
cs.CR,cs,2025-09,576,50
cs.CR,cs,2025-10,629,50
cs.CR,cs,2025-11,439,50
cs.CR,cs,2025-12,504,50
cs.CV,cs,2018-01,386,50
cs.CV,cs,2018-02,424,50
cs.CV,cs,2018-03,647,50
cs.CV,cs,2018-04,652,50
cs.CV,cs,2018-05,649,50
cs.CV,cs,2018-06,588,50
cs.CV,cs,2018-07,751,50
cs.CV,cs,2018-08,501,50
cs.CV,cs,2018-09,538,50
cs.CV,cs,2018-10,571,50
cs.CV,cs,2018-11,860,50
cs.CV,cs,2018-12,710,50
cs.CV,cs,2019-01,566,50
cs.CV,cs,2019-02,517,50
cs.CV,cs,2019-03,680,50
cs.CV,cs,2019-04,1117,50
cs.CV,cs,2019-05,744,50
cs.CV,cs,2019-06,605,50
cs.CV,cs,2019-07,698,50
cs.CV,cs,2019-08,715,50
cs.CV,cs,2019-09,704,50
cs.CV,cs,2019-10,635,50
cs.CV,cs,2019-11,700,50
cs.CV,cs,2019-12,801,50
cs.CV,cs,2020-01,532,50
cs.CV,cs,2020-02,591,50
cs.CV,cs,2020-03,1094,50
cs.CV,cs,2020-04,942,50
cs.CV,cs,2020-05,687,50
cs.CV,cs,2020-06,983,50
cs.CV,cs,2020-07,1250,50
cs.CV,cs,2020-08,1014,50
cs.CV,cs,2020-09,823,50
cs.CV,cs,2020-10,922,50
cs.CV,cs,2020-11,1029,50
cs.CV,cs,2020-12,1124,50
cs.CV,cs,2021-01,691,50
cs.CV,cs,2021-02,633,50
cs.CV,cs,2021-03,1471,50
cs.CV,cs,2021-04,1308,50
cs.CV,cs,2021-05,972,50
cs.CV,cs,2021-06,1192,50
cs.CV,cs,2021-07,928,50
cs.CV,cs,2021-08,1182,50
cs.CV,cs,2021-09,889,50
cs.CV,cs,2021-10,1105,50
cs.CV,cs,2021-11,1126,50
cs.CV,cs,2021-12,1219,50
cs.CV,cs,2022-01,780,50
cs.CV,cs,2022-02,732,50
cs.CV,cs,2022-03,1719,50
cs.CV,cs,2022-04,1192,50
cs.CV,cs,2022-05,1083,50
cs.CV,cs,2022-06,1110,50
cs.CV,cs,2022-07,1516,50
cs.CV,cs,2022-08,1160,50
cs.CV,cs,2022-09,1127,50
cs.CV,cs,2022-10,1478,50
cs.CV,cs,2022-11,1528,50
cs.CV,cs,2022-12,1160,50
cs.CV,cs,2023-01,817,50
cs.CV,cs,2023-02,962,50
cs.CV,cs,2023-03,2220,50
cs.CV,cs,2023-04,1522,50
cs.CV,cs,2023-05,1688,50
cs.CV,cs,2023-06,1408,50
cs.CV,cs,2023-07,1449,50
cs.CV,cs,2023-08,1803,50
cs.CV,cs,2023-09,1559,50
cs.CV,cs,2023-10,1534,50
cs.CV,cs,2023-11,1846,50
cs.CV,cs,2023-12,2001,50
cs.CV,cs,2024-01,1495,50
cs.CV,cs,2024-02,1327,50
cs.CV,cs,2024-03,2365,50
cs.CV,cs,2024-04,2183,50
cs.CV,cs,2024-05,1911,50
cs.CV,cs,2024-06,1879,50
cs.CV,cs,2024-07,2343,50
cs.CV,cs,2024-08,1728,50
cs.CV,cs,2024-09,1935,50
cs.CV,cs,2024-10,2099,50
cs.CV,cs,2024-11,1981,50
cs.CV,cs,2024-12,2616,50
cs.CV,cs,2025-01,1649,50
cs.CV,cs,2025-02,1612,50
cs.CV,cs,2025-03,3101,50
cs.CV,cs,2025-04,2056,50
cs.CV,cs,2025-05,2426,50
cs.CV,cs,2025-06,2376,50
cs.CV,cs,2025-07,2245,50
cs.CV,cs,2025-08,2336,50
cs.CV,cs,2025-09,2482,50
cs.CV,cs,2025-10,2368,50
cs.CV,cs,2025-11,2634,50
cs.CV,cs,2025-12,2627,50
cs.CY,cs,2018-01,43,43
cs.CY,cs,2018-02,57,50
cs.CY,cs,2018-03,89,50
cs.CY,cs,2018-04,64,50
cs.CY,cs,2018-05,77,50
cs.CY,cs,2018-06,72,50
cs.CY,cs,2018-07,83,50
cs.CY,cs,2018-08,70,50
cs.CY,cs,2018-09,54,50
cs.CY,cs,2018-10,53,50
cs.CY,cs,2018-11,76,50
cs.CY,cs,2018-12,72,50
cs.CY,cs,2019-01,86,50
cs.CY,cs,2019-02,47,47
cs.CY,cs,2019-03,64,50
cs.CY,cs,2019-04,63,50
cs.CY,cs,2019-05,66,50
cs.CY,cs,2019-06,61,50
cs.CY,cs,2019-07,78,50
cs.CY,cs,2019-08,63,50
cs.CY,cs,2019-09,66,50
cs.CY,cs,2019-10,61,50
cs.CY,cs,2019-11,65,50
cs.CY,cs,2019-12,50,50
cs.CY,cs,2020-01,96,50
cs.CY,cs,2020-02,61,50
cs.CY,cs,2020-03,75,50
cs.CY,cs,2020-04,97,50
cs.CY,cs,2020-05,130,50
cs.CY,cs,2020-06,196,50
cs.CY,cs,2020-07,145,50
cs.CY,cs,2020-08,161,50
cs.CY,cs,2020-09,147,50
cs.CY,cs,2020-10,123,50
cs.CY,cs,2020-11,100,50
cs.CY,cs,2020-12,109,50
cs.CY,cs,2021-01,109,50
cs.CY,cs,2021-02,112,50
cs.CY,cs,2021-03,78,50
cs.CY,cs,2021-04,103,50
cs.CY,cs,2021-05,116,50
cs.CY,cs,2021-06,76,50
cs.CY,cs,2021-07,104,50
cs.CY,cs,2021-08,149,50
cs.CY,cs,2021-09,73,50
cs.CY,cs,2021-10,82,50
cs.CY,cs,2021-11,79,50
cs.CY,cs,2021-12,90,50
cs.CY,cs,2022-01,68,50
cs.CY,cs,2022-02,79,50
cs.CY,cs,2022-03,74,50
cs.CY,cs,2022-04,71,50
cs.CY,cs,2022-05,83,50
cs.CY,cs,2022-06,94,50
cs.CY,cs,2022-07,86,50
cs.CY,cs,2022-08,89,50
cs.CY,cs,2022-09,66,50
cs.CY,cs,2022-10,75,50
cs.CY,cs,2022-11,102,50
cs.CY,cs,2022-12,101,50
cs.CY,cs,2023-01,96,50
cs.CY,cs,2023-02,72,50
cs.CY,cs,2023-03,101,50
cs.CY,cs,2023-04,114,50
cs.CY,cs,2023-05,148,50
cs.CY,cs,2023-06,139,50
cs.CY,cs,2023-07,87,50
cs.CY,cs,2023-08,119,50
cs.CY,cs,2023-09,124,50
cs.CY,cs,2023-10,105,50
cs.CY,cs,2023-11,170,50
cs.CY,cs,2023-12,120,50
cs.CY,cs,2024-01,136,50
cs.CY,cs,2024-02,174,50
cs.CY,cs,2024-03,239,50
cs.CY,cs,2024-04,107,50
cs.CY,cs,2024-05,123,50
cs.CY,cs,2024-06,140,50
cs.CY,cs,2024-07,315,50
cs.CY,cs,2024-08,141,50
cs.CY,cs,2024-09,145,50
cs.CY,cs,2024-10,225,50
cs.CY,cs,2024-11,159,50
cs.CY,cs,2024-12,162,50
cs.CY,cs,2025-01,191,50
cs.CY,cs,2025-02,202,50
cs.CY,cs,2025-03,290,50
cs.CY,cs,2025-04,215,50
cs.CY,cs,2025-05,218,50
cs.CY,cs,2025-06,208,50
cs.CY,cs,2025-07,200,50
cs.CY,cs,2025-08,231,50
cs.CY,cs,2025-09,254,50
cs.CY,cs,2025-10,231,50
cs.CY,cs,2025-11,218,50
cs.CY,cs,2025-12,219,50
cs.DB,cs,2018-01,42,42
cs.DB,cs,2018-02,32,32
cs.DB,cs,2018-03,30,30
cs.DB,cs,2018-04,32,32
cs.DB,cs,2018-05,39,39
cs.DB,cs,2018-06,26,26
cs.DB,cs,2018-07,29,29
cs.DB,cs,2018-08,31,31
cs.DB,cs,2018-09,25,25
cs.DB,cs,2018-10,35,35
cs.DB,cs,2018-11,24,24
cs.DB,cs,2018-12,32,32
cs.DB,cs,2019-01,35,35
cs.DB,cs,2019-02,41,41
cs.DB,cs,2019-03,38,38
cs.DB,cs,2019-04,51,50
cs.DB,cs,2019-05,51,50
cs.DB,cs,2019-06,44,44
cs.DB,cs,2019-07,33,33
cs.DB,cs,2019-08,33,33
cs.DB,cs,2019-09,32,32
cs.DB,cs,2019-10,37,37
cs.DB,cs,2019-11,38,38
cs.DB,cs,2019-12,39,39
cs.DB,cs,2020-01,42,42
cs.DB,cs,2020-02,43,43
cs.DB,cs,2020-03,59,50
cs.DB,cs,2020-04,72,50
cs.DB,cs,2020-05,43,43
cs.DB,cs,2020-06,44,44
cs.DB,cs,2020-07,42,42
cs.DB,cs,2020-08,43,43
cs.DB,cs,2020-09,47,47
cs.DB,cs,2020-10,51,50
cs.DB,cs,2020-11,38,38
cs.DB,cs,2020-12,46,46
cs.DB,cs,2021-01,41,41
cs.DB,cs,2021-02,31,31
cs.DB,cs,2021-03,66,50
cs.DB,cs,2021-04,45,45
cs.DB,cs,2021-05,48,48
cs.DB,cs,2021-06,37,37
cs.DB,cs,2021-07,63,50
cs.DB,cs,2021-08,29,29
cs.DB,cs,2021-09,28,28
cs.DB,cs,2021-10,43,43
cs.DB,cs,2021-11,38,38
cs.DB,cs,2021-12,44,44
cs.DB,cs,2022-01,49,49
cs.DB,cs,2022-02,46,46
cs.DB,cs,2022-03,50,50
cs.DB,cs,2022-04,40,40
cs.DB,cs,2022-05,32,32
cs.DB,cs,2022-06,53,50
cs.DB,cs,2022-07,43,43
cs.DB,cs,2022-08,51,50
cs.DB,cs,2022-09,43,43
cs.DB,cs,2022-10,44,44
cs.DB,cs,2022-11,36,36
cs.DB,cs,2022-12,43,43
cs.DB,cs,2023-01,35,35
cs.DB,cs,2023-02,36,36
cs.DB,cs,2023-03,54,50
cs.DB,cs,2023-04,54,50
cs.DB,cs,2023-05,47,47
cs.DB,cs,2023-06,49,49
cs.DB,cs,2023-07,62,50
cs.DB,cs,2023-08,48,48
cs.DB,cs,2023-09,42,42
cs.DB,cs,2023-10,52,50
cs.DB,cs,2023-11,52,50
cs.DB,cs,2023-12,64,50
cs.DB,cs,2024-01,39,39
cs.DB,cs,2024-02,30,30
cs.DB,cs,2024-03,70,50
cs.DB,cs,2024-04,61,50
cs.DB,cs,2024-05,60,50
cs.DB,cs,2024-06,68,50
cs.DB,cs,2024-07,69,50
cs.DB,cs,2024-08,59,50
cs.DB,cs,2024-09,53,50
cs.DB,cs,2024-10,61,50
cs.DB,cs,2024-11,69,50
cs.DB,cs,2024-12,84,50
cs.DB,cs,2025-01,52,50
cs.DB,cs,2025-02,79,50
cs.DB,cs,2025-03,83,50
cs.DB,cs,2025-04,97,50
cs.DB,cs,2025-05,80,50
cs.DB,cs,2025-06,67,50
cs.DB,cs,2025-07,86,50
cs.DB,cs,2025-08,90,50
cs.DB,cs,2025-09,83,50
cs.DB,cs,2025-10,72,50
cs.DB,cs,2025-11,88,50
cs.DB,cs,2025-12,86,50
cs.DC,cs,2018-01,77,50
cs.DC,cs,2018-02,89,50
cs.DC,cs,2018-03,84,50
cs.DC,cs,2018-04,94,50
cs.DC,cs,2018-05,134,50
cs.DC,cs,2018-06,90,50
cs.DC,cs,2018-07,91,50
cs.DC,cs,2018-08,74,50
cs.DC,cs,2018-09,67,50
cs.DC,cs,2018-10,114,50
cs.DC,cs,2018-11,84,50
cs.DC,cs,2018-12,74,50
cs.DC,cs,2019-01,111,50
cs.DC,cs,2019-02,102,50
cs.DC,cs,2019-03,95,50
cs.DC,cs,2019-04,115,50
cs.DC,cs,2019-05,129,50
cs.DC,cs,2019-06,88,50
cs.DC,cs,2019-07,107,50
cs.DC,cs,2019-08,99,50
cs.DC,cs,2019-09,111,50
cs.DC,cs,2019-10,109,50
cs.DC,cs,2019-11,96,50
cs.DC,cs,2019-12,95,50
cs.DC,cs,2020-01,95,50
cs.DC,cs,2020-02,114,50
cs.DC,cs,2020-03,114,50
cs.DC,cs,2020-04,114,50
cs.DC,cs,2020-05,137,50
cs.DC,cs,2020-06,127,50
cs.DC,cs,2020-07,125,50
cs.DC,cs,2020-08,121,50
cs.DC,cs,2020-09,102,50
cs.DC,cs,2020-10,163,50
cs.DC,cs,2020-11,100,50
cs.DC,cs,2020-12,98,50
cs.DC,cs,2021-01,73,50
cs.DC,cs,2021-02,109,50
cs.DC,cs,2021-03,129,50
cs.DC,cs,2021-04,110,50
cs.DC,cs,2021-05,151,50
cs.DC,cs,2021-06,110,50
cs.DC,cs,2021-07,101,50
cs.DC,cs,2021-08,137,50
cs.DC,cs,2021-09,115,50
cs.DC,cs,2021-10,101,50
cs.DC,cs,2021-11,93,50
cs.DC,cs,2021-12,119,50
cs.DC,cs,2022-01,80,50
cs.DC,cs,2022-02,91,50
cs.DC,cs,2022-03,115,50
cs.DC,cs,2022-04,98,50
cs.DC,cs,2022-05,121,50
cs.DC,cs,2022-06,112,50
cs.DC,cs,2022-07,93,50
cs.DC,cs,2022-08,126,50
cs.DC,cs,2022-09,89,50
cs.DC,cs,2022-10,103,50
cs.DC,cs,2022-11,99,50
cs.DC,cs,2022-12,91,50
cs.DC,cs,2023-01,99,50
cs.DC,cs,2023-02,75,50
cs.DC,cs,2023-03,106,50
cs.DC,cs,2023-04,118,50
cs.DC,cs,2023-05,152,50
cs.DC,cs,2023-06,116,50
cs.DC,cs,2023-07,93,50
cs.DC,cs,2023-08,103,50
cs.DC,cs,2023-09,120,50
cs.DC,cs,2023-10,108,50
cs.DC,cs,2023-11,129,50
cs.DC,cs,2023-12,114,50
cs.DC,cs,2024-01,121,50
cs.DC,cs,2024-02,111,50
cs.DC,cs,2024-03,123,50
cs.DC,cs,2024-04,135,50
cs.DC,cs,2024-05,167,50
cs.DC,cs,2024-06,126,50
cs.DC,cs,2024-07,196,50
cs.DC,cs,2024-08,138,50
cs.DC,cs,2024-09,137,50
cs.DC,cs,2024-10,172,50
cs.DC,cs,2024-11,144,50
cs.DC,cs,2024-12,104,50
cs.DC,cs,2025-01,141,50
cs.DC,cs,2025-02,156,50
cs.DC,cs,2025-03,173,50
cs.DC,cs,2025-04,209,50
cs.DC,cs,2025-05,171,50
cs.DC,cs,2025-06,197,50
cs.DC,cs,2025-07,184,50
cs.DC,cs,2025-08,170,50
cs.DC,cs,2025-09,205,50
cs.DC,cs,2025-10,194,50
cs.DC,cs,2025-11,230,50
cs.DC,cs,2025-12,219,50
cs.DL,cs,2018-01,23,23
cs.DL,cs,2018-02,29,29
cs.DL,cs,2018-03,22,22
cs.DL,cs,2018-04,30,30
cs.DL,cs,2018-05,16,16
cs.DL,cs,2018-06,29,29
cs.DL,cs,2018-07,24,24
cs.DL,cs,2018-08,19,19
cs.DL,cs,2018-09,13,13
cs.DL,cs,2018-10,66,50
cs.DL,cs,2018-11,37,37
cs.DL,cs,2018-12,27,27
cs.DL,cs,2019-01,14,14
cs.DL,cs,2019-02,12,12
cs.DL,cs,2019-03,13,13
cs.DL,cs,2019-04,13,13
cs.DL,cs,2019-05,31,31
cs.DL,cs,2019-06,31,31
cs.DL,cs,2019-07,14,14
cs.DL,cs,2019-08,13,13
cs.DL,cs,2019-09,25,25
cs.DL,cs,2019-10,22,22
cs.DL,cs,2019-11,14,14
cs.DL,cs,2019-12,12,12
cs.DL,cs,2020-01,17,17
cs.DL,cs,2020-02,15,15
cs.DL,cs,2020-03,25,25
cs.DL,cs,2020-04,33,33
cs.DL,cs,2020-05,38,38
cs.DL,cs,2020-06,45,45
cs.DL,cs,2020-07,15,15
cs.DL,cs,2020-08,26,26
cs.DL,cs,2020-09,23,23
cs.DL,cs,2020-10,13,13
cs.DL,cs,2020-11,24,24
cs.DL,cs,2020-12,19,19
cs.DL,cs,2021-01,24,24
cs.DL,cs,2021-02,31,31
cs.DL,cs,2021-03,45,45
cs.DL,cs,2021-04,39,39
cs.DL,cs,2021-05,35,35
cs.DL,cs,2021-06,38,38
cs.DL,cs,2021-07,35,35
cs.DL,cs,2021-08,25,25
cs.DL,cs,2021-09,34,34
cs.DL,cs,2021-10,25,25
cs.DL,cs,2021-11,19,19
cs.DL,cs,2021-12,26,26
cs.DL,cs,2022-01,20,20
cs.DL,cs,2022-02,25,25
cs.DL,cs,2022-03,19,19
cs.DL,cs,2022-04,30,30
cs.DL,cs,2022-05,23,23
cs.DL,cs,2022-06,16,16
cs.DL,cs,2022-07,15,15
cs.DL,cs,2022-08,22,22
cs.DL,cs,2022-09,26,26
cs.DL,cs,2022-10,41,41
cs.DL,cs,2022-11,18,18
cs.DL,cs,2022-12,21,21
cs.DL,cs,2023-01,22,22
cs.DL,cs,2023-02,22,22
cs.DL,cs,2023-03,27,27
cs.DL,cs,2023-04,29,29
cs.DL,cs,2023-05,22,22
cs.DL,cs,2023-06,19,19
cs.DL,cs,2023-07,23,23
cs.DL,cs,2023-08,31,31
cs.DL,cs,2023-09,22,22
cs.DL,cs,2023-10,19,19
cs.DL,cs,2023-11,25,25
cs.DL,cs,2023-12,20,20
cs.DL,cs,2024-01,27,27
cs.DL,cs,2024-02,29,29
cs.DL,cs,2024-03,23,23
cs.DL,cs,2024-04,35,35
cs.DL,cs,2024-05,17,17
cs.DL,cs,2024-06,18,18
cs.DL,cs,2024-07,31,31
cs.DL,cs,2024-08,20,20
cs.DL,cs,2024-09,25,25
cs.DL,cs,2024-10,31,31
cs.DL,cs,2024-11,32,32
cs.DL,cs,2024-12,21,21
cs.DL,cs,2025-01,28,28
cs.DL,cs,2025-02,24,24
cs.DL,cs,2025-03,40,40
cs.DL,cs,2025-04,28,28
cs.DL,cs,2025-05,28,28
cs.DL,cs,2025-06,33,33
cs.DL,cs,2025-07,23,23
cs.DL,cs,2025-08,44,44
cs.DL,cs,2025-09,26,26
cs.DL,cs,2025-10,28,28
cs.DL,cs,2025-11,49,49
cs.DL,cs,2025-12,38,38
cs.DM,cs,2018-01,26,26
cs.DM,cs,2018-02,21,21
cs.DM,cs,2018-03,36,36
cs.DM,cs,2018-04,29,29
cs.DM,cs,2018-05,35,35
cs.DM,cs,2018-06,18,18
cs.DM,cs,2018-07,39,39
cs.DM,cs,2018-08,28,28
cs.DM,cs,2018-09,25,25
cs.DM,cs,2018-10,23,23
cs.DM,cs,2018-11,26,26
cs.DM,cs,2018-12,28,28
cs.DM,cs,2019-01,15,15
cs.DM,cs,2019-02,23,23
cs.DM,cs,2019-03,18,18
cs.DM,cs,2019-04,31,31
cs.DM,cs,2019-05,35,35
cs.DM,cs,2019-06,30,30
cs.DM,cs,2019-07,37,37
cs.DM,cs,2019-08,19,19
cs.DM,cs,2019-09,28,28
cs.DM,cs,2019-10,32,32
cs.DM,cs,2019-11,49,49
cs.DM,cs,2019-12,20,20
cs.DM,cs,2020-01,21,21
cs.DM,cs,2020-02,29,29
cs.DM,cs,2020-03,22,22
cs.DM,cs,2020-04,29,29
cs.DM,cs,2020-05,20,20
cs.DM,cs,2020-06,26,26
cs.DM,cs,2020-07,29,29
cs.DM,cs,2020-08,23,23
cs.DM,cs,2020-09,16,16
cs.DM,cs,2020-10,20,20
cs.DM,cs,2020-11,21,21
cs.DM,cs,2020-12,15,15
cs.DM,cs,2021-01,21,21
cs.DM,cs,2021-02,21,21
cs.DM,cs,2021-03,21,21
cs.DM,cs,2021-04,19,19
cs.DM,cs,2021-05,23,23
cs.DM,cs,2021-06,22,22
cs.DM,cs,2021-07,24,24
cs.DM,cs,2021-08,18,18
cs.DM,cs,2021-09,17,17
cs.DM,cs,2021-10,13,13
cs.DM,cs,2021-11,24,24
cs.DM,cs,2021-12,18,18
cs.DM,cs,2022-01,22,22
cs.DM,cs,2022-02,20,20
cs.DM,cs,2022-03,29,29
cs.DM,cs,2022-04,22,22
cs.DM,cs,2022-05,26,26
cs.DM,cs,2022-06,26,26
cs.DM,cs,2022-07,19,19
cs.DM,cs,2022-08,30,30
cs.DM,cs,2022-09,9,9
cs.DM,cs,2022-10,12,12
cs.DM,cs,2022-11,19,19
cs.DM,cs,2022-12,10,10
cs.DM,cs,2023-01,21,21
cs.DM,cs,2023-02,19,19
cs.DM,cs,2023-03,23,23
cs.DM,cs,2023-04,17,17
cs.DM,cs,2023-05,21,21
cs.DM,cs,2023-06,24,24
cs.DM,cs,2023-07,25,25
cs.DM,cs,2023-08,25,25
cs.DM,cs,2023-09,22,22
cs.DM,cs,2023-10,16,16
cs.DM,cs,2023-11,22,22
cs.DM,cs,2023-12,22,22
cs.DM,cs,2024-01,20,20
cs.DM,cs,2024-02,33,33
cs.DM,cs,2024-03,16,16
cs.DM,cs,2024-04,27,27
cs.DM,cs,2024-05,27,27
cs.DM,cs,2024-06,37,37
cs.DM,cs,2024-07,16,16
cs.DM,cs,2024-08,13,13
cs.DM,cs,2024-09,32,32
cs.DM,cs,2024-10,23,23
cs.DM,cs,2024-11,22,22
cs.DM,cs,2024-12,15,15
cs.DM,cs,2025-01,16,16
cs.DM,cs,2025-02,24,24
cs.DM,cs,2025-03,16,16
cs.DM,cs,2025-04,25,25
cs.DM,cs,2025-05,31,31
cs.DM,cs,2025-06,31,31
cs.DM,cs,2025-07,30,30
cs.DM,cs,2025-08,13,13
cs.DM,cs,2025-09,23,23
cs.DM,cs,2025-10,34,34
cs.DM,cs,2025-11,14,14
cs.DM,cs,2025-12,17,17
cs.DS,cs,2018-01,53,50
cs.DS,cs,2018-02,115,50
cs.DS,cs,2018-03,65,50
cs.DS,cs,2018-04,131,50
cs.DS,cs,2018-05,112,50
cs.DS,cs,2018-06,89,50
cs.DS,cs,2018-07,143,50
cs.DS,cs,2018-08,80,50
cs.DS,cs,2018-09,64,50
cs.DS,cs,2018-10,116,50
cs.DS,cs,2018-11,142,50
cs.DS,cs,2018-12,82,50
cs.DS,cs,2019-01,80,50
cs.DS,cs,2019-02,109,50
cs.DS,cs,2019-03,76,50
cs.DS,cs,2019-04,119,50
cs.DS,cs,2019-05,134,50
cs.DS,cs,2019-06,73,50
cs.DS,cs,2019-07,159,50
cs.DS,cs,2019-08,111,50
cs.DS,cs,2019-09,92,50
cs.DS,cs,2019-10,119,50
cs.DS,cs,2019-11,138,50
cs.DS,cs,2019-12,91,50
cs.DS,cs,2020-01,91,50
cs.DS,cs,2020-02,150,50
cs.DS,cs,2020-03,91,50
cs.DS,cs,2020-04,161,50
cs.DS,cs,2020-05,108,50
cs.DS,cs,2020-06,122,50
cs.DS,cs,2020-07,159,50
cs.DS,cs,2020-08,102,50
cs.DS,cs,2020-09,109,50
cs.DS,cs,2020-10,109,50
cs.DS,cs,2020-11,150,50
cs.DS,cs,2020-12,89,50
cs.DS,cs,2021-01,69,50
cs.DS,cs,2021-02,111,50
cs.DS,cs,2021-03,64,50
cs.DS,cs,2021-04,69,50
cs.DS,cs,2021-05,120,50
cs.DS,cs,2021-06,127,50
cs.DS,cs,2021-07,129,50
cs.DS,cs,2021-08,84,50
cs.DS,cs,2021-09,74,50
cs.DS,cs,2021-10,104,50
cs.DS,cs,2021-11,147,50
cs.DS,cs,2021-12,97,50
cs.DS,cs,2022-01,85,50
cs.DS,cs,2022-02,94,50
cs.DS,cs,2022-03,87,50
cs.DS,cs,2022-04,114,50
cs.DS,cs,2022-05,93,50
cs.DS,cs,2022-06,85,50
cs.DS,cs,2022-07,119,50
cs.DS,cs,2022-08,114,50
cs.DS,cs,2022-09,98,50
cs.DS,cs,2022-10,95,50
cs.DS,cs,2022-11,176,50
cs.DS,cs,2022-12,77,50
cs.DS,cs,2023-01,76,50
cs.DS,cs,2023-02,118,50
cs.DS,cs,2023-03,80,50
cs.DS,cs,2023-04,114,50
cs.DS,cs,2023-05,132,50
cs.DS,cs,2023-06,106,50
cs.DS,cs,2023-07,174,50
cs.DS,cs,2023-08,136,50
cs.DS,cs,2023-09,90,50
cs.DS,cs,2023-10,118,50
cs.DS,cs,2023-11,139,50
cs.DS,cs,2023-12,78,50
cs.DS,cs,2024-01,71,50
cs.DS,cs,2024-02,132,50
cs.DS,cs,2024-03,109,50
cs.DS,cs,2024-04,140,50
cs.DS,cs,2024-05,127,50
cs.DS,cs,2024-06,112,50
cs.DS,cs,2024-07,137,50
cs.DS,cs,2024-08,106,50
cs.DS,cs,2024-09,109,50
cs.DS,cs,2024-10,134,50
cs.DS,cs,2024-11,136,50
cs.DS,cs,2024-12,101,50
cs.DS,cs,2025-01,74,50
cs.DS,cs,2025-02,141,50
cs.DS,cs,2025-03,107,50
cs.DS,cs,2025-04,155,50
cs.DS,cs,2025-05,111,50
cs.DS,cs,2025-06,118,50
cs.DS,cs,2025-07,166,50
cs.DS,cs,2025-08,105,50
cs.DS,cs,2025-09,117,50
cs.DS,cs,2025-10,153,50
cs.DS,cs,2025-11,143,50
cs.DS,cs,2025-12,117,50
cs.ET,cs,2018-01,18,18
cs.ET,cs,2018-02,11,11
cs.ET,cs,2018-03,17,17
cs.ET,cs,2018-04,13,13
cs.ET,cs,2018-05,19,19
cs.ET,cs,2018-06,9,9
cs.ET,cs,2018-07,21,21
cs.ET,cs,2018-08,22,22
cs.ET,cs,2018-09,23,23
cs.ET,cs,2018-10,19,19
cs.ET,cs,2018-11,14,14
cs.ET,cs,2018-12,15,15
cs.ET,cs,2019-01,24,24
cs.ET,cs,2019-02,11,11
cs.ET,cs,2019-03,23,23
cs.ET,cs,2019-04,17,17
cs.ET,cs,2019-05,15,15
cs.ET,cs,2019-06,19,19
cs.ET,cs,2019-07,18,18
cs.ET,cs,2019-08,21,21
cs.ET,cs,2019-09,16,16
cs.ET,cs,2019-10,13,13
cs.ET,cs,2019-11,20,20
cs.ET,cs,2019-12,19,19
cs.ET,cs,2020-01,10,10
cs.ET,cs,2020-02,18,18
cs.ET,cs,2020-03,18,18
cs.ET,cs,2020-04,20,20
cs.ET,cs,2020-05,15,15
cs.ET,cs,2020-06,15,15
cs.ET,cs,2020-07,15,15
cs.ET,cs,2020-08,11,11
cs.ET,cs,2020-09,19,19
cs.ET,cs,2020-10,12,12
cs.ET,cs,2020-11,16,16
cs.ET,cs,2020-12,13,13
cs.ET,cs,2021-01,14,14
cs.ET,cs,2021-02,12,12
cs.ET,cs,2021-03,23,23
cs.ET,cs,2021-04,12,12
cs.ET,cs,2021-05,22,22
cs.ET,cs,2021-06,21,21
cs.ET,cs,2021-07,19,19
cs.ET,cs,2021-08,14,14
cs.ET,cs,2021-09,17,17
cs.ET,cs,2021-10,18,18
cs.ET,cs,2021-11,21,21
cs.ET,cs,2021-12,26,26
cs.ET,cs,2022-01,9,9
cs.ET,cs,2022-02,16,16
cs.ET,cs,2022-03,21,21
cs.ET,cs,2022-04,31,31
cs.ET,cs,2022-05,24,24
cs.ET,cs,2022-06,19,19
cs.ET,cs,2022-07,14,14
cs.ET,cs,2022-08,17,17
cs.ET,cs,2022-09,11,11
cs.ET,cs,2022-10,9,9
cs.ET,cs,2022-11,25,25
cs.ET,cs,2022-12,15,15
cs.ET,cs,2023-01,22,22
cs.ET,cs,2023-02,19,19
cs.ET,cs,2023-03,13,13
cs.ET,cs,2023-04,15,15
cs.ET,cs,2023-05,27,27
cs.ET,cs,2023-06,18,18
cs.ET,cs,2023-07,22,22
cs.ET,cs,2023-08,20,20
cs.ET,cs,2023-09,27,27
cs.ET,cs,2023-10,17,17
cs.ET,cs,2023-11,15,15
cs.ET,cs,2023-12,20,20
cs.ET,cs,2024-01,31,31
cs.ET,cs,2024-02,17,17
cs.ET,cs,2024-03,35,35
cs.ET,cs,2024-04,39,39
cs.ET,cs,2024-05,27,27
cs.ET,cs,2024-06,25,25
cs.ET,cs,2024-07,26,26
cs.ET,cs,2024-08,26,26
cs.ET,cs,2024-09,25,25
cs.ET,cs,2024-10,27,27
cs.ET,cs,2024-11,17,17
cs.ET,cs,2024-12,28,28
cs.ET,cs,2025-01,35,35
cs.ET,cs,2025-02,34,34
cs.ET,cs,2025-03,30,30
cs.ET,cs,2025-04,39,39
cs.ET,cs,2025-05,35,35
cs.ET,cs,2025-06,27,27
cs.ET,cs,2025-07,32,32
cs.ET,cs,2025-08,34,34
cs.ET,cs,2025-09,42,42
cs.ET,cs,2025-10,31,31
cs.ET,cs,2025-11,30,30
cs.ET,cs,2025-12,26,26
cs.FL,cs,2018-01,14,14
cs.FL,cs,2018-02,14,14
cs.FL,cs,2018-03,8,8
cs.FL,cs,2018-04,20,20
cs.FL,cs,2018-05,20,20
cs.FL,cs,2018-06,12,12
cs.FL,cs,2018-07,21,21
cs.FL,cs,2018-08,9,9
cs.FL,cs,2018-09,12,12
cs.FL,cs,2018-10,17,17
cs.FL,cs,2018-11,14,14
cs.FL,cs,2018-12,14,14
cs.FL,cs,2019-01,13,13
cs.FL,cs,2019-02,24,24
cs.FL,cs,2019-03,24,24
cs.FL,cs,2019-04,26,26
cs.FL,cs,2019-05,19,19
cs.FL,cs,2019-06,19,19
cs.FL,cs,2019-07,21,21
cs.FL,cs,2019-08,11,11
cs.FL,cs,2019-09,25,25
cs.FL,cs,2019-10,19,19
cs.FL,cs,2019-11,20,20
cs.FL,cs,2019-12,12,12
cs.FL,cs,2020-01,16,16
cs.FL,cs,2020-02,25,25
cs.FL,cs,2020-03,8,8
cs.FL,cs,2020-04,15,15
cs.FL,cs,2020-05,27,27
cs.FL,cs,2020-06,14,14
cs.FL,cs,2020-07,23,23
cs.FL,cs,2020-08,18,18
cs.FL,cs,2020-09,13,13
cs.FL,cs,2020-10,15,15
cs.FL,cs,2020-11,28,28
cs.FL,cs,2020-12,19,19
cs.FL,cs,2021-01,19,19
cs.FL,cs,2021-02,25,25
cs.FL,cs,2021-03,23,23
cs.FL,cs,2021-04,18,18
cs.FL,cs,2021-05,38,38
cs.FL,cs,2021-06,22,22
cs.FL,cs,2021-07,15,15
cs.FL,cs,2021-08,18,18
cs.FL,cs,2021-09,16,16
cs.FL,cs,2021-10,15,15
cs.FL,cs,2021-11,22,22
cs.FL,cs,2021-12,11,11
cs.FL,cs,2022-01,13,13
cs.FL,cs,2022-02,13,13
cs.FL,cs,2022-03,18,18
cs.FL,cs,2022-04,9,9
cs.FL,cs,2022-05,22,22
cs.FL,cs,2022-06,22,22
cs.FL,cs,2022-07,20,20
cs.FL,cs,2022-08,24,24
cs.FL,cs,2022-09,30,30
cs.FL,cs,2022-10,15,15
cs.FL,cs,2022-11,14,14
cs.FL,cs,2022-12,20,20
cs.FL,cs,2023-01,19,19
cs.FL,cs,2023-02,23,23
cs.FL,cs,2023-03,10,10
cs.FL,cs,2023-04,20,20
cs.FL,cs,2023-05,24,24
cs.FL,cs,2023-06,21,21
cs.FL,cs,2023-07,32,32
cs.FL,cs,2023-08,16,16
cs.FL,cs,2023-09,40,40
cs.FL,cs,2023-10,25,25
cs.FL,cs,2023-11,19,19
cs.FL,cs,2023-12,7,7
cs.FL,cs,2024-01,22,22
cs.FL,cs,2024-02,17,17
cs.FL,cs,2024-03,9,9
cs.FL,cs,2024-04,21,21
cs.FL,cs,2024-05,25,25
cs.FL,cs,2024-06,25,25
cs.FL,cs,2024-07,27,27
cs.FL,cs,2024-08,17,17
cs.FL,cs,2024-09,31,31
cs.FL,cs,2024-10,27,27
cs.FL,cs,2024-11,17,17
cs.FL,cs,2024-12,12,12
cs.FL,cs,2025-01,16,16
cs.FL,cs,2025-02,17,17
cs.FL,cs,2025-03,24,24
cs.FL,cs,2025-04,33,33
cs.FL,cs,2025-05,17,17
cs.FL,cs,2025-06,21,21
cs.FL,cs,2025-07,26,26
cs.FL,cs,2025-08,21,21
cs.FL,cs,2025-09,22,22
cs.FL,cs,2025-10,19,19
cs.FL,cs,2025-11,19,19
cs.FL,cs,2025-12,17,17
cs.GL,cs,2018-06,3,3
cs.GL,cs,2018-07,4,4
cs.GL,cs,2018-10,1,1
cs.GL,cs,2018-11,1,1
cs.GL,cs,2019-01,1,1
cs.GL,cs,2019-03,2,2
cs.GL,cs,2019-04,1,1
cs.GL,cs,2019-05,1,1
cs.GL,cs,2019-07,3,3
cs.GL,cs,2019-08,2,2
cs.GL,cs,2019-09,1,1
cs.GL,cs,2020-03,1,1
cs.GL,cs,2020-05,1,1
cs.GL,cs,2020-06,1,1
cs.GL,cs,2020-08,2,2
cs.GL,cs,2020-10,1,1
cs.GL,cs,2020-12,1,1
cs.GL,cs,2021-04,2,2
cs.GL,cs,2021-05,2,2
cs.GL,cs,2021-09,1,1
cs.GL,cs,2022-01,1,1
cs.GL,cs,2022-05,1,1
cs.GL,cs,2022-06,2,2
cs.GL,cs,2022-07,1,1
cs.GL,cs,2022-08,1,1
cs.GL,cs,2022-09,1,1
cs.GL,cs,2023-03,1,1
cs.GL,cs,2023-04,1,1
cs.GL,cs,2023-07,1,1
cs.GL,cs,2023-09,2,2
cs.GL,cs,2023-11,1,1
cs.GL,cs,2024-02,2,2
cs.GL,cs,2024-03,1,1
cs.GL,cs,2024-05,1,1
cs.GL,cs,2024-07,2,2
cs.GL,cs,2025-01,1,1
cs.GL,cs,2025-03,1,1
cs.GL,cs,2025-10,1,1
cs.GL,cs,2025-11,1,1
cs.GR,cs,2018-01,10,10
cs.GR,cs,2018-02,11,11
cs.GR,cs,2018-03,9,9
cs.GR,cs,2018-04,17,17
cs.GR,cs,2018-05,21,21
cs.GR,cs,2018-06,22,22
cs.GR,cs,2018-07,17,17
cs.GR,cs,2018-08,16,16
cs.GR,cs,2018-09,17,17
cs.GR,cs,2018-10,18,18
cs.GR,cs,2018-11,26,26
cs.GR,cs,2018-12,18,18
cs.GR,cs,2019-01,17,17
cs.GR,cs,2019-02,14,14
cs.GR,cs,2019-03,10,10
cs.GR,cs,2019-04,27,27
cs.GR,cs,2019-05,15,15
cs.GR,cs,2019-06,32,32
cs.GR,cs,2019-07,28,28
cs.GR,cs,2019-08,26,26
cs.GR,cs,2019-09,18,18
cs.GR,cs,2019-10,23,23
cs.GR,cs,2019-11,16,16
cs.GR,cs,2019-12,29,29
cs.GR,cs,2020-01,10,10
cs.GR,cs,2020-02,22,22
cs.GR,cs,2020-03,18,18
cs.GR,cs,2020-04,20,20
cs.GR,cs,2020-05,29,29
cs.GR,cs,2020-06,19,19
cs.GR,cs,2020-07,29,29
cs.GR,cs,2020-08,26,26
cs.GR,cs,2020-09,46,46
cs.GR,cs,2020-10,21,21
cs.GR,cs,2020-11,21,21
cs.GR,cs,2020-12,13,13
cs.GR,cs,2021-01,14,14
cs.GR,cs,2021-02,17,17
cs.GR,cs,2021-03,28,28
cs.GR,cs,2021-04,24,24
cs.GR,cs,2021-05,19,19
cs.GR,cs,2021-06,21,21
cs.GR,cs,2021-07,22,22
cs.GR,cs,2021-08,21,21
cs.GR,cs,2021-09,27,27
cs.GR,cs,2021-10,17,17
cs.GR,cs,2021-11,23,23
cs.GR,cs,2021-12,19,19
cs.GR,cs,2022-01,28,28
cs.GR,cs,2022-02,27,27
cs.GR,cs,2022-03,22,22
cs.GR,cs,2022-04,23,23
cs.GR,cs,2022-05,34,34
cs.GR,cs,2022-06,29,29
cs.GR,cs,2022-07,17,17
cs.GR,cs,2022-08,39,39
cs.GR,cs,2022-09,23,23
cs.GR,cs,2022-10,26,26
cs.GR,cs,2022-11,27,27
cs.GR,cs,2022-12,18,18
cs.GR,cs,2023-01,29,29
cs.GR,cs,2023-02,26,26
cs.GR,cs,2023-03,28,28
cs.GR,cs,2023-04,23,23
cs.GR,cs,2023-05,50,50
cs.GR,cs,2023-06,41,41
cs.GR,cs,2023-07,24,24
cs.GR,cs,2023-08,35,35
cs.GR,cs,2023-09,36,36
cs.GR,cs,2023-10,42,42
cs.GR,cs,2023-11,25,25
cs.GR,cs,2023-12,30,30
cs.GR,cs,2024-01,33,33
cs.GR,cs,2024-02,31,31
cs.GR,cs,2024-03,31,31
cs.GR,cs,2024-04,26,26
cs.GR,cs,2024-05,57,50
cs.GR,cs,2024-06,36,36
cs.GR,cs,2024-07,36,36
cs.GR,cs,2024-08,27,27
cs.GR,cs,2024-09,41,41
cs.GR,cs,2024-10,34,34
cs.GR,cs,2024-11,22,22
cs.GR,cs,2024-12,26,26
cs.GR,cs,2025-01,23,23
cs.GR,cs,2025-02,55,50
cs.GR,cs,2025-03,123,50
cs.GR,cs,2025-04,125,50
cs.GR,cs,2025-05,100,50
cs.GR,cs,2025-06,134,50
cs.GR,cs,2025-07,87,50
cs.GR,cs,2025-08,83,50
cs.GR,cs,2025-09,112,50
cs.GR,cs,2025-10,84,50
cs.GR,cs,2025-11,38,38
cs.GR,cs,2025-12,33,33
cs.GT,cs,2018-01,18,18
cs.GT,cs,2018-02,36,36
cs.GT,cs,2018-03,37,37
cs.GT,cs,2018-04,49,49
cs.GT,cs,2018-05,42,42
cs.GT,cs,2018-06,37,37
cs.GT,cs,2018-07,40,40
cs.GT,cs,2018-08,39,39
cs.GT,cs,2018-09,45,45
cs.GT,cs,2018-10,39,39
cs.GT,cs,2018-11,46,46
cs.GT,cs,2018-12,27,27
cs.GT,cs,2019-01,26,26
cs.GT,cs,2019-02,47,47
cs.GT,cs,2019-03,38,38
cs.GT,cs,2019-04,37,37
cs.GT,cs,2019-05,70,50
cs.GT,cs,2019-06,48,48
cs.GT,cs,2019-07,61,50
cs.GT,cs,2019-08,19,19
cs.GT,cs,2019-09,48,48
cs.GT,cs,2019-10,38,38
cs.GT,cs,2019-11,63,50
cs.GT,cs,2019-12,31,31
cs.GT,cs,2020-01,44,44
cs.GT,cs,2020-02,74,50
cs.GT,cs,2020-03,42,42
cs.GT,cs,2020-04,35,35
cs.GT,cs,2020-05,48,48
cs.GT,cs,2020-06,61,50
cs.GT,cs,2020-07,87,50
cs.GT,cs,2020-08,24,24
cs.GT,cs,2020-09,50,50
cs.GT,cs,2020-10,39,39
cs.GT,cs,2020-11,44,44
cs.GT,cs,2020-12,58,50
cs.GT,cs,2021-01,38,38
cs.GT,cs,2021-02,69,50
cs.GT,cs,2021-03,57,50
cs.GT,cs,2021-04,42,42
cs.GT,cs,2021-05,60,50
cs.GT,cs,2021-06,87,50
cs.GT,cs,2021-07,86,50
cs.GT,cs,2021-08,27,27
cs.GT,cs,2021-09,58,50
cs.GT,cs,2021-10,55,50
cs.GT,cs,2021-11,59,50
cs.GT,cs,2021-12,50,50
cs.GT,cs,2022-01,57,50
cs.GT,cs,2022-02,78,50
cs.GT,cs,2022-03,63,50
cs.GT,cs,2022-04,62,50
cs.GT,cs,2022-05,77,50
cs.GT,cs,2022-06,46,46
cs.GT,cs,2022-07,64,50
cs.GT,cs,2022-08,53,50
cs.GT,cs,2022-09,64,50
cs.GT,cs,2022-10,62,50
cs.GT,cs,2022-11,57,50
cs.GT,cs,2022-12,31,31
cs.GT,cs,2023-01,72,50
cs.GT,cs,2023-02,89,50
cs.GT,cs,2023-03,54,50
cs.GT,cs,2023-04,52,50
cs.GT,cs,2023-05,112,50
cs.GT,cs,2023-06,60,50
cs.GT,cs,2023-07,79,50
cs.GT,cs,2023-08,50,50
cs.GT,cs,2023-09,51,50
cs.GT,cs,2023-10,90,50
cs.GT,cs,2023-11,56,50
cs.GT,cs,2023-12,89,50
cs.GT,cs,2024-01,60,50
cs.GT,cs,2024-02,138,50
cs.GT,cs,2024-03,92,50
cs.GT,cs,2024-04,70,50
cs.GT,cs,2024-05,94,50
cs.GT,cs,2024-06,78,50
cs.GT,cs,2024-07,69,50
cs.GT,cs,2024-08,73,50
cs.GT,cs,2024-09,67,50
cs.GT,cs,2024-10,105,50
cs.GT,cs,2024-11,68,50
cs.GT,cs,2024-12,78,50
cs.GT,cs,2025-01,69,50
cs.GT,cs,2025-02,141,50
cs.GT,cs,2025-03,64,50
cs.GT,cs,2025-04,49,49
cs.GT,cs,2025-05,97,50
cs.GT,cs,2025-06,78,50
cs.GT,cs,2025-07,71,50
cs.GT,cs,2025-08,77,50
cs.GT,cs,2025-09,65,50
cs.GT,cs,2025-10,97,50
cs.GT,cs,2025-11,100,50
cs.GT,cs,2025-12,84,50
cs.HC,cs,2018-01,37,37
cs.HC,cs,2018-02,39,39
cs.HC,cs,2018-03,51,50
cs.HC,cs,2018-04,44,44
cs.HC,cs,2018-05,45,45
cs.HC,cs,2018-06,40,40
cs.HC,cs,2018-07,34,34
cs.HC,cs,2018-08,39,39
cs.HC,cs,2018-09,61,50
cs.HC,cs,2018-10,46,46
cs.HC,cs,2018-11,54,50
cs.HC,cs,2018-12,53,50
cs.HC,cs,2019-01,38,38
cs.HC,cs,2019-02,52,50
cs.HC,cs,2019-03,65,50
cs.HC,cs,2019-04,73,50
cs.HC,cs,2019-05,70,50
cs.HC,cs,2019-06,71,50
cs.HC,cs,2019-07,109,50
cs.HC,cs,2019-08,95,50
cs.HC,cs,2019-09,78,50
cs.HC,cs,2019-10,72,50
cs.HC,cs,2019-11,62,50
cs.HC,cs,2019-12,53,50
cs.HC,cs,2020-01,96,50
cs.HC,cs,2020-02,100,50
cs.HC,cs,2020-03,72,50
cs.HC,cs,2020-04,82,50
cs.HC,cs,2020-05,99,50
cs.HC,cs,2020-06,89,50
cs.HC,cs,2020-07,89,50
cs.HC,cs,2020-08,111,50
cs.HC,cs,2020-09,134,50
cs.HC,cs,2020-10,111,50
cs.HC,cs,2020-11,68,50
cs.HC,cs,2020-12,83,50
cs.HC,cs,2021-01,145,50
cs.HC,cs,2021-02,107,50
cs.HC,cs,2021-03,106,50
cs.HC,cs,2021-04,99,50
cs.HC,cs,2021-05,95,50
cs.HC,cs,2021-06,95,50
cs.HC,cs,2021-07,111,50
cs.HC,cs,2021-08,115,50
cs.HC,cs,2021-09,116,50
cs.HC,cs,2021-10,106,50
cs.HC,cs,2021-11,87,50
cs.HC,cs,2021-12,95,50
cs.HC,cs,2022-01,119,50
cs.HC,cs,2022-02,124,50
cs.HC,cs,2022-03,106,50
cs.HC,cs,2022-04,144,50
cs.HC,cs,2022-05,122,50
cs.HC,cs,2022-06,91,50
cs.HC,cs,2022-07,117,50
cs.HC,cs,2022-08,154,50
cs.HC,cs,2022-09,149,50
cs.HC,cs,2022-10,131,50
cs.HC,cs,2022-11,100,50
cs.HC,cs,2022-12,108,50
cs.HC,cs,2023-01,121,50
cs.HC,cs,2023-02,176,50
cs.HC,cs,2023-03,225,50
cs.HC,cs,2023-04,174,50
cs.HC,cs,2023-05,173,50
cs.HC,cs,2023-06,167,50
cs.HC,cs,2023-07,167,50
cs.HC,cs,2023-08,254,50
cs.HC,cs,2023-09,206,50
cs.HC,cs,2023-10,213,50
cs.HC,cs,2023-11,173,50
cs.HC,cs,2023-12,162,50
cs.HC,cs,2024-01,247,50
cs.HC,cs,2024-02,260,50
cs.HC,cs,2024-03,294,50
cs.HC,cs,2024-04,361,50
cs.HC,cs,2024-05,309,50
cs.HC,cs,2024-06,177,50
cs.HC,cs,2024-07,312,50
cs.HC,cs,2024-08,279,50
cs.HC,cs,2024-09,330,50
cs.HC,cs,2024-10,326,50
cs.HC,cs,2024-11,309,50
cs.HC,cs,2024-12,239,50
cs.HC,cs,2025-01,251,50
cs.HC,cs,2025-02,363,50
cs.HC,cs,2025-03,472,50
cs.HC,cs,2025-04,453,50
cs.HC,cs,2025-05,298,50
cs.HC,cs,2025-06,308,50
cs.HC,cs,2025-07,425,50
cs.HC,cs,2025-08,403,50
cs.HC,cs,2025-09,392,50
cs.HC,cs,2025-10,340,50
cs.HC,cs,2025-11,285,50
cs.HC,cs,2025-12,259,50
cs.IR,cs,2018-01,35,35
cs.IR,cs,2018-02,34,34
cs.IR,cs,2018-03,41,41
cs.IR,cs,2018-04,41,41
cs.IR,cs,2018-05,71,50
cs.IR,cs,2018-06,52,50
cs.IR,cs,2018-07,74,50
cs.IR,cs,2018-08,68,50
cs.IR,cs,2018-09,86,50
cs.IR,cs,2018-10,70,50
cs.IR,cs,2018-11,69,50
cs.IR,cs,2018-12,62,50
cs.IR,cs,2019-01,62,50
cs.IR,cs,2019-02,49,49
cs.IR,cs,2019-03,47,47
cs.IR,cs,2019-04,102,50
cs.IR,cs,2019-05,89,50
cs.IR,cs,2019-06,63,50
cs.IR,cs,2019-07,108,50
cs.IR,cs,2019-08,86,50
cs.IR,cs,2019-09,74,50
cs.IR,cs,2019-10,58,50
cs.IR,cs,2019-11,55,50
cs.IR,cs,2019-12,53,50
cs.IR,cs,2020-01,78,50
cs.IR,cs,2020-02,50,50
cs.IR,cs,2020-03,56,50
cs.IR,cs,2020-04,88,50
cs.IR,cs,2020-05,130,50
cs.IR,cs,2020-06,86,50
cs.IR,cs,2020-07,102,50
cs.IR,cs,2020-08,91,50
cs.IR,cs,2020-09,72,50
cs.IR,cs,2020-10,90,50
cs.IR,cs,2020-11,64,50
cs.IR,cs,2020-12,93,50
cs.IR,cs,2021-01,82,50
cs.IR,cs,2021-02,100,50
cs.IR,cs,2021-03,82,50
cs.IR,cs,2021-04,87,50
cs.IR,cs,2021-05,128,50
cs.IR,cs,2021-06,124,50
cs.IR,cs,2021-07,74,50
cs.IR,cs,2021-08,122,50
cs.IR,cs,2021-09,114,50
cs.IR,cs,2021-10,104,50
cs.IR,cs,2021-11,82,50
cs.IR,cs,2021-12,102,50
cs.IR,cs,2022-01,109,50
cs.IR,cs,2022-02,84,50
cs.IR,cs,2022-03,89,50
cs.IR,cs,2022-04,156,50
cs.IR,cs,2022-05,125,50
cs.IR,cs,2022-06,111,50
cs.IR,cs,2022-07,96,50
cs.IR,cs,2022-08,133,50
cs.IR,cs,2022-09,104,50
cs.IR,cs,2022-10,120,50
cs.IR,cs,2022-11,97,50
cs.IR,cs,2022-12,72,50
cs.IR,cs,2023-01,83,50
cs.IR,cs,2023-02,104,50
cs.IR,cs,2023-03,101,50
cs.IR,cs,2023-04,154,50
cs.IR,cs,2023-05,205,50
cs.IR,cs,2023-06,157,50
cs.IR,cs,2023-07,131,50
cs.IR,cs,2023-08,199,50
cs.IR,cs,2023-09,121,50
cs.IR,cs,2023-10,141,50
cs.IR,cs,2023-11,146,50
cs.IR,cs,2023-12,130,50
cs.IR,cs,2024-01,168,50
cs.IR,cs,2024-02,183,50
cs.IR,cs,2024-03,186,50
cs.IR,cs,2024-04,192,50
cs.IR,cs,2024-05,179,50
cs.IR,cs,2024-06,196,50
cs.IR,cs,2024-07,174,50
cs.IR,cs,2024-08,184,50
cs.IR,cs,2024-09,192,50
cs.IR,cs,2024-10,216,50
cs.IR,cs,2024-11,151,50
cs.IR,cs,2024-12,176,50
cs.IR,cs,2025-01,153,50
cs.IR,cs,2025-02,223,50
cs.IR,cs,2025-03,138,50
cs.IR,cs,2025-04,299,50
cs.IR,cs,2025-05,268,50
cs.IR,cs,2025-06,217,50
cs.IR,cs,2025-07,214,50
cs.IR,cs,2025-08,298,50
cs.IR,cs,2025-09,216,50
cs.IR,cs,2025-10,236,50
cs.IR,cs,2025-11,178,50
cs.IR,cs,2025-12,136,50
cs.IT,cs,2018-01,359,50
cs.IT,cs,2018-02,200,50
cs.IT,cs,2018-03,194,50
cs.IT,cs,2018-04,199,50
cs.IT,cs,2018-05,245,50
cs.IT,cs,2018-06,208,50
cs.IT,cs,2018-07,172,50
cs.IT,cs,2018-08,178,50
cs.IT,cs,2018-09,170,50
cs.IT,cs,2018-10,161,50
cs.IT,cs,2018-11,166,50
cs.IT,cs,2018-12,162,50
cs.IT,cs,2019-01,304,50
cs.IT,cs,2019-02,195,50
cs.IT,cs,2019-03,202,50
cs.IT,cs,2019-04,219,50
cs.IT,cs,2019-05,168,50
cs.IT,cs,2019-06,118,50
cs.IT,cs,2019-07,184,50
cs.IT,cs,2019-08,143,50
cs.IT,cs,2019-09,151,50
cs.IT,cs,2019-10,204,50
cs.IT,cs,2019-11,184,50
cs.IT,cs,2019-12,177,50
cs.IT,cs,2020-01,296,50
cs.IT,cs,2020-02,197,50
cs.IT,cs,2020-03,163,50
cs.IT,cs,2020-04,174,50
cs.IT,cs,2020-05,210,50
cs.IT,cs,2020-06,171,50
cs.IT,cs,2020-07,197,50
cs.IT,cs,2020-08,162,50
cs.IT,cs,2020-09,180,50
cs.IT,cs,2020-10,210,50
cs.IT,cs,2020-11,194,50
cs.IT,cs,2020-12,200,50
cs.IT,cs,2021-01,232,50
cs.IT,cs,2021-02,268,50
cs.IT,cs,2021-03,241,50
cs.IT,cs,2021-04,192,50
cs.IT,cs,2021-05,276,50
cs.IT,cs,2021-06,204,50
cs.IT,cs,2021-07,210,50
cs.IT,cs,2021-08,187,50
cs.IT,cs,2021-09,188,50
cs.IT,cs,2021-10,219,50
cs.IT,cs,2021-11,202,50
cs.IT,cs,2021-12,209,50
cs.IT,cs,2022-01,244,50
cs.IT,cs,2022-02,267,50
cs.IT,cs,2022-03,187,50
cs.IT,cs,2022-04,155,50
cs.IT,cs,2022-05,272,50
cs.IT,cs,2022-06,212,50
cs.IT,cs,2022-07,194,50
cs.IT,cs,2022-08,233,50
cs.IT,cs,2022-09,184,50
cs.IT,cs,2022-10,212,50
cs.IT,cs,2022-11,206,50
cs.IT,cs,2022-12,171,50
cs.IT,cs,2023-01,164,50
cs.IT,cs,2023-02,169,50
cs.IT,cs,2023-03,210,50
cs.IT,cs,2023-04,189,50
cs.IT,cs,2023-05,324,50
cs.IT,cs,2023-06,169,50
cs.IT,cs,2023-07,198,50
cs.IT,cs,2023-08,199,50
cs.IT,cs,2023-09,194,50
cs.IT,cs,2023-10,208,50
cs.IT,cs,2023-11,206,50
cs.IT,cs,2023-12,208,50
cs.IT,cs,2024-01,337,50
cs.IT,cs,2024-02,207,50
cs.IT,cs,2024-03,230,50
cs.IT,cs,2024-04,245,50
cs.IT,cs,2024-05,277,50
cs.IT,cs,2024-06,164,50
cs.IT,cs,2024-07,196,50
cs.IT,cs,2024-08,161,50
cs.IT,cs,2024-09,170,50
cs.IT,cs,2024-10,193,50
cs.IT,cs,2024-11,153,50
cs.IT,cs,2024-12,152,50
cs.IT,cs,2025-01,277,50
cs.IT,cs,2025-02,177,50
cs.IT,cs,2025-03,134,50
cs.IT,cs,2025-04,211,50
cs.IT,cs,2025-05,157,50
cs.IT,cs,2025-06,177,50
cs.IT,cs,2025-07,207,50
cs.IT,cs,2025-08,147,50
cs.IT,cs,2025-09,175,50
cs.IT,cs,2025-10,192,50
cs.IT,cs,2025-11,174,50
cs.IT,cs,2025-12,179,50
cs.LG,cs,2018-01,162,50
cs.LG,cs,2018-02,415,50
cs.LG,cs,2018-03,302,50
cs.LG,cs,2018-04,226,50
cs.LG,cs,2018-05,418,50
cs.LG,cs,2018-06,397,50
cs.LG,cs,2018-07,377,50
cs.LG,cs,2018-08,276,50
cs.LG,cs,2018-09,407,50
cs.LG,cs,2018-10,601,50
cs.LG,cs,2018-11,629,50
cs.LG,cs,2018-12,525,50
cs.LG,cs,2019-01,566,50
cs.LG,cs,2019-02,612,50
cs.LG,cs,2019-03,499,50
cs.LG,cs,2019-04,583,50
cs.LG,cs,2019-05,1082,50
cs.LG,cs,2019-06,886,50
cs.LG,cs,2019-07,667,50
cs.LG,cs,2019-08,479,50
cs.LG,cs,2019-09,758,50
cs.LG,cs,2019-10,1031,50
cs.LG,cs,2019-11,932,50
cs.LG,cs,2019-12,736,50
cs.LG,cs,2020-01,577,50
cs.LG,cs,2020-02,1029,50
cs.LG,cs,2020-03,714,50
cs.LG,cs,2020-04,680,50
cs.LG,cs,2020-05,628,50
cs.LG,cs,2020-06,1579,50
cs.LG,cs,2020-07,1048,50
cs.LG,cs,2020-08,633,50
cs.LG,cs,2020-09,800,50
cs.LG,cs,2020-10,1366,50
cs.LG,cs,2020-11,961,50
cs.LG,cs,2020-12,1081,50
cs.LG,cs,2021-01,722,50
cs.LG,cs,2021-02,1236,50
cs.LG,cs,2021-03,1061,50
cs.LG,cs,2021-04,866,50
cs.LG,cs,2021-05,976,50
cs.LG,cs,2021-06,1654,50
cs.LG,cs,2021-07,1002,50
cs.LG,cs,2021-08,805,50
cs.LG,cs,2021-09,970,50
cs.LG,cs,2021-10,1516,50
cs.LG,cs,2021-11,1202,50
cs.LG,cs,2021-12,1073,50
cs.LG,cs,2022-01,931,50
cs.LG,cs,2022-02,1265,50
cs.LG,cs,2022-03,1090,50
cs.LG,cs,2022-04,812,50
cs.LG,cs,2022-05,1385,50
cs.LG,cs,2022-06,1512,50
cs.LG,cs,2022-07,996,50
cs.LG,cs,2022-08,912,50
cs.LG,cs,2022-09,1049,50
cs.LG,cs,2022-10,1608,50
cs.LG,cs,2022-11,1274,50
cs.LG,cs,2022-12,914,50
cs.LG,cs,2023-01,1008,50
cs.LG,cs,2023-02,1566,50
cs.LG,cs,2023-03,1286,50
cs.LG,cs,2023-04,949,50
cs.LG,cs,2023-05,1669,50
cs.LG,cs,2023-06,1658,50
cs.LG,cs,2023-07,1177,50
cs.LG,cs,2023-08,1072,50
cs.LG,cs,2023-09,1160,50
cs.LG,cs,2023-10,2087,50
cs.LG,cs,2023-11,1344,50
cs.LG,cs,2023-12,1360,50
cs.LG,cs,2024-01,1164,50
cs.LG,cs,2024-02,2058,50
cs.LG,cs,2024-03,1412,50
cs.LG,cs,2024-04,1275,50
cs.LG,cs,2024-05,2069,50
cs.LG,cs,2024-06,1940,50
cs.LG,cs,2024-07,1578,50
cs.LG,cs,2024-08,1280,50
cs.LG,cs,2024-09,1391,50
cs.LG,cs,2024-10,2634,50
cs.LG,cs,2024-11,1608,50
cs.LG,cs,2024-12,1648,50
cs.LG,cs,2025-01,1671,50
cs.LG,cs,2025-02,2433,50
cs.LG,cs,2025-03,1960,50
cs.LG,cs,2025-04,1585,50
cs.LG,cs,2025-05,2717,50
cs.LG,cs,2025-06,2374,50
cs.LG,cs,2025-07,1861,50
cs.LG,cs,2025-08,1837,50
cs.LG,cs,2025-09,2331,50
cs.LG,cs,2025-10,2926,50
cs.LG,cs,2025-11,2202,50
cs.LG,cs,2025-12,1994,50
cs.LO,cs,2018-01,48,48
cs.LO,cs,2018-02,83,50
cs.LO,cs,2018-03,57,50
cs.LO,cs,2018-04,96,50
cs.LO,cs,2018-05,57,50
cs.LO,cs,2018-06,56,50
cs.LO,cs,2018-07,50,50
cs.LO,cs,2018-08,50,50
cs.LO,cs,2018-09,49,49
cs.LO,cs,2018-10,79,50
cs.LO,cs,2018-11,55,50
cs.LO,cs,2018-12,45,45
cs.LO,cs,2019-01,50,50
cs.LO,cs,2019-02,69,50
cs.LO,cs,2019-03,42,42
cs.LO,cs,2019-04,91,50
cs.LO,cs,2019-05,72,50
cs.LO,cs,2019-06,54,50
cs.LO,cs,2019-07,90,50
cs.LO,cs,2019-08,51,50
cs.LO,cs,2019-09,63,50
cs.LO,cs,2019-10,79,50
cs.LO,cs,2019-11,46,46
cs.LO,cs,2019-12,58,50
cs.LO,cs,2020-01,59,50
cs.LO,cs,2020-02,59,50
cs.LO,cs,2020-03,59,50
cs.LO,cs,2020-04,71,50
cs.LO,cs,2020-05,74,50
cs.LO,cs,2020-06,59,50
cs.LO,cs,2020-07,83,50
cs.LO,cs,2020-08,69,50
cs.LO,cs,2020-09,68,50
cs.LO,cs,2020-10,72,50
cs.LO,cs,2020-11,28,28
cs.LO,cs,2020-12,41,41
cs.LO,cs,2021-01,67,50
cs.LO,cs,2021-02,62,50
cs.LO,cs,2021-03,52,50
cs.LO,cs,2021-04,90,50
cs.LO,cs,2021-05,79,50
cs.LO,cs,2021-06,61,50
cs.LO,cs,2021-07,84,50
cs.LO,cs,2021-08,66,50
cs.LO,cs,2021-09,75,50
cs.LO,cs,2021-10,52,50
cs.LO,cs,2021-11,49,49
cs.LO,cs,2021-12,59,50
cs.LO,cs,2022-01,45,45
cs.LO,cs,2022-02,54,50
cs.LO,cs,2022-03,49,49
cs.LO,cs,2022-04,75,50
cs.LO,cs,2022-05,94,50
cs.LO,cs,2022-06,59,50
cs.LO,cs,2022-07,69,50
cs.LO,cs,2022-08,51,50
cs.LO,cs,2022-09,57,50
cs.LO,cs,2022-10,51,50
cs.LO,cs,2022-11,47,47
cs.LO,cs,2022-12,50,50
cs.LO,cs,2023-01,62,50
cs.LO,cs,2023-02,63,50
cs.LO,cs,2023-03,81,50
cs.LO,cs,2023-04,73,50
cs.LO,cs,2023-05,105,50
cs.LO,cs,2023-06,67,50
cs.LO,cs,2023-07,113,50
cs.LO,cs,2023-08,65,50
cs.LO,cs,2023-09,68,50
cs.LO,cs,2023-10,87,50
cs.LO,cs,2023-11,64,50
cs.LO,cs,2023-12,51,50
cs.LO,cs,2024-01,78,50
cs.LO,cs,2024-02,75,50
cs.LO,cs,2024-03,56,50
cs.LO,cs,2024-04,94,50
cs.LO,cs,2024-05,95,50
cs.LO,cs,2024-06,55,50
cs.LO,cs,2024-07,74,50
cs.LO,cs,2024-08,57,50
cs.LO,cs,2024-09,34,34
cs.LO,cs,2024-10,65,50
cs.LO,cs,2024-11,64,50
cs.LO,cs,2024-12,59,50
cs.LO,cs,2025-01,92,50
cs.LO,cs,2025-02,70,50
cs.LO,cs,2025-03,56,50
cs.LO,cs,2025-04,80,50
cs.LO,cs,2025-05,119,50
cs.LO,cs,2025-06,82,50
cs.LO,cs,2025-07,97,50
cs.LO,cs,2025-08,75,50
cs.LO,cs,2025-09,73,50
cs.LO,cs,2025-10,92,50
cs.LO,cs,2025-11,84,50
cs.LO,cs,2025-12,81,50
cs.MA,cs,2018-01,18,18
cs.MA,cs,2018-02,18,18
cs.MA,cs,2018-03,14,14
cs.MA,cs,2018-04,11,11
cs.MA,cs,2018-05,18,18
cs.MA,cs,2018-06,12,12
cs.MA,cs,2018-07,20,20
cs.MA,cs,2018-08,6,6
cs.MA,cs,2018-09,15,15
cs.MA,cs,2018-10,16,16
cs.MA,cs,2018-11,20,20
cs.MA,cs,2018-12,12,12
cs.MA,cs,2019-01,18,18
cs.MA,cs,2019-02,21,21
cs.MA,cs,2019-03,23,23
cs.MA,cs,2019-04,14,14
cs.MA,cs,2019-05,38,38
cs.MA,cs,2019-06,14,14
cs.MA,cs,2019-07,22,22
cs.MA,cs,2019-08,13,13
cs.MA,cs,2019-09,35,35
cs.MA,cs,2019-10,23,23
cs.MA,cs,2019-11,19,19
cs.MA,cs,2019-12,23,23
cs.MA,cs,2020-01,17,17
cs.MA,cs,2020-02,27,27
cs.MA,cs,2020-03,22,22
cs.MA,cs,2020-04,20,20
cs.MA,cs,2020-05,10,10
cs.MA,cs,2020-06,27,27
cs.MA,cs,2020-07,20,20
cs.MA,cs,2020-08,14,14
cs.MA,cs,2020-09,24,24
cs.MA,cs,2020-10,29,29
cs.MA,cs,2020-11,18,18
cs.MA,cs,2020-12,27,27
cs.MA,cs,2021-01,19,19
cs.MA,cs,2021-02,32,32
cs.MA,cs,2021-03,20,20
cs.MA,cs,2021-04,21,21
cs.MA,cs,2021-05,33,33
cs.MA,cs,2021-06,26,26
cs.MA,cs,2021-07,21,21
cs.MA,cs,2021-08,13,13
cs.MA,cs,2021-09,15,15
cs.MA,cs,2021-10,25,25
cs.MA,cs,2021-11,20,20
cs.MA,cs,2021-12,21,21
cs.MA,cs,2022-01,26,26
cs.MA,cs,2022-02,35,35
cs.MA,cs,2022-03,27,27
cs.MA,cs,2022-04,21,21
cs.MA,cs,2022-05,38,38
cs.MA,cs,2022-06,39,39
cs.MA,cs,2022-07,31,31
cs.MA,cs,2022-08,31,31
cs.MA,cs,2022-09,32,32
cs.MA,cs,2022-10,26,26
cs.MA,cs,2022-11,30,30
cs.MA,cs,2022-12,22,22
cs.MA,cs,2023-01,26,26
cs.MA,cs,2023-02,31,31
cs.MA,cs,2023-03,34,34
cs.MA,cs,2023-04,24,24
cs.MA,cs,2023-05,43,43
cs.MA,cs,2023-06,24,24
cs.MA,cs,2023-07,25,25
cs.MA,cs,2023-08,17,17
cs.MA,cs,2023-09,21,21
cs.MA,cs,2023-10,50,50
cs.MA,cs,2023-11,29,29
cs.MA,cs,2023-12,30,30
cs.MA,cs,2024-01,42,42
cs.MA,cs,2024-02,40,40
cs.MA,cs,2024-03,41,41
cs.MA,cs,2024-04,43,43
cs.MA,cs,2024-05,36,36
cs.MA,cs,2024-06,39,39
cs.MA,cs,2024-07,32,32
cs.MA,cs,2024-08,40,40
cs.MA,cs,2024-09,43,43
cs.MA,cs,2024-10,51,50
cs.MA,cs,2024-11,40,40
cs.MA,cs,2024-12,41,41
cs.MA,cs,2025-01,52,50
cs.MA,cs,2025-02,77,50
cs.MA,cs,2025-03,61,50
cs.MA,cs,2025-04,61,50
cs.MA,cs,2025-05,82,50
cs.MA,cs,2025-06,58,50
cs.MA,cs,2025-07,68,50
cs.MA,cs,2025-08,63,50
cs.MA,cs,2025-09,61,50
cs.MA,cs,2025-10,93,50
cs.MA,cs,2025-11,83,50
cs.MA,cs,2025-12,69,50
cs.MM,cs,2018-01,9,9
cs.MM,cs,2018-02,9,9
cs.MM,cs,2018-03,19,19
cs.MM,cs,2018-04,21,21
cs.MM,cs,2018-05,20,20
cs.MM,cs,2018-06,11,11
cs.MM,cs,2018-07,16,16
cs.MM,cs,2018-08,14,14
cs.MM,cs,2018-09,11,11
cs.MM,cs,2018-10,13,13
cs.MM,cs,2018-11,14,14
cs.MM,cs,2018-12,15,15
cs.MM,cs,2019-01,9,9
cs.MM,cs,2019-02,16,16
cs.MM,cs,2019-03,16,16
cs.MM,cs,2019-04,14,14
cs.MM,cs,2019-05,21,21
cs.MM,cs,2019-06,11,11
cs.MM,cs,2019-07,11,11
cs.MM,cs,2019-08,22,22
cs.MM,cs,2019-09,19,19
cs.MM,cs,2019-10,14,14
cs.MM,cs,2019-11,17,17
cs.MM,cs,2019-12,16,16
cs.MM,cs,2020-01,12,12
cs.MM,cs,2020-02,8,8
cs.MM,cs,2020-03,22,22
cs.MM,cs,2020-04,27,27
cs.MM,cs,2020-05,25,25
cs.MM,cs,2020-06,9,9
cs.MM,cs,2020-07,13,13
cs.MM,cs,2020-08,13,13
cs.MM,cs,2020-09,15,15
cs.MM,cs,2020-10,16,16
cs.MM,cs,2020-11,10,10
cs.MM,cs,2020-12,20,20
cs.MM,cs,2021-01,17,17
cs.MM,cs,2021-02,11,11
cs.MM,cs,2021-03,17,17
cs.MM,cs,2021-04,29,29
cs.MM,cs,2021-05,19,19
cs.MM,cs,2021-06,11,11
cs.MM,cs,2021-07,17,17
cs.MM,cs,2021-08,14,14
cs.MM,cs,2021-09,15,15
cs.MM,cs,2021-10,19,19
cs.MM,cs,2021-11,11,11
cs.MM,cs,2021-12,15,15
cs.MM,cs,2022-01,10,10
cs.MM,cs,2022-02,8,8
cs.MM,cs,2022-03,14,14
cs.MM,cs,2022-04,12,12
cs.MM,cs,2022-05,14,14
cs.MM,cs,2022-06,24,24
cs.MM,cs,2022-07,19,19
cs.MM,cs,2022-08,13,13
cs.MM,cs,2022-09,20,20
cs.MM,cs,2022-10,22,22
cs.MM,cs,2022-11,19,19
cs.MM,cs,2022-12,13,13
cs.MM,cs,2023-01,16,16
cs.MM,cs,2023-02,16,16
cs.MM,cs,2023-03,17,17
cs.MM,cs,2023-04,18,18
cs.MM,cs,2023-05,25,25
cs.MM,cs,2023-06,21,21
cs.MM,cs,2023-07,14,14
cs.MM,cs,2023-08,35,35
cs.MM,cs,2023-09,14,14
cs.MM,cs,2023-10,26,26
cs.MM,cs,2023-11,14,14
cs.MM,cs,2023-12,22,22
cs.MM,cs,2024-01,22,22
cs.MM,cs,2024-02,22,22
cs.MM,cs,2024-03,27,27
cs.MM,cs,2024-04,28,28
cs.MM,cs,2024-05,20,20
cs.MM,cs,2024-06,21,21
cs.MM,cs,2024-07,38,38
cs.MM,cs,2024-08,36,36
cs.MM,cs,2024-09,31,31
cs.MM,cs,2024-10,17,17
cs.MM,cs,2024-11,32,32
cs.MM,cs,2024-12,23,23
cs.MM,cs,2025-01,16,16
cs.MM,cs,2025-02,22,22
cs.MM,cs,2025-03,27,27
cs.MM,cs,2025-04,39,39
cs.MM,cs,2025-05,26,26
cs.MM,cs,2025-06,40,40
cs.MM,cs,2025-07,34,34
cs.MM,cs,2025-08,46,46
cs.MM,cs,2025-09,30,30
cs.MM,cs,2025-10,29,29
cs.MM,cs,2025-11,36,36
cs.MM,cs,2025-12,28,28
cs.MS,cs,2018-01,5,5
cs.MS,cs,2018-02,11,11
cs.MS,cs,2018-03,5,5
cs.MS,cs,2018-04,5,5
cs.MS,cs,2018-05,7,7
cs.MS,cs,2018-06,8,8
cs.MS,cs,2018-07,7,7
cs.MS,cs,2018-08,6,6
cs.MS,cs,2018-09,5,5
cs.MS,cs,2018-10,10,10
cs.MS,cs,2018-11,8,8
cs.MS,cs,2018-12,6,6
cs.MS,cs,2019-01,4,4
cs.MS,cs,2019-02,3,3
cs.MS,cs,2019-03,8,8
cs.MS,cs,2019-04,6,6
cs.MS,cs,2019-05,7,7
cs.MS,cs,2019-06,12,12
cs.MS,cs,2019-07,11,11
cs.MS,cs,2019-08,4,4
cs.MS,cs,2019-09,4,4
cs.MS,cs,2019-10,7,7
cs.MS,cs,2019-11,10,10
cs.MS,cs,2019-12,12,12
cs.MS,cs,2020-01,11,11
cs.MS,cs,2020-02,9,9
cs.MS,cs,2020-03,15,15
cs.MS,cs,2020-04,4,4
cs.MS,cs,2020-05,7,7
cs.MS,cs,2020-06,6,6
cs.MS,cs,2020-07,14,14
cs.MS,cs,2020-08,5,5
cs.MS,cs,2020-09,12,12
cs.MS,cs,2020-10,10,10
cs.MS,cs,2020-11,7,7
cs.MS,cs,2020-12,3,3
cs.MS,cs,2021-01,6,6
cs.MS,cs,2021-02,9,9
cs.MS,cs,2021-03,11,11
cs.MS,cs,2021-04,11,11
cs.MS,cs,2021-05,3,3
cs.MS,cs,2021-06,4,4
cs.MS,cs,2021-07,10,10
cs.MS,cs,2021-08,8,8
cs.MS,cs,2021-09,8,8
cs.MS,cs,2021-10,8,8
cs.MS,cs,2021-11,9,9
cs.MS,cs,2021-12,10,10
cs.MS,cs,2022-01,6,6
cs.MS,cs,2022-02,3,3
cs.MS,cs,2022-03,2,2
cs.MS,cs,2022-04,4,4
cs.MS,cs,2022-05,6,6
cs.MS,cs,2022-07,6,6
cs.MS,cs,2022-08,5,5
cs.MS,cs,2022-09,2,2
cs.MS,cs,2022-10,1,1
cs.MS,cs,2022-11,3,3
cs.MS,cs,2022-12,3,3
cs.MS,cs,2023-01,4,4
cs.MS,cs,2023-02,9,9
cs.MS,cs,2023-03,7,7
cs.MS,cs,2023-04,10,10
cs.MS,cs,2023-05,1,1
cs.MS,cs,2023-06,3,3
cs.MS,cs,2023-07,8,8
cs.MS,cs,2023-08,8,8
cs.MS,cs,2023-09,6,6
cs.MS,cs,2023-10,4,4
cs.MS,cs,2023-11,4,4
cs.MS,cs,2023-12,5,5
cs.MS,cs,2024-01,8,8
cs.MS,cs,2024-02,5,5
cs.MS,cs,2024-03,4,4
cs.MS,cs,2024-04,11,11
cs.MS,cs,2024-05,10,10
cs.MS,cs,2024-06,9,9
cs.MS,cs,2024-07,5,5
cs.MS,cs,2024-08,5,5
cs.MS,cs,2024-09,10,10
cs.MS,cs,2024-10,4,4
cs.MS,cs,2024-11,5,5
cs.MS,cs,2024-12,3,3
cs.MS,cs,2025-01,5,5
cs.MS,cs,2025-02,7,7
cs.MS,cs,2025-03,4,4
cs.MS,cs,2025-04,4,4
cs.MS,cs,2025-05,4,4
cs.MS,cs,2025-06,6,6
cs.MS,cs,2025-07,6,6
cs.MS,cs,2025-08,4,4
cs.MS,cs,2025-09,7,7
cs.MS,cs,2025-10,6,6
cs.MS,cs,2025-11,7,7
cs.MS,cs,2025-12,7,7
cs.NA,cs,2018-01,2,2
cs.NA,cs,2018-02,12,12
cs.NA,cs,2018-03,4,4
cs.NA,cs,2018-04,15,15
cs.NA,cs,2018-05,15,15
cs.NA,cs,2018-06,16,16
cs.NA,cs,2018-07,8,8
cs.NA,cs,2018-08,10,10
cs.NA,cs,2018-09,10,10
cs.NA,cs,2018-10,9,9
cs.NA,cs,2018-11,13,13
cs.NA,cs,2018-12,11,11
cs.NA,cs,2019-02,8,8
cs.NA,cs,2019-03,15,15
cs.NA,cs,2019-04,15,15
cs.NA,cs,2019-05,9,9
cs.NE,cs,2018-01,30,30
cs.NE,cs,2018-02,56,50
cs.NE,cs,2018-03,49,49
cs.NE,cs,2018-04,58,50
cs.NE,cs,2018-05,55,50
cs.NE,cs,2018-06,58,50
cs.NE,cs,2018-07,53,50
cs.NE,cs,2018-08,34,34
cs.NE,cs,2018-09,26,26
cs.NE,cs,2018-10,58,50
cs.NE,cs,2018-11,49,49
cs.NE,cs,2018-12,39,39
cs.NE,cs,2019-01,49,49
cs.NE,cs,2019-02,41,41
cs.NE,cs,2019-03,68,50
cs.NE,cs,2019-04,61,50
cs.NE,cs,2019-05,51,50
cs.NE,cs,2019-06,64,50
cs.NE,cs,2019-07,54,50
cs.NE,cs,2019-08,41,41
cs.NE,cs,2019-09,48,48
cs.NE,cs,2019-10,55,50
cs.NE,cs,2019-11,38,38
cs.NE,cs,2019-12,33,33
cs.NE,cs,2020-01,53,50
cs.NE,cs,2020-02,53,50
cs.NE,cs,2020-03,80,50
cs.NE,cs,2020-04,92,50
cs.NE,cs,2020-05,67,50
cs.NE,cs,2020-06,92,50
cs.NE,cs,2020-07,52,50
cs.NE,cs,2020-08,42,42
cs.NE,cs,2020-09,57,50
cs.NE,cs,2020-10,73,50
cs.NE,cs,2020-11,45,45
cs.NE,cs,2020-12,38,38
cs.NE,cs,2021-01,35,35
cs.NE,cs,2021-02,66,50
cs.NE,cs,2021-03,59,50
cs.NE,cs,2021-04,59,50
cs.NE,cs,2021-05,54,50
cs.NE,cs,2021-06,62,50
cs.NE,cs,2021-07,49,49
cs.NE,cs,2021-08,31,31
cs.NE,cs,2021-09,61,50
cs.NE,cs,2021-10,53,50
cs.NE,cs,2021-11,35,35
cs.NE,cs,2021-12,47,47
cs.NE,cs,2022-01,62,50
cs.NE,cs,2022-02,52,50
cs.NE,cs,2022-03,64,50
cs.NE,cs,2022-04,93,50
cs.NE,cs,2022-05,72,50
cs.NE,cs,2022-06,68,50
cs.NE,cs,2022-07,54,50
cs.NE,cs,2022-08,55,50
cs.NE,cs,2022-09,58,50
cs.NE,cs,2022-10,54,50
cs.NE,cs,2022-11,64,50
cs.NE,cs,2022-12,46,46
cs.NE,cs,2023-01,46,46
cs.NE,cs,2023-02,55,50
cs.NE,cs,2023-03,68,50
cs.NE,cs,2023-04,102,50
cs.NE,cs,2023-05,90,50
cs.NE,cs,2023-06,74,50
cs.NE,cs,2023-07,43,43
cs.NE,cs,2023-08,48,48
cs.NE,cs,2023-09,38,38
cs.NE,cs,2023-10,59,50
cs.NE,cs,2023-11,47,47
cs.NE,cs,2023-12,47,47
cs.NE,cs,2024-01,86,50
cs.NE,cs,2024-02,81,50
cs.NE,cs,2024-03,78,50
cs.NE,cs,2024-04,107,50
cs.NE,cs,2024-05,93,50
cs.NE,cs,2024-06,78,50
cs.NE,cs,2024-07,93,50
cs.NE,cs,2024-08,55,50
cs.NE,cs,2024-09,55,50
cs.NE,cs,2024-10,72,50
cs.NE,cs,2024-11,53,50
cs.NE,cs,2024-12,73,50
cs.NE,cs,2025-01,86,50
cs.NE,cs,2025-02,47,47
cs.NE,cs,2025-03,58,50
cs.NE,cs,2025-04,77,50
cs.NE,cs,2025-05,86,50
cs.NE,cs,2025-06,74,50
cs.NE,cs,2025-07,71,50
cs.NE,cs,2025-08,55,50
cs.NE,cs,2025-09,55,50
cs.NE,cs,2025-10,57,50
cs.NE,cs,2025-11,66,50
cs.NE,cs,2025-12,63,50
cs.NI,cs,2018-01,121,50
cs.NI,cs,2018-02,68,50
cs.NI,cs,2018-03,105,50
cs.NI,cs,2018-04,125,50
cs.NI,cs,2018-05,100,50
cs.NI,cs,2018-06,99,50
cs.NI,cs,2018-07,88,50
cs.NI,cs,2018-08,90,50
cs.NI,cs,2018-09,101,50
cs.NI,cs,2018-10,137,50
cs.NI,cs,2018-11,84,50
cs.NI,cs,2018-12,125,50
cs.NI,cs,2019-01,106,50
cs.NI,cs,2019-02,136,50
cs.NI,cs,2019-03,102,50
cs.NI,cs,2019-04,149,50
cs.NI,cs,2019-05,117,50
cs.NI,cs,2019-06,120,50
cs.NI,cs,2019-07,94,50
cs.NI,cs,2019-08,66,50
cs.NI,cs,2019-09,111,50
cs.NI,cs,2019-10,107,50
cs.NI,cs,2019-11,84,50
cs.NI,cs,2019-12,100,50
cs.NI,cs,2020-01,114,50
cs.NI,cs,2020-02,118,50
cs.NI,cs,2020-03,105,50
cs.NI,cs,2020-04,116,50
cs.NI,cs,2020-05,129,50
cs.NI,cs,2020-06,118,50
cs.NI,cs,2020-07,110,50
cs.NI,cs,2020-08,119,50
cs.NI,cs,2020-09,103,50
cs.NI,cs,2020-10,109,50
cs.NI,cs,2020-11,97,50
cs.NI,cs,2020-12,102,50
cs.NI,cs,2021-01,116,50
cs.NI,cs,2021-02,104,50
cs.NI,cs,2021-03,107,50
cs.NI,cs,2021-04,105,50
cs.NI,cs,2021-05,140,50
cs.NI,cs,2021-06,105,50
cs.NI,cs,2021-07,104,50
cs.NI,cs,2021-08,104,50
cs.NI,cs,2021-09,110,50
cs.NI,cs,2021-10,111,50
cs.NI,cs,2021-11,110,50
cs.NI,cs,2021-12,94,50
cs.NI,cs,2022-01,146,50
cs.NI,cs,2022-02,125,50
cs.NI,cs,2022-03,104,50
cs.NI,cs,2022-04,107,50
cs.NI,cs,2022-05,125,50
cs.NI,cs,2022-06,66,50
cs.NI,cs,2022-07,112,50
cs.NI,cs,2022-08,98,50
cs.NI,cs,2022-09,111,50
cs.NI,cs,2022-10,98,50
cs.NI,cs,2022-11,128,50
cs.NI,cs,2022-12,93,50
cs.NI,cs,2023-01,102,50
cs.NI,cs,2023-02,87,50
cs.NI,cs,2023-03,102,50
cs.NI,cs,2023-04,95,50
cs.NI,cs,2023-05,124,50
cs.NI,cs,2023-06,98,50
cs.NI,cs,2023-07,129,50
cs.NI,cs,2023-08,95,50
cs.NI,cs,2023-09,117,50
cs.NI,cs,2023-10,135,50
cs.NI,cs,2023-11,122,50
cs.NI,cs,2023-12,135,50
cs.NI,cs,2024-01,142,50
cs.NI,cs,2024-02,145,50
cs.NI,cs,2024-03,156,50
cs.NI,cs,2024-04,161,50
cs.NI,cs,2024-05,145,50
cs.NI,cs,2024-06,88,50
cs.NI,cs,2024-07,173,50
cs.NI,cs,2024-08,109,50
cs.NI,cs,2024-09,121,50
cs.NI,cs,2024-10,140,50
cs.NI,cs,2024-11,143,50
cs.NI,cs,2024-12,120,50
cs.NI,cs,2025-01,150,50
cs.NI,cs,2025-02,143,50
cs.NI,cs,2025-03,152,50
cs.NI,cs,2025-04,138,50
cs.NI,cs,2025-05,151,50
cs.NI,cs,2025-06,141,50
cs.NI,cs,2025-07,168,50
cs.NI,cs,2025-08,182,50
cs.NI,cs,2025-09,212,50
cs.NI,cs,2025-10,152,50
cs.NI,cs,2025-11,150,50
cs.NI,cs,2025-12,141,50
cs.OH,cs,2018-01,7,7
cs.OH,cs,2018-02,5,5
cs.OH,cs,2018-03,7,7
cs.OH,cs,2018-04,10,10
cs.OH,cs,2018-05,17,17
cs.OH,cs,2018-06,6,6
cs.OH,cs,2018-07,4,4
cs.OH,cs,2018-08,8,8
cs.OH,cs,2018-09,9,9
cs.OH,cs,2018-10,10,10
cs.OH,cs,2018-11,5,5
cs.OH,cs,2018-12,8,8
cs.OH,cs,2019-01,6,6
cs.OH,cs,2019-02,3,3
cs.OH,cs,2019-03,10,10
cs.OH,cs,2019-04,17,17
cs.OH,cs,2019-05,15,15
cs.OH,cs,2019-06,8,8
cs.OH,cs,2019-07,12,12
cs.OH,cs,2019-08,5,5
cs.OH,cs,2019-09,4,4
cs.OH,cs,2019-10,15,15
cs.OH,cs,2019-11,5,5
cs.OH,cs,2019-12,7,7
cs.OH,cs,2020-01,9,9
cs.OH,cs,2020-02,7,7
cs.OH,cs,2020-03,7,7
cs.OH,cs,2020-04,10,10
cs.OH,cs,2020-05,10,10
cs.OH,cs,2020-06,11,11
cs.OH,cs,2020-07,10,10
cs.OH,cs,2020-08,12,12
cs.OH,cs,2020-09,2,2
cs.OH,cs,2020-10,5,5
cs.OH,cs,2020-11,3,3
cs.OH,cs,2020-12,8,8
cs.OH,cs,2021-01,4,4
cs.OH,cs,2021-02,3,3
cs.OH,cs,2021-03,2,2
cs.OH,cs,2021-04,5,5
cs.OH,cs,2021-05,7,7
cs.OH,cs,2021-06,6,6
cs.OH,cs,2021-07,9,9
cs.OH,cs,2021-08,10,10
cs.OH,cs,2021-09,4,4
cs.OH,cs,2021-10,6,6
cs.OH,cs,2021-11,2,2
cs.OH,cs,2021-12,2,2
cs.OH,cs,2022-01,5,5
cs.OH,cs,2022-02,1,1
cs.OH,cs,2022-03,5,5
cs.OH,cs,2022-04,8,8
cs.OH,cs,2022-05,4,4
cs.OH,cs,2022-06,3,3
cs.OH,cs,2022-08,4,4
cs.OH,cs,2022-09,6,6
cs.OH,cs,2022-10,5,5
cs.OH,cs,2022-11,5,5
cs.OH,cs,2022-12,3,3
cs.OH,cs,2023-01,9,9
cs.OH,cs,2023-02,4,4
cs.OH,cs,2023-03,2,2
cs.OH,cs,2023-04,5,5
cs.OH,cs,2023-05,4,4
cs.OH,cs,2023-06,5,5
cs.OH,cs,2023-07,7,7
cs.OH,cs,2023-08,5,5
cs.OH,cs,2023-09,5,5
cs.OH,cs,2023-10,6,6
cs.OH,cs,2023-11,2,2
cs.OH,cs,2024-01,7,7
cs.OH,cs,2024-02,8,8
cs.OH,cs,2024-03,5,5
cs.OH,cs,2024-04,4,4
cs.OH,cs,2024-05,2,2
cs.OH,cs,2024-06,2,2
cs.OH,cs,2024-07,5,5
cs.OH,cs,2024-08,4,4
cs.OH,cs,2024-09,3,3
cs.OH,cs,2024-10,4,4
cs.OH,cs,2024-11,2,2
cs.OH,cs,2024-12,6,6
cs.OH,cs,2025-01,2,2
cs.OH,cs,2025-02,5,5
cs.OH,cs,2025-03,3,3
cs.OH,cs,2025-04,8,8
cs.OH,cs,2025-05,4,4
cs.OH,cs,2025-06,5,5
cs.OH,cs,2025-07,7,7
cs.OH,cs,2025-08,3,3
cs.OH,cs,2025-09,6,6
cs.OH,cs,2025-10,5,5
cs.OH,cs,2025-11,8,8
cs.OH,cs,2025-12,4,4
cs.OS,cs,2018-01,3,3
cs.OS,cs,2018-02,1,1
cs.OS,cs,2018-04,2,2
cs.OS,cs,2018-05,1,1
cs.OS,cs,2018-06,5,5
cs.OS,cs,2018-08,5,5
cs.OS,cs,2018-09,1,1
cs.OS,cs,2018-10,8,8
cs.OS,cs,2018-11,3,3
cs.OS,cs,2018-12,1,1
cs.OS,cs,2019-01,7,7
cs.OS,cs,2019-02,2,2
cs.OS,cs,2019-03,7,7
cs.OS,cs,2019-05,1,1
cs.OS,cs,2019-06,3,3
cs.OS,cs,2019-07,4,4
cs.OS,cs,2019-08,7,7
cs.OS,cs,2019-09,6,6
cs.OS,cs,2019-10,6,6
cs.OS,cs,2019-11,3,3
cs.OS,cs,2019-12,3,3
cs.OS,cs,2020-01,4,4
cs.OS,cs,2020-02,2,2
cs.OS,cs,2020-03,6,6
cs.OS,cs,2020-04,9,9
cs.OS,cs,2020-05,4,4
cs.OS,cs,2020-06,3,3
cs.OS,cs,2020-07,5,5
cs.OS,cs,2020-08,2,2
cs.OS,cs,2020-09,6,6
cs.OS,cs,2020-10,3,3
cs.OS,cs,2020-11,3,3
cs.OS,cs,2020-12,1,1
cs.OS,cs,2021-01,2,2
cs.OS,cs,2021-02,1,1
cs.OS,cs,2021-04,5,5
cs.OS,cs,2021-05,1,1
cs.OS,cs,2021-06,1,1
cs.OS,cs,2021-07,1,1
cs.OS,cs,2021-09,2,2
cs.OS,cs,2021-10,1,1
cs.OS,cs,2021-11,3,3
cs.OS,cs,2021-12,4,4
cs.OS,cs,2022-01,4,4
cs.OS,cs,2022-02,2,2
cs.OS,cs,2022-03,3,3
cs.OS,cs,2022-04,2,2
cs.OS,cs,2022-05,3,3
cs.OS,cs,2022-06,4,4
cs.OS,cs,2022-07,1,1
cs.OS,cs,2022-09,3,3
cs.OS,cs,2022-10,5,5
cs.OS,cs,2022-11,2,2
cs.OS,cs,2022-12,2,2
cs.OS,cs,2023-01,3,3
cs.OS,cs,2023-02,3,3
cs.OS,cs,2023-03,3,3
cs.OS,cs,2023-04,2,2
cs.OS,cs,2023-05,2,2
cs.OS,cs,2023-06,4,4
cs.OS,cs,2023-07,5,5
cs.OS,cs,2023-08,3,3
cs.OS,cs,2023-09,3,3
cs.OS,cs,2023-10,9,9
cs.OS,cs,2023-11,6,6
cs.OS,cs,2023-12,7,7
cs.OS,cs,2024-01,7,7
cs.OS,cs,2024-02,1,1
cs.OS,cs,2024-03,3,3
cs.OS,cs,2024-04,3,3
cs.OS,cs,2024-05,2,2
cs.OS,cs,2024-06,4,4
cs.OS,cs,2024-07,3,3
cs.OS,cs,2024-08,5,5
cs.OS,cs,2024-09,9,9
cs.OS,cs,2024-10,7,7
cs.OS,cs,2024-11,4,4
cs.OS,cs,2024-12,4,4
cs.OS,cs,2025-01,11,11
cs.OS,cs,2025-02,9,9
cs.OS,cs,2025-03,12,12
cs.OS,cs,2025-04,9,9
cs.OS,cs,2025-05,5,5
cs.OS,cs,2025-06,10,10
cs.OS,cs,2025-07,6,6
cs.OS,cs,2025-08,11,11
cs.OS,cs,2025-09,12,12
cs.OS,cs,2025-10,6,6
cs.OS,cs,2025-11,13,13
cs.OS,cs,2025-12,15,15
cs.PF,cs,2018-01,6,6
cs.PF,cs,2018-02,6,6
cs.PF,cs,2018-03,9,9
cs.PF,cs,2018-04,9,9
cs.PF,cs,2018-05,12,12
cs.PF,cs,2018-06,6,6
cs.PF,cs,2018-07,6,6
cs.PF,cs,2018-08,9,9
cs.PF,cs,2018-09,7,7
cs.PF,cs,2018-10,9,9
cs.PF,cs,2018-11,10,10
cs.PF,cs,2018-12,6,6
cs.PF,cs,2019-01,11,11
cs.PF,cs,2019-02,8,8
cs.PF,cs,2019-03,6,6
cs.PF,cs,2019-04,9,9
cs.PF,cs,2019-05,15,15
cs.PF,cs,2019-06,11,11
cs.PF,cs,2019-07,13,13
cs.PF,cs,2019-08,12,12
cs.PF,cs,2019-09,3,3
cs.PF,cs,2019-10,16,16
cs.PF,cs,2019-11,11,11
cs.PF,cs,2019-12,13,13
cs.PF,cs,2020-01,9,9
cs.PF,cs,2020-02,13,13
cs.PF,cs,2020-03,9,9
cs.PF,cs,2020-04,14,14
cs.PF,cs,2020-05,10,10
cs.PF,cs,2020-06,8,8
cs.PF,cs,2020-07,9,9
cs.PF,cs,2020-08,8,8
cs.PF,cs,2020-09,12,12
cs.PF,cs,2020-10,10,10
cs.PF,cs,2020-11,11,11
cs.PF,cs,2020-12,7,7
cs.PF,cs,2021-01,3,3
cs.PF,cs,2021-02,7,7
cs.PF,cs,2021-03,9,9
cs.PF,cs,2021-04,11,11
cs.PF,cs,2021-05,4,4
cs.PF,cs,2021-06,10,10
cs.PF,cs,2021-07,6,6
cs.PF,cs,2021-08,7,7
cs.PF,cs,2021-09,8,8
cs.PF,cs,2021-10,6,6
cs.PF,cs,2021-11,3,3
cs.PF,cs,2021-12,12,12
cs.PF,cs,2022-01,3,3
cs.PF,cs,2022-02,7,7
cs.PF,cs,2022-03,4,4
cs.PF,cs,2022-04,5,5
cs.PF,cs,2022-05,4,4
cs.PF,cs,2022-06,4,4
cs.PF,cs,2022-07,7,7
cs.PF,cs,2022-08,3,3
cs.PF,cs,2022-09,9,9
cs.PF,cs,2022-10,8,8
cs.PF,cs,2022-11,6,6
cs.PF,cs,2022-12,5,5
cs.PF,cs,2023-01,3,3
cs.PF,cs,2023-02,4,4
cs.PF,cs,2023-03,10,10
cs.PF,cs,2023-04,7,7
cs.PF,cs,2023-05,6,6
cs.PF,cs,2023-06,5,5
cs.PF,cs,2023-07,6,6
cs.PF,cs,2023-08,5,5
cs.PF,cs,2023-09,8,8
cs.PF,cs,2023-10,16,16
cs.PF,cs,2023-11,7,7
cs.PF,cs,2023-12,4,4
cs.PF,cs,2024-01,11,11
cs.PF,cs,2024-02,5,5
cs.PF,cs,2024-03,6,6
cs.PF,cs,2024-04,11,11
cs.PF,cs,2024-05,9,9
cs.PF,cs,2024-06,4,4
cs.PF,cs,2024-07,6,6
cs.PF,cs,2024-08,9,9
cs.PF,cs,2024-09,11,11
cs.PF,cs,2024-10,13,13
cs.PF,cs,2024-11,15,15
cs.PF,cs,2024-12,9,9
cs.PF,cs,2025-01,12,12
cs.PF,cs,2025-02,11,11
cs.PF,cs,2025-03,17,17
cs.PF,cs,2025-04,17,17
cs.PF,cs,2025-05,20,20
cs.PF,cs,2025-06,10,10
cs.PF,cs,2025-07,10,10
cs.PF,cs,2025-08,19,19
cs.PF,cs,2025-09,21,21
cs.PF,cs,2025-10,16,16
cs.PF,cs,2025-11,15,15
cs.PF,cs,2025-12,8,8
cs.PL,cs,2018-01,23,23
cs.PL,cs,2018-02,40,40
cs.PL,cs,2018-03,34,34
cs.PL,cs,2018-04,35,35
cs.PL,cs,2018-05,36,36
cs.PL,cs,2018-06,15,15
cs.PL,cs,2018-07,39,39
cs.PL,cs,2018-08,49,49
cs.PL,cs,2018-09,25,25
cs.PL,cs,2018-10,35,35
cs.PL,cs,2018-11,37,37
cs.PL,cs,2018-12,23,23
cs.PL,cs,2019-01,19,19
cs.PL,cs,2019-02,35,35
cs.PL,cs,2019-03,22,22
cs.PL,cs,2019-04,40,40
cs.PL,cs,2019-05,47,47
cs.PL,cs,2019-06,31,31
cs.PL,cs,2019-07,56,50
cs.PL,cs,2019-08,42,42
cs.PL,cs,2019-09,45,45
cs.PL,cs,2019-10,27,27
cs.PL,cs,2019-11,27,27
cs.PL,cs,2019-12,23,23
cs.PL,cs,2020-01,31,31
cs.PL,cs,2020-02,41,41
cs.PL,cs,2020-03,22,22
cs.PL,cs,2020-04,43,43
cs.PL,cs,2020-05,39,39
cs.PL,cs,2020-06,21,21
cs.PL,cs,2020-07,32,32
cs.PL,cs,2020-08,33,33
cs.PL,cs,2020-09,33,33
cs.PL,cs,2020-10,64,50
cs.PL,cs,2020-11,34,34
cs.PL,cs,2020-12,25,25
cs.PL,cs,2021-01,30,30
cs.PL,cs,2021-02,24,24
cs.PL,cs,2021-03,43,43
cs.PL,cs,2021-04,34,34
cs.PL,cs,2021-05,42,42
cs.PL,cs,2021-06,28,28
cs.PL,cs,2021-07,45,45
cs.PL,cs,2021-08,39,39
cs.PL,cs,2021-09,38,38
cs.PL,cs,2021-10,33,33
cs.PL,cs,2021-11,37,37
cs.PL,cs,2021-12,27,27
cs.PL,cs,2022-01,23,23
cs.PL,cs,2022-02,31,31
cs.PL,cs,2022-03,41,41
cs.PL,cs,2022-04,25,25
cs.PL,cs,2022-05,43,43
cs.PL,cs,2022-06,28,28
cs.PL,cs,2022-07,40,40
cs.PL,cs,2022-08,30,30
cs.PL,cs,2022-09,37,37
cs.PL,cs,2022-10,30,30
cs.PL,cs,2022-11,37,37
cs.PL,cs,2022-12,35,35
cs.PL,cs,2023-01,27,27
cs.PL,cs,2023-02,29,29
cs.PL,cs,2023-03,30,30
cs.PL,cs,2023-04,49,49
cs.PL,cs,2023-05,39,39
cs.PL,cs,2023-06,24,24
cs.PL,cs,2023-07,39,39
cs.PL,cs,2023-08,33,33
cs.PL,cs,2023-09,47,47
cs.PL,cs,2023-10,45,45
cs.PL,cs,2023-11,51,50
cs.PL,cs,2023-12,37,37
cs.PL,cs,2024-01,28,28
cs.PL,cs,2024-02,22,22
cs.PL,cs,2024-03,46,46
cs.PL,cs,2024-04,49,49
cs.PL,cs,2024-05,39,39
cs.PL,cs,2024-06,33,33
cs.PL,cs,2024-07,43,43
cs.PL,cs,2024-08,40,40
cs.PL,cs,2024-09,29,29
cs.PL,cs,2024-10,36,36
cs.PL,cs,2024-11,41,41
cs.PL,cs,2024-12,37,37
cs.PL,cs,2025-01,39,39
cs.PL,cs,2025-02,47,47
cs.PL,cs,2025-03,48,48
cs.PL,cs,2025-04,56,50
cs.PL,cs,2025-05,48,48
cs.PL,cs,2025-06,38,38
cs.PL,cs,2025-07,61,50
cs.PL,cs,2025-08,50,50
cs.PL,cs,2025-09,55,50
cs.PL,cs,2025-10,61,50
cs.PL,cs,2025-11,50,50
cs.PL,cs,2025-12,42,42
cs.RO,cs,2018-01,68,50
cs.RO,cs,2018-02,92,50
cs.RO,cs,2018-03,111,50
cs.RO,cs,2018-04,100,50
cs.RO,cs,2018-05,92,50
cs.RO,cs,2018-06,75,50
cs.RO,cs,2018-07,104,50
cs.RO,cs,2018-08,79,50
cs.RO,cs,2018-09,215,50
cs.RO,cs,2018-10,159,50
cs.RO,cs,2018-11,106,50
cs.RO,cs,2018-12,83,50
cs.RO,cs,2019-01,94,50
cs.RO,cs,2019-02,127,50
cs.RO,cs,2019-03,211,50
cs.RO,cs,2019-04,166,50
cs.RO,cs,2019-05,159,50
cs.RO,cs,2019-06,139,50
cs.RO,cs,2019-07,153,50
cs.RO,cs,2019-08,114,50
cs.RO,cs,2019-09,288,50
cs.RO,cs,2019-10,198,50
cs.RO,cs,2019-11,136,50
cs.RO,cs,2019-12,111,50
cs.RO,cs,2020-01,116,50
cs.RO,cs,2020-02,162,50
cs.RO,cs,2020-03,314,50
cs.RO,cs,2020-04,144,50
cs.RO,cs,2020-05,162,50
cs.RO,cs,2020-06,173,50
cs.RO,cs,2020-07,203,50
cs.RO,cs,2020-08,181,50
cs.RO,cs,2020-09,135,50
cs.RO,cs,2020-10,285,50
cs.RO,cs,2020-11,452,50
cs.RO,cs,2020-12,244,50
cs.RO,cs,2021-01,198,50
cs.RO,cs,2021-02,205,50
cs.RO,cs,2021-03,476,50
cs.RO,cs,2021-04,279,50
cs.RO,cs,2021-05,240,50
cs.RO,cs,2021-06,219,50
cs.RO,cs,2021-07,292,50
cs.RO,cs,2021-08,259,50
cs.RO,cs,2021-09,450,50
cs.RO,cs,2021-10,297,50
cs.RO,cs,2021-11,243,50
cs.RO,cs,2021-12,195,50
cs.RO,cs,2022-01,185,50
cs.RO,cs,2022-02,278,50
cs.RO,cs,2022-03,454,50
cs.RO,cs,2022-04,239,50
cs.RO,cs,2022-05,272,50
cs.RO,cs,2022-06,279,50
cs.RO,cs,2022-07,299,50
cs.RO,cs,2022-08,270,50
cs.RO,cs,2022-09,490,50
cs.RO,cs,2022-10,457,50
cs.RO,cs,2022-11,331,50
cs.RO,cs,2022-12,263,50
cs.RO,cs,2023-01,259,50
cs.RO,cs,2023-02,334,50
cs.RO,cs,2023-03,572,50
cs.RO,cs,2023-04,352,50
cs.RO,cs,2023-05,365,50
cs.RO,cs,2023-06,398,50
cs.RO,cs,2023-07,387,50
cs.RO,cs,2023-08,362,50
cs.RO,cs,2023-09,679,50
cs.RO,cs,2023-10,581,50
cs.RO,cs,2023-11,406,50
cs.RO,cs,2023-12,398,50
cs.RO,cs,2024-01,362,50
cs.RO,cs,2024-02,457,50
cs.RO,cs,2024-03,728,50
cs.RO,cs,2024-04,533,50
cs.RO,cs,2024-05,547,50
cs.RO,cs,2024-06,435,50
cs.RO,cs,2024-07,580,50
cs.RO,cs,2024-08,415,50
cs.RO,cs,2024-09,888,50
cs.RO,cs,2024-10,772,50
cs.RO,cs,2024-11,565,50
cs.RO,cs,2024-12,496,50
cs.RO,cs,2025-01,356,50
cs.RO,cs,2025-02,552,50
cs.RO,cs,2025-03,859,50
cs.RO,cs,2025-04,618,50
cs.RO,cs,2025-05,773,50
cs.RO,cs,2025-06,673,50
cs.RO,cs,2025-07,606,50
cs.RO,cs,2025-08,586,50
cs.RO,cs,2025-09,979,50
cs.RO,cs,2025-10,809,50
cs.RO,cs,2025-11,628,50
cs.RO,cs,2025-12,678,50
cs.SC,cs,2018-01,7,7
cs.SC,cs,2018-02,16,16
cs.SC,cs,2018-03,6,6
cs.SC,cs,2018-04,7,7
cs.SC,cs,2018-05,10,10
cs.SC,cs,2018-06,7,7
cs.SC,cs,2018-07,6,6
cs.SC,cs,2018-08,2,2
cs.SC,cs,2018-09,4,4
cs.SC,cs,2018-10,6,6
cs.SC,cs,2018-11,10,10
cs.SC,cs,2018-12,4,4
cs.SC,cs,2019-01,9,9
cs.SC,cs,2019-02,6,6
cs.SC,cs,2019-03,6,6
cs.SC,cs,2019-04,9,9
cs.SC,cs,2019-05,10,10
cs.SC,cs,2019-06,4,4
cs.SC,cs,2019-07,5,5
cs.SC,cs,2019-08,2,2
cs.SC,cs,2019-09,4,4
cs.SC,cs,2019-10,1,1
cs.SC,cs,2019-11,7,7
cs.SC,cs,2019-12,10,10
cs.SC,cs,2020-01,5,5
cs.SC,cs,2020-02,14,14
cs.SC,cs,2020-03,4,4
cs.SC,cs,2020-04,4,4
cs.SC,cs,2020-05,10,10
cs.SC,cs,2020-06,3,3
cs.SC,cs,2020-07,5,5
cs.SC,cs,2020-08,2,2
cs.SC,cs,2020-09,7,7
cs.SC,cs,2020-10,7,7
cs.SC,cs,2020-11,5,5
cs.SC,cs,2020-12,5,5
cs.SC,cs,2021-01,8,8
cs.SC,cs,2021-02,17,17
cs.SC,cs,2021-03,4,4
cs.SC,cs,2021-04,3,3
cs.SC,cs,2021-05,7,7
cs.SC,cs,2021-06,7,7
cs.SC,cs,2021-07,5,5
cs.SC,cs,2021-08,1,1
cs.SC,cs,2021-09,4,4
cs.SC,cs,2021-10,3,3
cs.SC,cs,2021-11,3,3
cs.SC,cs,2021-12,3,3
cs.SC,cs,2022-01,7,7
cs.SC,cs,2022-02,18,18
cs.SC,cs,2022-03,8,8
cs.SC,cs,2022-04,7,7
cs.SC,cs,2022-05,5,5
cs.SC,cs,2022-06,5,5
cs.SC,cs,2022-07,4,4
cs.SC,cs,2022-08,3,3
cs.SC,cs,2022-09,5,5
cs.SC,cs,2022-10,11,11
cs.SC,cs,2022-11,3,3
cs.SC,cs,2022-12,7,7
cs.SC,cs,2023-01,7,7
cs.SC,cs,2023-02,18,18
cs.SC,cs,2023-03,6,6
cs.SC,cs,2023-04,7,7
cs.SC,cs,2023-05,12,12
cs.SC,cs,2023-06,6,6
cs.SC,cs,2023-07,12,12
cs.SC,cs,2023-08,3,3
cs.SC,cs,2023-09,5,5
cs.SC,cs,2023-10,4,4
cs.SC,cs,2023-11,8,8
cs.SC,cs,2023-12,6,6
cs.SC,cs,2024-01,15,15
cs.SC,cs,2024-02,10,10
cs.SC,cs,2024-03,7,7
cs.SC,cs,2024-04,9,9
cs.SC,cs,2024-05,11,11
cs.SC,cs,2024-06,7,7
cs.SC,cs,2024-07,7,7
cs.SC,cs,2024-08,5,5
cs.SC,cs,2024-09,3,3
cs.SC,cs,2024-10,4,4
cs.SC,cs,2024-11,7,7
cs.SC,cs,2024-12,8,8
cs.SC,cs,2025-01,4,4
cs.SC,cs,2025-02,12,12
cs.SC,cs,2025-03,9,9
cs.SC,cs,2025-04,8,8
cs.SC,cs,2025-05,14,14
cs.SC,cs,2025-06,7,7
cs.SC,cs,2025-07,7,7
cs.SC,cs,2025-08,8,8
cs.SC,cs,2025-09,2,2
cs.SC,cs,2025-10,8,8
cs.SC,cs,2025-11,7,7
cs.SC,cs,2025-12,6,6
cs.SD,cs,2018-01,16,16
cs.SD,cs,2018-02,20,20
cs.SD,cs,2018-03,22,22
cs.SD,cs,2018-04,36,36
cs.SD,cs,2018-05,30,30
cs.SD,cs,2018-06,36,36
cs.SD,cs,2018-07,37,37
cs.SD,cs,2018-08,33,33
cs.SD,cs,2018-09,23,23
cs.SD,cs,2018-10,42,42
cs.SD,cs,2018-11,62,50
cs.SD,cs,2018-12,34,34
cs.SD,cs,2019-01,25,25
cs.SD,cs,2019-02,27,27
cs.SD,cs,2019-03,26,26
cs.SD,cs,2019-04,64,50
cs.SD,cs,2019-05,40,40
cs.SD,cs,2019-06,39,39
cs.SD,cs,2019-07,36,36
cs.SD,cs,2019-08,27,27
cs.SD,cs,2019-09,28,28
cs.SD,cs,2019-10,50,50
cs.SD,cs,2019-11,38,38
cs.SD,cs,2019-12,33,33
cs.SD,cs,2020-01,33,33
cs.SD,cs,2020-02,39,39
cs.SD,cs,2020-03,17,17
cs.SD,cs,2020-04,14,14
cs.SD,cs,2020-05,39,39
cs.SD,cs,2020-06,29,29
cs.SD,cs,2020-07,28,28
cs.SD,cs,2020-08,31,31
cs.SD,cs,2020-09,14,14
cs.SD,cs,2020-10,140,50
cs.SD,cs,2020-11,93,50
cs.SD,cs,2020-12,48,48
cs.SD,cs,2021-01,36,36
cs.SD,cs,2021-02,101,50
cs.SD,cs,2021-03,74,50
cs.SD,cs,2021-04,101,50
cs.SD,cs,2021-05,68,50
cs.SD,cs,2021-06,103,50
cs.SD,cs,2021-07,88,50
cs.SD,cs,2021-08,66,50
cs.SD,cs,2021-09,71,50
cs.SD,cs,2021-10,137,50
cs.SD,cs,2021-11,89,50
cs.SD,cs,2021-12,62,50
cs.SD,cs,2022-01,62,50
cs.SD,cs,2022-02,91,50
cs.SD,cs,2022-03,178,50
cs.SD,cs,2022-04,133,50
cs.SD,cs,2022-05,59,50
cs.SD,cs,2022-06,109,50
cs.SD,cs,2022-07,99,50
cs.SD,cs,2022-08,78,50
cs.SD,cs,2022-09,88,50
cs.SD,cs,2022-10,152,50
cs.SD,cs,2022-11,133,50
cs.SD,cs,2022-12,51,50
cs.SD,cs,2023-01,47,47
cs.SD,cs,2023-02,70,50
cs.SD,cs,2023-03,95,50
cs.SD,cs,2023-04,58,50
cs.SD,cs,2023-05,168,50
cs.SD,cs,2023-06,134,50
cs.SD,cs,2023-07,91,50
cs.SD,cs,2023-08,104,50
cs.SD,cs,2023-09,169,50
cs.SD,cs,2023-10,121,50
cs.SD,cs,2023-11,82,50
cs.SD,cs,2023-12,106,50
cs.SD,cs,2024-01,93,50
cs.SD,cs,2024-02,89,50
cs.SD,cs,2024-03,90,50
cs.SD,cs,2024-04,82,50
cs.SD,cs,2024-05,96,50
cs.SD,cs,2024-06,189,50
cs.SD,cs,2024-07,147,50
cs.SD,cs,2024-08,125,50
cs.SD,cs,2024-09,215,50
cs.SD,cs,2024-10,162,50
cs.SD,cs,2024-11,102,50
cs.SD,cs,2024-12,120,50
cs.SD,cs,2025-01,122,50
cs.SD,cs,2025-02,111,50
cs.SD,cs,2025-03,112,50
cs.SD,cs,2025-04,92,50
cs.SD,cs,2025-05,217,50
cs.SD,cs,2025-06,220,50
cs.SD,cs,2025-07,187,50
cs.SD,cs,2025-08,170,50
cs.SD,cs,2025-09,280,50
cs.SD,cs,2025-10,204,50
cs.SD,cs,2025-11,123,50
cs.SD,cs,2025-12,132,50
cs.SE,cs,2018-01,55,50
cs.SE,cs,2018-02,69,50
cs.SE,cs,2018-03,87,50
cs.SE,cs,2018-04,45,45
cs.SE,cs,2018-05,77,50
cs.SE,cs,2018-06,59,50
cs.SE,cs,2018-07,94,50
cs.SE,cs,2018-08,76,50
cs.SE,cs,2018-09,63,50
cs.SE,cs,2018-10,53,50
cs.SE,cs,2018-11,66,50
cs.SE,cs,2018-12,73,50
cs.SE,cs,2019-01,75,50
cs.SE,cs,2019-02,60,50
cs.SE,cs,2019-03,90,50
cs.SE,cs,2019-04,93,50
cs.SE,cs,2019-05,93,50
cs.SE,cs,2019-06,80,50
cs.SE,cs,2019-07,88,50
cs.SE,cs,2019-08,70,50
cs.SE,cs,2019-09,68,50
cs.SE,cs,2019-10,71,50
cs.SE,cs,2019-11,64,50
cs.SE,cs,2019-12,73,50
cs.SE,cs,2020-01,68,50
cs.SE,cs,2020-02,67,50
cs.SE,cs,2020-03,92,50
cs.SE,cs,2020-04,112,50
cs.SE,cs,2020-05,116,50
cs.SE,cs,2020-06,82,50
cs.SE,cs,2020-07,110,50
cs.SE,cs,2020-08,105,50
cs.SE,cs,2020-09,113,50
cs.SE,cs,2020-10,92,50
cs.SE,cs,2020-11,87,50
cs.SE,cs,2020-12,119,50
cs.SE,cs,2021-01,107,50
cs.SE,cs,2021-02,175,50
cs.SE,cs,2021-03,327,50
cs.SE,cs,2021-04,155,50
cs.SE,cs,2021-05,126,50
cs.SE,cs,2021-06,113,50
cs.SE,cs,2021-07,129,50
cs.SE,cs,2021-08,160,50
cs.SE,cs,2021-09,111,50
cs.SE,cs,2021-10,117,50
cs.SE,cs,2021-11,81,50
cs.SE,cs,2021-12,116,50
cs.SE,cs,2022-01,122,50
cs.SE,cs,2022-02,122,50
cs.SE,cs,2022-03,154,50
cs.SE,cs,2022-04,162,50
cs.SE,cs,2022-05,142,50
cs.SE,cs,2022-06,138,50
cs.SE,cs,2022-07,100,50
cs.SE,cs,2022-08,181,50
cs.SE,cs,2022-09,140,50
cs.SE,cs,2022-10,95,50
cs.SE,cs,2022-11,89,50
cs.SE,cs,2022-12,111,50
cs.SE,cs,2023-01,124,50
cs.SE,cs,2023-02,143,50
cs.SE,cs,2023-03,173,50
cs.SE,cs,2023-04,135,50
cs.SE,cs,2023-05,217,50
cs.SE,cs,2023-06,159,50
cs.SE,cs,2023-07,188,50
cs.SE,cs,2023-08,237,50
cs.SE,cs,2023-09,168,50
cs.SE,cs,2023-10,187,50
cs.SE,cs,2023-11,176,50
cs.SE,cs,2023-12,160,50
cs.SE,cs,2024-01,245,50
cs.SE,cs,2024-02,237,50
cs.SE,cs,2024-03,220,50
cs.SE,cs,2024-04,258,50
cs.SE,cs,2024-05,238,50
cs.SE,cs,2024-06,233,50
cs.SE,cs,2024-07,256,50
cs.SE,cs,2024-08,261,50
cs.SE,cs,2024-09,223,50
cs.SE,cs,2024-10,224,50
cs.SE,cs,2024-11,224,50
cs.SE,cs,2024-12,233,50
cs.SE,cs,2025-01,286,50
cs.SE,cs,2025-02,298,50
cs.SE,cs,2025-03,337,50
cs.SE,cs,2025-04,348,50
cs.SE,cs,2025-05,288,50
cs.SE,cs,2025-06,387,50
cs.SE,cs,2025-07,367,50
cs.SE,cs,2025-08,284,50
cs.SE,cs,2025-09,352,50
cs.SE,cs,2025-10,452,50
cs.SE,cs,2025-11,323,50
cs.SE,cs,2025-12,344,50
cs.SI,cs,2018-01,83,50
cs.SI,cs,2018-02,85,50
cs.SI,cs,2018-03,56,50
cs.SI,cs,2018-04,86,50
cs.SI,cs,2018-05,81,50
cs.SI,cs,2018-06,60,50
cs.SI,cs,2018-07,65,50
cs.SI,cs,2018-08,47,47
cs.SI,cs,2018-09,85,50
cs.SI,cs,2018-10,55,50
cs.SI,cs,2018-11,76,50
cs.SI,cs,2018-12,61,50
cs.SI,cs,2019-01,60,50
cs.SI,cs,2019-02,75,50
cs.SI,cs,2019-03,71,50
cs.SI,cs,2019-04,85,50
cs.SI,cs,2019-05,81,50
cs.SI,cs,2019-06,96,50
cs.SI,cs,2019-07,64,50
cs.SI,cs,2019-08,94,50
cs.SI,cs,2019-09,72,50
cs.SI,cs,2019-10,82,50
cs.SI,cs,2019-11,76,50
cs.SI,cs,2019-12,67,50
cs.SI,cs,2020-01,76,50
cs.SI,cs,2020-02,81,50
cs.SI,cs,2020-03,88,50
cs.SI,cs,2020-04,140,50
cs.SI,cs,2020-05,100,50
cs.SI,cs,2020-06,130,50
cs.SI,cs,2020-07,89,50
cs.SI,cs,2020-08,121,50
cs.SI,cs,2020-09,99,50
cs.SI,cs,2020-10,101,50
cs.SI,cs,2020-11,98,50
cs.SI,cs,2020-12,100,50
cs.SI,cs,2021-01,91,50
cs.SI,cs,2021-02,93,50
cs.SI,cs,2021-03,108,50
cs.SI,cs,2021-04,76,50
cs.SI,cs,2021-05,98,50
cs.SI,cs,2021-06,103,50
cs.SI,cs,2021-07,66,50
cs.SI,cs,2021-08,65,50
cs.SI,cs,2021-09,85,50
cs.SI,cs,2021-10,84,50
cs.SI,cs,2021-11,91,50
cs.SI,cs,2021-12,70,50
cs.SI,cs,2022-01,82,50
cs.SI,cs,2022-02,75,50
cs.SI,cs,2022-03,87,50
cs.SI,cs,2022-04,65,50
cs.SI,cs,2022-05,63,50
cs.SI,cs,2022-06,72,50
cs.SI,cs,2022-07,74,50
cs.SI,cs,2022-08,76,50
cs.SI,cs,2022-09,78,50
cs.SI,cs,2022-10,79,50
cs.SI,cs,2022-11,82,50
cs.SI,cs,2022-12,63,50
cs.SI,cs,2023-01,80,50
cs.SI,cs,2023-02,59,50
cs.SI,cs,2023-03,90,50
cs.SI,cs,2023-04,57,50
cs.SI,cs,2023-05,76,50
cs.SI,cs,2023-06,93,50
cs.SI,cs,2023-07,77,50
cs.SI,cs,2023-08,75,50
cs.SI,cs,2023-09,73,50
cs.SI,cs,2023-10,90,50
cs.SI,cs,2023-11,79,50
cs.SI,cs,2023-12,74,50
cs.SI,cs,2024-01,93,50
cs.SI,cs,2024-02,97,50
cs.SI,cs,2024-03,87,50
cs.SI,cs,2024-04,71,50
cs.SI,cs,2024-05,79,50
cs.SI,cs,2024-06,78,50
cs.SI,cs,2024-07,90,50
cs.SI,cs,2024-08,63,50
cs.SI,cs,2024-09,87,50
cs.SI,cs,2024-10,107,50
cs.SI,cs,2024-11,66,50
cs.SI,cs,2024-12,78,50
cs.SI,cs,2025-01,75,50
cs.SI,cs,2025-02,107,50
cs.SI,cs,2025-03,97,50
cs.SI,cs,2025-04,78,50
cs.SI,cs,2025-05,114,50
cs.SI,cs,2025-06,72,50
cs.SI,cs,2025-07,86,50
cs.SI,cs,2025-08,75,50
cs.SI,cs,2025-09,85,50
cs.SI,cs,2025-10,86,50
cs.SI,cs,2025-11,73,50
cs.SI,cs,2025-12,89,50
cs.SY,cs,2018-01,60,50
cs.SY,cs,2018-02,75,50
cs.SY,cs,2018-03,113,50
cs.SY,cs,2018-04,121,50
cs.SY,cs,2018-05,89,50
cs.SY,cs,2018-06,75,50
cs.SY,cs,2018-07,68,50
cs.SY,cs,2018-08,62,50
cs.SY,cs,2018-09,104,50
cs.SY,cs,2018-10,100,50
cs.SY,cs,2018-11,91,50
cs.SY,cs,2018-12,67,50
cs.SY,cs,2019-02,86,50
cs.SY,cs,2019-03,144,50
cs.SY,cs,2019-04,97,50
cs.SY,cs,2019-05,86,50
cs.SY,cs,2019-06,4,4
cs.SY,cs,2025-12,1,1
econ.EM,econ,2018-01,10,10
econ.EM,econ,2018-02,7,7
econ.EM,econ,2018-03,13,13
econ.EM,econ,2018-04,7,7
econ.EM,econ,2018-05,10,10
econ.EM,econ,2018-06,8,8
econ.EM,econ,2018-07,8,8
econ.EM,econ,2018-08,7,7
econ.EM,econ,2018-09,14,14
econ.EM,econ,2018-10,6,6
econ.EM,econ,2018-11,5,5
econ.EM,econ,2018-12,4,4
econ.EM,econ,2019-01,5,5
econ.EM,econ,2019-02,7,7
econ.EM,econ,2019-03,2,2
econ.EM,econ,2019-04,13,13
econ.EM,econ,2019-05,13,13
econ.EM,econ,2019-06,10,10
econ.EM,econ,2019-07,13,13
econ.EM,econ,2019-08,11,11
econ.EM,econ,2019-09,11,11
econ.EM,econ,2019-10,11,11
econ.EM,econ,2019-11,9,9
econ.EM,econ,2019-12,11,11
econ.EM,econ,2020-01,7,7
econ.EM,econ,2020-02,8,8
econ.EM,econ,2020-03,13,13
econ.EM,econ,2020-04,14,14
econ.EM,econ,2020-05,16,16
econ.EM,econ,2020-06,25,25
econ.EM,econ,2020-07,14,14
econ.EM,econ,2020-08,17,17
econ.EM,econ,2020-09,16,16
econ.EM,econ,2020-10,17,17
econ.EM,econ,2020-11,19,19
econ.EM,econ,2020-12,14,14
econ.EM,econ,2021-01,13,13
econ.EM,econ,2021-02,10,10
econ.EM,econ,2021-03,20,20
econ.EM,econ,2021-04,9,9
econ.EM,econ,2021-05,13,13
econ.EM,econ,2021-06,10,10
econ.EM,econ,2021-07,19,19
econ.EM,econ,2021-08,15,15
econ.EM,econ,2021-09,16,16
econ.EM,econ,2021-10,15,15
econ.EM,econ,2021-11,15,15
econ.EM,econ,2021-12,12,12
econ.EM,econ,2022-01,16,16
econ.EM,econ,2022-02,15,15
econ.EM,econ,2022-03,12,12
econ.EM,econ,2022-04,16,16
econ.EM,econ,2022-05,13,13
econ.EM,econ,2022-06,14,14
econ.EM,econ,2022-07,14,14
econ.EM,econ,2022-08,13,13
econ.EM,econ,2022-09,18,18
econ.EM,econ,2022-10,16,16
econ.EM,econ,2022-11,15,15
econ.EM,econ,2022-12,19,19
econ.EM,econ,2023-01,19,19
econ.EM,econ,2023-02,9,9
econ.EM,econ,2023-03,7,7
econ.EM,econ,2023-04,9,9
econ.EM,econ,2023-05,15,15
econ.EM,econ,2023-06,13,13
econ.EM,econ,2023-07,24,24
econ.EM,econ,2023-08,17,17
econ.EM,econ,2023-09,9,9
econ.EM,econ,2023-10,19,19
econ.EM,econ,2023-11,12,12
econ.EM,econ,2023-12,18,18
econ.EM,econ,2024-01,13,13
econ.EM,econ,2024-02,13,13
econ.EM,econ,2024-03,17,17
econ.EM,econ,2024-04,16,16
econ.EM,econ,2024-05,22,22
econ.EM,econ,2024-06,8,8
econ.EM,econ,2024-07,11,11
econ.EM,econ,2024-08,12,12
econ.EM,econ,2024-09,15,15
econ.EM,econ,2024-10,16,16
econ.EM,econ,2024-11,18,18
econ.EM,econ,2024-12,13,13
econ.EM,econ,2025-01,17,17
econ.EM,econ,2025-02,15,15
econ.EM,econ,2025-03,23,23
econ.EM,econ,2025-04,15,15
econ.EM,econ,2025-05,17,17
econ.EM,econ,2025-06,14,14
econ.EM,econ,2025-07,20,20
econ.EM,econ,2025-08,10,10
econ.EM,econ,2025-09,20,20
econ.EM,econ,2025-10,26,26
econ.EM,econ,2025-11,25,25
econ.EM,econ,2025-12,30,30
econ.GN,econ,2018-05,2,2
econ.GN,econ,2018-07,6,6
econ.GN,econ,2018-08,2,2
econ.GN,econ,2018-09,3,3
econ.GN,econ,2018-11,1,1
econ.GN,econ,2018-12,1,1
econ.GN,econ,2019-01,4,4
econ.GN,econ,2019-02,4,4
econ.GN,econ,2019-03,7,7
econ.GN,econ,2019-04,3,3
econ.GN,econ,2019-05,4,4
econ.GN,econ,2019-06,4,4
econ.GN,econ,2019-07,5,5
econ.GN,econ,2019-08,6,6
econ.GN,econ,2019-09,4,4
econ.GN,econ,2019-10,5,5
econ.GN,econ,2019-11,2,2
econ.GN,econ,2019-12,7,7
econ.GN,econ,2020-01,5,5
econ.GN,econ,2020-02,3,3
econ.GN,econ,2020-03,4,4
econ.GN,econ,2020-04,12,12
econ.GN,econ,2020-05,13,13
econ.GN,econ,2020-06,11,11
econ.GN,econ,2020-07,10,10
econ.GN,econ,2020-08,7,7
econ.GN,econ,2020-09,7,7
econ.GN,econ,2020-10,11,11
econ.GN,econ,2020-11,15,15
econ.GN,econ,2020-12,15,15
econ.GN,econ,2021-01,8,8
econ.GN,econ,2021-02,20,20
econ.GN,econ,2021-03,12,12
econ.GN,econ,2021-04,13,13
econ.GN,econ,2021-05,15,15
econ.GN,econ,2021-06,9,9
econ.GN,econ,2021-07,11,11
econ.GN,econ,2021-08,3,3
econ.GN,econ,2021-09,9,9
econ.GN,econ,2021-10,7,7
econ.GN,econ,2021-11,8,8
econ.GN,econ,2021-12,13,13
econ.GN,econ,2022-01,15,15
econ.GN,econ,2022-02,12,12
econ.GN,econ,2022-03,5,5
econ.GN,econ,2022-04,4,4
econ.GN,econ,2022-05,10,10
econ.GN,econ,2022-06,13,13
econ.GN,econ,2022-07,6,6
econ.GN,econ,2022-08,3,3
econ.GN,econ,2022-09,11,11
econ.GN,econ,2022-10,7,7
econ.GN,econ,2022-11,8,8
econ.GN,econ,2022-12,9,9
econ.GN,econ,2023-01,7,7
econ.GN,econ,2023-02,8,8
econ.GN,econ,2023-03,9,9
econ.GN,econ,2023-04,11,11
econ.GN,econ,2023-05,10,10
econ.GN,econ,2023-06,10,10
econ.GN,econ,2023-07,6,6
econ.GN,econ,2023-08,12,12
econ.GN,econ,2023-09,4,4
econ.GN,econ,2023-10,11,11
econ.GN,econ,2023-11,5,5
econ.GN,econ,2023-12,6,6
econ.GN,econ,2024-01,11,11
econ.GN,econ,2024-02,12,12
econ.GN,econ,2024-03,6,6
econ.GN,econ,2024-04,17,17
econ.GN,econ,2024-05,10,10
econ.GN,econ,2024-06,9,9
econ.GN,econ,2024-07,14,14
econ.GN,econ,2024-08,10,10
econ.GN,econ,2024-09,16,16
econ.GN,econ,2024-10,10,10
econ.GN,econ,2024-11,12,12
econ.GN,econ,2024-12,10,10
econ.GN,econ,2025-01,13,13
econ.GN,econ,2025-02,9,9
econ.GN,econ,2025-03,8,8
econ.GN,econ,2025-04,20,20
econ.GN,econ,2025-05,21,21
econ.GN,econ,2025-06,11,11
econ.GN,econ,2025-07,16,16
econ.GN,econ,2025-08,15,15
econ.GN,econ,2025-09,16,16
econ.GN,econ,2025-10,18,18
econ.GN,econ,2025-11,19,19
econ.GN,econ,2025-12,21,21
econ.TH,econ,2018-01,1,1
econ.TH,econ,2018-08,2,2
econ.TH,econ,2018-09,1,1
econ.TH,econ,2018-10,1,1
econ.TH,econ,2018-11,3,3
econ.TH,econ,2018-12,3,3
econ.TH,econ,2019-01,1,1
econ.TH,econ,2019-02,1,1
econ.TH,econ,2019-03,1,1
econ.TH,econ,2019-04,4,4
econ.TH,econ,2019-05,5,5
econ.TH,econ,2019-06,2,2
econ.TH,econ,2019-07,7,7
econ.TH,econ,2019-08,6,6
econ.TH,econ,2019-09,3,3
econ.TH,econ,2019-10,7,7
econ.TH,econ,2019-11,7,7
econ.TH,econ,2019-12,4,4
econ.TH,econ,2020-01,3,3
econ.TH,econ,2020-02,7,7
econ.TH,econ,2020-03,3,3
econ.TH,econ,2020-04,11,11
econ.TH,econ,2020-05,11,11
econ.TH,econ,2020-06,8,8
econ.TH,econ,2020-07,13,13
econ.TH,econ,2020-08,10,10
econ.TH,econ,2020-09,11,11
econ.TH,econ,2020-10,4,4
econ.TH,econ,2020-11,7,7
econ.TH,econ,2020-12,6,6
econ.TH,econ,2021-01,3,3
econ.TH,econ,2021-02,11,11
econ.TH,econ,2021-03,5,5
econ.TH,econ,2021-04,2,2
econ.TH,econ,2021-05,6,6
econ.TH,econ,2021-06,7,7
econ.TH,econ,2021-07,10,10
econ.TH,econ,2021-08,8,8
econ.TH,econ,2021-09,5,5
econ.TH,econ,2021-10,8,8
econ.TH,econ,2021-11,4,4
econ.TH,econ,2021-12,7,7
econ.TH,econ,2022-01,3,3
econ.TH,econ,2022-02,8,8
econ.TH,econ,2022-03,9,9
econ.TH,econ,2022-04,3,3
econ.TH,econ,2022-05,9,9
econ.TH,econ,2022-06,7,7
econ.TH,econ,2022-07,7,7
econ.TH,econ,2022-08,7,7
econ.TH,econ,2022-09,7,7
econ.TH,econ,2022-10,7,7
econ.TH,econ,2022-11,2,2
econ.TH,econ,2022-12,6,6
econ.TH,econ,2023-01,13,13
econ.TH,econ,2023-02,12,12
econ.TH,econ,2023-03,10,10
econ.TH,econ,2023-04,7,7
econ.TH,econ,2023-05,6,6
econ.TH,econ,2023-06,2,2
econ.TH,econ,2023-07,5,5
econ.TH,econ,2023-08,3,3
econ.TH,econ,2023-09,5,5
econ.TH,econ,2023-10,10,10
econ.TH,econ,2023-11,10,10
econ.TH,econ,2023-12,9,9
econ.TH,econ,2024-01,11,11
econ.TH,econ,2024-02,17,17
econ.TH,econ,2024-03,12,12
econ.TH,econ,2024-04,10,10
econ.TH,econ,2024-05,7,7
econ.TH,econ,2024-06,9,9
econ.TH,econ,2024-07,7,7
econ.TH,econ,2024-08,7,7
econ.TH,econ,2024-09,8,8
econ.TH,econ,2024-10,12,12
econ.TH,econ,2024-11,14,14
econ.TH,econ,2024-12,9,9
econ.TH,econ,2025-01,9,9
econ.TH,econ,2025-02,16,16
econ.TH,econ,2025-03,12,12
econ.TH,econ,2025-04,11,11
econ.TH,econ,2025-05,12,12
econ.TH,econ,2025-06,4,4
econ.TH,econ,2025-07,14,14
econ.TH,econ,2025-08,12,12
econ.TH,econ,2025-09,10,10
econ.TH,econ,2025-10,10,10
econ.TH,econ,2025-11,11,11
econ.TH,econ,2025-12,20,20
eess.AS,eess,2018-01,5,5
eess.AS,eess,2018-02,12,12
eess.AS,eess,2018-03,22,22
eess.AS,eess,2018-04,29,29
eess.AS,eess,2018-05,17,17
eess.AS,eess,2018-06,18,18
eess.AS,eess,2018-07,24,24
eess.AS,eess,2018-08,17,17
eess.AS,eess,2018-09,16,16
eess.AS,eess,2018-10,38,38
eess.AS,eess,2018-11,59,50
eess.AS,eess,2018-12,25,25
eess.AS,eess,2019-01,12,12
eess.AS,eess,2019-02,21,21
eess.AS,eess,2019-03,24,24
eess.AS,eess,2019-04,52,50
eess.AS,eess,2019-05,34,34
eess.AS,eess,2019-06,52,50
eess.AS,eess,2019-07,58,50
eess.AS,eess,2019-08,30,30
eess.AS,eess,2019-09,44,44
eess.AS,eess,2019-10,95,50
eess.AS,eess,2019-11,62,50
eess.AS,eess,2019-12,45,45
eess.AS,eess,2020-01,53,50
eess.AS,eess,2020-02,85,50
eess.AS,eess,2020-03,78,50
eess.AS,eess,2020-04,93,50
eess.AS,eess,2020-05,186,50
eess.AS,eess,2020-06,118,50
eess.AS,eess,2020-07,115,50
eess.AS,eess,2020-08,203,50
eess.AS,eess,2020-09,78,50
eess.AS,eess,2020-10,127,50
eess.AS,eess,2020-11,109,50
eess.AS,eess,2020-12,51,50
eess.AS,eess,2021-01,33,33
eess.AS,eess,2021-02,82,50
eess.AS,eess,2021-03,72,50
eess.AS,eess,2021-04,111,50
eess.AS,eess,2021-05,52,50
eess.AS,eess,2021-06,117,50
eess.AS,eess,2021-07,89,50
eess.AS,eess,2021-08,58,50
eess.AS,eess,2021-09,65,50
eess.AS,eess,2021-10,166,50
eess.AS,eess,2021-11,67,50
eess.AS,eess,2021-12,45,45
eess.AS,eess,2022-01,55,50
eess.AS,eess,2022-02,94,50
eess.AS,eess,2022-03,129,50
eess.AS,eess,2022-04,113,50
eess.AS,eess,2022-05,72,50
eess.AS,eess,2022-06,115,50
eess.AS,eess,2022-07,80,50
eess.AS,eess,2022-08,36,36
eess.AS,eess,2022-09,64,50
eess.AS,eess,2022-10,141,50
eess.AS,eess,2022-11,156,50
eess.AS,eess,2022-12,66,50
eess.AS,eess,2023-01,32,32
eess.AS,eess,2023-02,66,50
eess.AS,eess,2023-03,101,50
eess.AS,eess,2023-04,48,48
eess.AS,eess,2023-05,149,50
eess.AS,eess,2023-06,158,50
eess.AS,eess,2023-07,87,50
eess.AS,eess,2023-08,75,50
eess.AS,eess,2023-09,200,50
eess.AS,eess,2023-10,110,50
eess.AS,eess,2023-11,68,50
eess.AS,eess,2023-12,77,50
eess.AS,eess,2024-01,117,50
eess.AS,eess,2024-02,88,50
eess.AS,eess,2024-03,70,50
eess.AS,eess,2024-04,49,49
eess.AS,eess,2024-05,46,46
eess.AS,eess,2024-06,236,50
eess.AS,eess,2024-07,123,50
eess.AS,eess,2024-08,98,50
eess.AS,eess,2024-09,225,50
eess.AS,eess,2024-10,119,50
eess.AS,eess,2024-11,62,50
eess.AS,eess,2024-12,80,50
eess.AS,eess,2025-01,105,50
eess.AS,eess,2025-02,64,50
eess.AS,eess,2025-03,60,50
eess.AS,eess,2025-04,52,50
eess.AS,eess,2025-05,162,50
eess.AS,eess,2025-06,164,50
eess.AS,eess,2025-07,130,50
eess.AS,eess,2025-08,141,50
eess.AS,eess,2025-09,234,50
eess.AS,eess,2025-10,146,50
eess.AS,eess,2025-11,60,50
eess.AS,eess,2025-12,56,50
eess.IV,eess,2018-01,24,24
eess.IV,eess,2018-02,34,34
eess.IV,eess,2018-03,33,33
eess.IV,eess,2018-04,21,21
eess.IV,eess,2018-05,22,22
eess.IV,eess,2018-06,37,37
eess.IV,eess,2018-07,33,33
eess.IV,eess,2018-08,27,27
eess.IV,eess,2018-09,18,18
eess.IV,eess,2018-10,49,49
eess.IV,eess,2018-11,46,46
eess.IV,eess,2018-12,39,39
eess.IV,eess,2019-01,46,46
eess.IV,eess,2019-02,38,38
eess.IV,eess,2019-03,44,44
eess.IV,eess,2019-04,67,50
eess.IV,eess,2019-05,116,50
eess.IV,eess,2019-06,145,50
eess.IV,eess,2019-07,214,50
eess.IV,eess,2019-08,219,50
eess.IV,eess,2019-09,199,50
eess.IV,eess,2019-10,208,50
eess.IV,eess,2019-11,198,50
eess.IV,eess,2019-12,181,50
eess.IV,eess,2020-01,147,50
eess.IV,eess,2020-02,184,50
eess.IV,eess,2020-03,204,50
eess.IV,eess,2020-04,258,50
eess.IV,eess,2020-05,217,50
eess.IV,eess,2020-06,222,50
eess.IV,eess,2020-07,233,50
eess.IV,eess,2020-08,244,50
eess.IV,eess,2020-09,237,50
eess.IV,eess,2020-10,221,50
eess.IV,eess,2020-11,201,50
eess.IV,eess,2020-12,220,50
eess.IV,eess,2021-01,187,50
eess.IV,eess,2021-02,165,50
eess.IV,eess,2021-03,238,50
eess.IV,eess,2021-04,186,50
eess.IV,eess,2021-05,210,50
eess.IV,eess,2021-06,208,50
eess.IV,eess,2021-07,220,50
eess.IV,eess,2021-08,199,50
eess.IV,eess,2021-09,231,50
eess.IV,eess,2021-10,215,50
eess.IV,eess,2021-11,221,50
eess.IV,eess,2021-12,198,50
eess.IV,eess,2022-01,227,50
eess.IV,eess,2022-02,226,50
eess.IV,eess,2022-03,322,50
eess.IV,eess,2022-04,212,50
eess.IV,eess,2022-05,192,50
eess.IV,eess,2022-06,254,50
eess.IV,eess,2022-07,236,50
eess.IV,eess,2022-08,220,50
eess.IV,eess,2022-09,228,50
eess.IV,eess,2022-10,212,50
eess.IV,eess,2022-11,254,50
eess.IV,eess,2022-12,142,50
eess.IV,eess,2023-01,158,50
eess.IV,eess,2023-02,171,50
eess.IV,eess,2023-03,297,50
eess.IV,eess,2023-04,224,50
eess.IV,eess,2023-05,220,50
eess.IV,eess,2023-06,228,50
eess.IV,eess,2023-07,236,50
eess.IV,eess,2023-08,300,50
eess.IV,eess,2023-09,224,50
eess.IV,eess,2023-10,243,50
eess.IV,eess,2023-11,269,50
eess.IV,eess,2023-12,225,50
eess.IV,eess,2024-01,203,50
eess.IV,eess,2024-02,236,50
eess.IV,eess,2024-03,315,50
eess.IV,eess,2024-04,237,50
eess.IV,eess,2024-05,239,50
eess.IV,eess,2024-06,270,50
eess.IV,eess,2024-07,314,50
eess.IV,eess,2024-08,238,50
eess.IV,eess,2024-09,325,50
eess.IV,eess,2024-10,293,50
eess.IV,eess,2024-11,302,50
eess.IV,eess,2024-12,223,50
eess.IV,eess,2025-01,244,50
eess.IV,eess,2025-02,223,50
eess.IV,eess,2025-03,316,50
eess.IV,eess,2025-04,183,50
eess.IV,eess,2025-05,310,50
eess.IV,eess,2025-06,290,50
eess.IV,eess,2025-07,278,50
eess.IV,eess,2025-08,244,50
eess.IV,eess,2025-09,186,50
eess.IV,eess,2025-10,149,50
eess.IV,eess,2025-11,149,50
eess.IV,eess,2025-12,113,50
eess.SP,eess,2018-01,106,50
eess.SP,eess,2018-02,127,50
eess.SP,eess,2018-03,146,50
eess.SP,eess,2018-04,122,50
eess.SP,eess,2018-05,116,50
eess.SP,eess,2018-06,136,50
eess.SP,eess,2018-07,180,50
eess.SP,eess,2018-08,128,50
eess.SP,eess,2018-09,105,50
eess.SP,eess,2018-10,175,50
eess.SP,eess,2018-11,162,50
eess.SP,eess,2018-12,153,50
eess.SP,eess,2019-01,139,50
eess.SP,eess,2019-02,153,50
eess.SP,eess,2019-03,183,50
eess.SP,eess,2019-04,154,50
eess.SP,eess,2019-05,224,50
eess.SP,eess,2019-06,189,50
eess.SP,eess,2019-07,236,50
eess.SP,eess,2019-08,185,50
eess.SP,eess,2019-09,169,50
eess.SP,eess,2019-10,203,50
eess.SP,eess,2019-11,190,50
eess.SP,eess,2019-12,212,50
eess.SP,eess,2020-01,207,50
eess.SP,eess,2020-02,267,50
eess.SP,eess,2020-03,278,50
eess.SP,eess,2020-04,255,50
eess.SP,eess,2020-05,251,50
eess.SP,eess,2020-06,295,50
eess.SP,eess,2020-07,280,50
eess.SP,eess,2020-08,252,50
eess.SP,eess,2020-09,267,50
eess.SP,eess,2020-10,225,50
eess.SP,eess,2020-11,209,50
eess.SP,eess,2020-12,185,50
eess.SP,eess,2021-01,153,50
eess.SP,eess,2021-02,165,50
eess.SP,eess,2021-03,200,50
eess.SP,eess,2021-04,164,50
eess.SP,eess,2021-05,165,50
eess.SP,eess,2021-06,209,50
eess.SP,eess,2021-07,174,50
eess.SP,eess,2021-08,183,50
eess.SP,eess,2021-09,183,50
eess.SP,eess,2021-10,213,50
eess.SP,eess,2021-11,188,50
eess.SP,eess,2021-12,144,50
eess.SP,eess,2022-01,163,50
eess.SP,eess,2022-02,187,50
eess.SP,eess,2022-03,232,50
eess.SP,eess,2022-04,174,50
eess.SP,eess,2022-05,200,50
eess.SP,eess,2022-06,192,50
eess.SP,eess,2022-07,141,50
eess.SP,eess,2022-08,197,50
eess.SP,eess,2022-09,204,50
eess.SP,eess,2022-10,220,50
eess.SP,eess,2022-11,251,50
eess.SP,eess,2022-12,173,50
eess.SP,eess,2023-01,189,50
eess.SP,eess,2023-02,210,50
eess.SP,eess,2023-03,199,50
eess.SP,eess,2023-04,181,50
eess.SP,eess,2023-05,224,50
eess.SP,eess,2023-06,216,50
eess.SP,eess,2023-07,197,50
eess.SP,eess,2023-08,219,50
eess.SP,eess,2023-09,243,50
eess.SP,eess,2023-10,200,50
eess.SP,eess,2023-11,190,50
eess.SP,eess,2023-12,214,50
eess.SP,eess,2024-01,261,50
eess.SP,eess,2024-02,253,50
eess.SP,eess,2024-03,245,50
eess.SP,eess,2024-04,237,50
eess.SP,eess,2024-05,320,50
eess.SP,eess,2024-06,261,50
eess.SP,eess,2024-07,298,50
eess.SP,eess,2024-08,234,50
eess.SP,eess,2024-09,283,50
eess.SP,eess,2024-10,313,50
eess.SP,eess,2024-11,272,50
eess.SP,eess,2024-12,314,50
eess.SP,eess,2025-01,321,50
eess.SP,eess,2025-02,304,50
eess.SP,eess,2025-03,366,50
eess.SP,eess,2025-04,356,50
eess.SP,eess,2025-05,315,50
eess.SP,eess,2025-06,362,50
eess.SP,eess,2025-07,331,50
eess.SP,eess,2025-08,320,50
eess.SP,eess,2025-09,430,50
eess.SP,eess,2025-10,377,50
eess.SP,eess,2025-11,365,50
eess.SP,eess,2025-12,360,50
eess.SY,eess,2018-02,2,2
eess.SY,eess,2018-03,2,2
eess.SY,eess,2018-04,1,1
eess.SY,eess,2018-05,1,1
eess.SY,eess,2018-07,4,4
eess.SY,eess,2018-08,3,3
eess.SY,eess,2018-09,3,3
eess.SY,eess,2018-11,3,3
eess.SY,eess,2018-12,3,3
eess.SY,eess,2019-01,90,50
eess.SY,eess,2019-02,7,7
eess.SY,eess,2019-03,7,7
eess.SY,eess,2019-04,1,1
eess.SY,eess,2019-05,9,9
eess.SY,eess,2019-06,113,50
eess.SY,eess,2019-07,130,50
eess.SY,eess,2019-08,121,50
eess.SY,eess,2019-09,191,50
eess.SY,eess,2019-10,196,50
eess.SY,eess,2019-11,198,50
eess.SY,eess,2019-12,164,50
eess.SY,eess,2020-01,158,50
eess.SY,eess,2020-02,146,50
eess.SY,eess,2020-03,263,50
eess.SY,eess,2020-04,250,50
eess.SY,eess,2020-05,219,50
eess.SY,eess,2020-06,224,50
eess.SY,eess,2020-07,175,50
eess.SY,eess,2020-08,182,50
eess.SY,eess,2020-09,230,50
eess.SY,eess,2020-10,205,50
eess.SY,eess,2020-11,242,50
eess.SY,eess,2020-12,198,50
eess.SY,eess,2021-01,186,50
eess.SY,eess,2021-02,197,50
eess.SY,eess,2021-03,311,50
eess.SY,eess,2021-04,232,50
eess.SY,eess,2021-05,180,50
eess.SY,eess,2021-06,194,50
eess.SY,eess,2021-07,171,50
eess.SY,eess,2021-08,178,50
eess.SY,eess,2021-09,205,50
eess.SY,eess,2021-10,245,50
eess.SY,eess,2021-11,218,50
eess.SY,eess,2021-12,187,50
eess.SY,eess,2022-01,157,50
eess.SY,eess,2022-02,188,50
eess.SY,eess,2022-03,286,50
eess.SY,eess,2022-04,230,50
eess.SY,eess,2022-05,192,50
eess.SY,eess,2022-06,201,50
eess.SY,eess,2022-07,238,50
eess.SY,eess,2022-08,215,50
eess.SY,eess,2022-09,250,50
eess.SY,eess,2022-10,229,50
eess.SY,eess,2022-11,254,50
eess.SY,eess,2022-12,234,50
eess.SY,eess,2023-01,194,50
eess.SY,eess,2023-02,173,50
eess.SY,eess,2023-03,276,50
eess.SY,eess,2023-04,326,50
eess.SY,eess,2023-05,258,50
eess.SY,eess,2023-06,182,50
eess.SY,eess,2023-07,206,50
eess.SY,eess,2023-08,209,50
eess.SY,eess,2023-09,299,50
eess.SY,eess,2023-10,325,50
eess.SY,eess,2023-11,327,50
eess.SY,eess,2023-12,246,50
eess.SY,eess,2024-01,257,50
eess.SY,eess,2024-02,241,50
eess.SY,eess,2024-03,378,50
eess.SY,eess,2024-04,297,50
eess.SY,eess,2024-05,287,50
eess.SY,eess,2024-06,266,50
eess.SY,eess,2024-07,240,50
eess.SY,eess,2024-08,250,50
eess.SY,eess,2024-09,342,50
eess.SY,eess,2024-10,327,50
eess.SY,eess,2024-11,321,50
eess.SY,eess,2024-12,260,50
eess.SY,eess,2025-01,285,50
eess.SY,eess,2025-02,253,50
eess.SY,eess,2025-03,419,50
eess.SY,eess,2025-04,405,50
eess.SY,eess,2025-05,323,50
eess.SY,eess,2025-06,322,50
eess.SY,eess,2025-07,341,50
eess.SY,eess,2025-08,281,50
eess.SY,eess,2025-09,413,50
eess.SY,eess,2025-10,418,50
eess.SY,eess,2025-11,467,50
eess.SY,eess,2025-12,417,50
gr-qc,gr-qc,2018-01,21,21
gr-qc,gr-qc,2018-02,7,7
gr-qc,gr-qc,2018-03,24,24
gr-qc,gr-qc,2018-04,20,20
gr-qc,gr-qc,2018-05,27,27
gr-qc,gr-qc,2018-06,22,22
gr-qc,gr-qc,2018-07,26,26
gr-qc,gr-qc,2018-08,26,26
gr-qc,gr-qc,2018-09,18,18
gr-qc,gr-qc,2018-10,13,13
gr-qc,gr-qc,2018-11,18,18
gr-qc,gr-qc,2018-12,21,21
gr-qc,gr-qc,2019-01,22,22
gr-qc,gr-qc,2019-02,23,23
gr-qc,gr-qc,2019-03,17,17
gr-qc,gr-qc,2019-04,23,23
gr-qc,gr-qc,2019-05,14,14
gr-qc,gr-qc,2019-06,18,18
gr-qc,gr-qc,2019-07,25,25
gr-qc,gr-qc,2019-08,20,20
gr-qc,gr-qc,2019-09,32,32
gr-qc,gr-qc,2019-10,31,31
gr-qc,gr-qc,2019-11,32,32
gr-qc,gr-qc,2019-12,16,16
gr-qc,gr-qc,2020-01,20,20
gr-qc,gr-qc,2020-02,21,21
gr-qc,gr-qc,2020-03,28,28
gr-qc,gr-qc,2020-04,20,20
gr-qc,gr-qc,2020-05,31,31
gr-qc,gr-qc,2020-06,21,21
gr-qc,gr-qc,2020-07,30,30
gr-qc,gr-qc,2020-08,14,14
gr-qc,gr-qc,2020-09,21,21
gr-qc,gr-qc,2020-10,32,32
gr-qc,gr-qc,2020-11,16,16
gr-qc,gr-qc,2020-12,34,34
gr-qc,gr-qc,2021-01,28,28
gr-qc,gr-qc,2021-02,28,28
gr-qc,gr-qc,2021-03,29,29
gr-qc,gr-qc,2021-04,19,19
gr-qc,gr-qc,2021-05,29,29
gr-qc,gr-qc,2021-06,25,25
gr-qc,gr-qc,2021-07,36,36
gr-qc,gr-qc,2021-08,26,26
gr-qc,gr-qc,2021-09,24,24
gr-qc,gr-qc,2021-10,25,25
gr-qc,gr-qc,2021-11,32,32
gr-qc,gr-qc,2021-12,45,45
gr-qc,gr-qc,2022-01,35,35
gr-qc,gr-qc,2022-02,24,24
gr-qc,gr-qc,2022-03,22,22
gr-qc,gr-qc,2022-04,24,24
gr-qc,gr-qc,2022-05,27,27
gr-qc,gr-qc,2022-06,37,37
gr-qc,gr-qc,2022-07,32,32
gr-qc,gr-qc,2022-08,26,26
gr-qc,gr-qc,2022-09,37,37
gr-qc,gr-qc,2022-10,25,25
gr-qc,gr-qc,2022-11,32,32
gr-qc,gr-qc,2022-12,26,26
gr-qc,gr-qc,2023-01,37,37
gr-qc,gr-qc,2023-02,35,35
gr-qc,gr-qc,2023-03,29,29
gr-qc,gr-qc,2023-04,28,28
gr-qc,gr-qc,2023-05,36,36
gr-qc,gr-qc,2023-06,22,22
gr-qc,gr-qc,2023-07,32,32
gr-qc,gr-qc,2023-08,20,20
gr-qc,gr-qc,2023-09,28,28
gr-qc,gr-qc,2023-10,32,32
gr-qc,gr-qc,2023-11,34,34
gr-qc,gr-qc,2023-12,26,26
gr-qc,gr-qc,2024-01,31,31
gr-qc,gr-qc,2024-02,42,42
gr-qc,gr-qc,2024-03,26,26
gr-qc,gr-qc,2024-04,36,36
gr-qc,gr-qc,2024-05,45,45
gr-qc,gr-qc,2024-06,26,26
gr-qc,gr-qc,2024-07,46,46
gr-qc,gr-qc,2024-08,30,30
gr-qc,gr-qc,2024-09,34,34
gr-qc,gr-qc,2024-10,35,35
gr-qc,gr-qc,2024-11,34,34
gr-qc,gr-qc,2024-12,38,38
gr-qc,gr-qc,2025-01,34,34
gr-qc,gr-qc,2025-02,31,31
gr-qc,gr-qc,2025-03,36,36
gr-qc,gr-qc,2025-04,27,27
gr-qc,gr-qc,2025-05,31,31
gr-qc,gr-qc,2025-06,34,34
gr-qc,gr-qc,2025-07,38,38
gr-qc,gr-qc,2025-08,36,36
gr-qc,gr-qc,2025-09,38,38
gr-qc,gr-qc,2025-10,53,50
gr-qc,gr-qc,2025-11,33,33
gr-qc,gr-qc,2025-12,45,45
hep-ex,hep-ex,2018-01,11,11
hep-ex,hep-ex,2018-02,4,4
hep-ex,hep-ex,2018-03,10,10
hep-ex,hep-ex,2018-04,9,9
hep-ex,hep-ex,2018-05,7,7
hep-ex,hep-ex,2018-06,6,6
hep-ex,hep-ex,2018-07,6,6
hep-ex,hep-ex,2018-08,11,11
hep-ex,hep-ex,2018-09,4,4
hep-ex,hep-ex,2018-10,6,6
hep-ex,hep-ex,2018-11,14,14
hep-ex,hep-ex,2018-12,9,9
hep-ex,hep-ex,2019-01,18,18
hep-ex,hep-ex,2019-02,6,6
hep-ex,hep-ex,2019-03,11,11
hep-ex,hep-ex,2019-04,7,7
hep-ex,hep-ex,2019-05,8,8
hep-ex,hep-ex,2019-06,7,7
hep-ex,hep-ex,2019-07,10,10
hep-ex,hep-ex,2019-08,4,4
hep-ex,hep-ex,2019-09,8,8
hep-ex,hep-ex,2019-10,17,17
hep-ex,hep-ex,2019-11,15,15
hep-ex,hep-ex,2019-12,9,9
hep-ex,hep-ex,2020-01,7,7
hep-ex,hep-ex,2020-02,8,8
hep-ex,hep-ex,2020-03,6,6
hep-ex,hep-ex,2020-04,10,10
hep-ex,hep-ex,2020-05,8,8
hep-ex,hep-ex,2020-06,11,11
hep-ex,hep-ex,2020-07,8,8
hep-ex,hep-ex,2020-08,6,6
hep-ex,hep-ex,2020-09,5,5
hep-ex,hep-ex,2020-10,6,6
hep-ex,hep-ex,2020-11,6,6
hep-ex,hep-ex,2020-12,10,10
hep-ex,hep-ex,2021-01,7,7
hep-ex,hep-ex,2021-02,9,9
hep-ex,hep-ex,2021-03,10,10
hep-ex,hep-ex,2021-04,4,4
hep-ex,hep-ex,2021-05,9,9
hep-ex,hep-ex,2021-06,4,4
hep-ex,hep-ex,2021-07,14,14
hep-ex,hep-ex,2021-08,4,4
hep-ex,hep-ex,2021-09,8,8
hep-ex,hep-ex,2021-10,16,16
hep-ex,hep-ex,2021-11,10,10
hep-ex,hep-ex,2021-12,8,8
hep-ex,hep-ex,2022-01,12,12
hep-ex,hep-ex,2022-02,16,16
hep-ex,hep-ex,2022-03,42,42
hep-ex,hep-ex,2022-04,15,15
hep-ex,hep-ex,2022-05,7,7
hep-ex,hep-ex,2022-06,15,15
hep-ex,hep-ex,2022-07,11,11
hep-ex,hep-ex,2022-08,13,13
hep-ex,hep-ex,2022-09,22,22
hep-ex,hep-ex,2022-10,20,20
hep-ex,hep-ex,2022-11,28,28
hep-ex,hep-ex,2022-12,16,16
hep-ex,hep-ex,2023-01,23,23
hep-ex,hep-ex,2023-02,13,13
hep-ex,hep-ex,2023-03,21,21
hep-ex,hep-ex,2023-04,17,17
hep-ex,hep-ex,2023-05,18,18
hep-ex,hep-ex,2023-06,19,19
hep-ex,hep-ex,2023-07,19,19
hep-ex,hep-ex,2023-08,17,17
hep-ex,hep-ex,2023-09,23,23
hep-ex,hep-ex,2023-10,26,26
hep-ex,hep-ex,2023-11,23,23
hep-ex,hep-ex,2023-12,25,25
hep-ex,hep-ex,2024-01,24,24
hep-ex,hep-ex,2024-02,15,15
hep-ex,hep-ex,2024-03,21,21
hep-ex,hep-ex,2024-04,17,17
hep-ex,hep-ex,2024-05,15,15
hep-ex,hep-ex,2024-06,9,9
hep-ex,hep-ex,2024-07,17,17
hep-ex,hep-ex,2024-08,16,16
hep-ex,hep-ex,2024-09,10,10
hep-ex,hep-ex,2024-10,19,19
hep-ex,hep-ex,2024-11,12,12
hep-ex,hep-ex,2024-12,19,19
hep-ex,hep-ex,2025-01,28,28
hep-ex,hep-ex,2025-02,22,22
hep-ex,hep-ex,2025-03,41,41
hep-ex,hep-ex,2025-04,14,14
hep-ex,hep-ex,2025-05,17,17
hep-ex,hep-ex,2025-06,18,18
hep-ex,hep-ex,2025-07,21,21
hep-ex,hep-ex,2025-08,19,19
hep-ex,hep-ex,2025-09,12,12
hep-ex,hep-ex,2025-10,11,11
hep-ex,hep-ex,2025-11,14,14
hep-ex,hep-ex,2025-12,11,11
hep-lat,hep-lat,2018-01,1,1
hep-lat,hep-lat,2018-02,1,1
hep-lat,hep-lat,2018-04,1,1
hep-lat,hep-lat,2018-05,1,1
hep-lat,hep-lat,2018-06,1,1
hep-lat,hep-lat,2018-07,1,1
hep-lat,hep-lat,2018-09,1,1
hep-lat,hep-lat,2018-10,2,2
hep-lat,hep-lat,2018-11,4,4
hep-lat,hep-lat,2018-12,2,2
hep-lat,hep-lat,2019-01,2,2
hep-lat,hep-lat,2019-03,4,4
hep-lat,hep-lat,2019-04,5,5
hep-lat,hep-lat,2019-06,1,1
hep-lat,hep-lat,2019-07,1,1
hep-lat,hep-lat,2019-08,2,2
hep-lat,hep-lat,2019-09,2,2
hep-lat,hep-lat,2019-10,2,2
hep-lat,hep-lat,2019-11,2,2
hep-lat,hep-lat,2019-12,4,4
hep-lat,hep-lat,2020-01,1,1
hep-lat,hep-lat,2020-03,3,3
hep-lat,hep-lat,2020-05,1,1
hep-lat,hep-lat,2020-06,1,1
hep-lat,hep-lat,2020-07,1,1
hep-lat,hep-lat,2020-08,3,3
hep-lat,hep-lat,2020-09,3,3
hep-lat,hep-lat,2020-10,2,2
hep-lat,hep-lat,2020-11,1,1
hep-lat,hep-lat,2020-12,4,4
hep-lat,hep-lat,2021-01,2,2
hep-lat,hep-lat,2021-02,1,1
hep-lat,hep-lat,2021-03,2,2
hep-lat,hep-lat,2021-05,4,4
hep-lat,hep-lat,2021-06,4,4
hep-lat,hep-lat,2021-07,3,3
hep-lat,hep-lat,2021-10,3,3
hep-lat,hep-lat,2021-11,2,2
hep-lat,hep-lat,2021-12,11,11
hep-lat,hep-lat,2022-01,4,4
hep-lat,hep-lat,2022-02,2,2
hep-lat,hep-lat,2022-03,4,4
hep-lat,hep-lat,2022-04,2,2
hep-lat,hep-lat,2022-05,3,3
hep-lat,hep-lat,2022-07,3,3
hep-lat,hep-lat,2022-08,4,4
hep-lat,hep-lat,2022-09,2,2
hep-lat,hep-lat,2022-10,2,2
hep-lat,hep-lat,2022-11,4,4
hep-lat,hep-lat,2022-12,5,5
hep-lat,hep-lat,2023-01,3,3
hep-lat,hep-lat,2023-02,4,4
hep-lat,hep-lat,2023-03,5,5
hep-lat,hep-lat,2023-04,2,2
hep-lat,hep-lat,2023-05,1,1
hep-lat,hep-lat,2023-06,2,2
hep-lat,hep-lat,2023-07,4,4
hep-lat,hep-lat,2023-08,1,1
hep-lat,hep-lat,2023-09,4,4
hep-lat,hep-lat,2023-10,2,2
hep-lat,hep-lat,2023-11,4,4
hep-lat,hep-lat,2023-12,4,4
hep-lat,hep-lat,2024-01,5,5
hep-lat,hep-lat,2024-02,3,3
hep-lat,hep-lat,2024-03,1,1
hep-lat,hep-lat,2024-04,3,3
hep-lat,hep-lat,2024-05,4,4
hep-lat,hep-lat,2024-06,2,2
hep-lat,hep-lat,2024-07,4,4
hep-lat,hep-lat,2024-09,3,3
hep-lat,hep-lat,2024-10,5,5
hep-lat,hep-lat,2024-11,2,2
hep-lat,hep-lat,2024-12,8,8
hep-lat,hep-lat,2025-01,5,5
hep-lat,hep-lat,2025-02,4,4
hep-lat,hep-lat,2025-03,2,2
hep-lat,hep-lat,2025-04,2,2
hep-lat,hep-lat,2025-05,2,2
hep-lat,hep-lat,2025-06,2,2
hep-lat,hep-lat,2025-07,1,1
hep-lat,hep-lat,2025-08,2,2
hep-lat,hep-lat,2025-09,3,3
hep-lat,hep-lat,2025-10,4,4
hep-lat,hep-lat,2025-12,3,3
hep-ph,hep-ph,2018-01,8,8
hep-ph,hep-ph,2018-02,9,9
hep-ph,hep-ph,2018-03,6,6
hep-ph,hep-ph,2018-04,10,10
hep-ph,hep-ph,2018-05,9,9
hep-ph,hep-ph,2018-06,5,5
hep-ph,hep-ph,2018-07,6,6
hep-ph,hep-ph,2018-08,8,8
hep-ph,hep-ph,2018-09,10,10
hep-ph,hep-ph,2018-10,10,10
hep-ph,hep-ph,2018-11,8,8
hep-ph,hep-ph,2018-12,9,9
hep-ph,hep-ph,2019-01,3,3
hep-ph,hep-ph,2019-02,13,13
hep-ph,hep-ph,2019-03,6,6
hep-ph,hep-ph,2019-04,10,10
hep-ph,hep-ph,2019-05,7,7
hep-ph,hep-ph,2019-06,4,4
hep-ph,hep-ph,2019-07,14,14
hep-ph,hep-ph,2019-08,3,3
hep-ph,hep-ph,2019-09,9,9
hep-ph,hep-ph,2019-10,6,6
hep-ph,hep-ph,2019-11,8,8
hep-ph,hep-ph,2019-12,16,16
hep-ph,hep-ph,2020-01,7,7
hep-ph,hep-ph,2020-02,13,13
hep-ph,hep-ph,2020-03,17,17
hep-ph,hep-ph,2020-04,12,12
hep-ph,hep-ph,2020-05,5,5
hep-ph,hep-ph,2020-06,15,15
hep-ph,hep-ph,2020-07,6,6
hep-ph,hep-ph,2020-08,15,15
hep-ph,hep-ph,2020-09,10,10
hep-ph,hep-ph,2020-10,14,14
hep-ph,hep-ph,2020-11,10,10
hep-ph,hep-ph,2020-12,10,10
hep-ph,hep-ph,2021-01,8,8
hep-ph,hep-ph,2021-02,8,8
hep-ph,hep-ph,2021-03,8,8
hep-ph,hep-ph,2021-04,11,11
hep-ph,hep-ph,2021-05,16,16
hep-ph,hep-ph,2021-06,13,13
hep-ph,hep-ph,2021-07,11,11
hep-ph,hep-ph,2021-08,9,9
hep-ph,hep-ph,2021-09,12,12
hep-ph,hep-ph,2021-10,11,11
hep-ph,hep-ph,2021-11,11,11
hep-ph,hep-ph,2021-12,14,14
hep-ph,hep-ph,2022-01,10,10
hep-ph,hep-ph,2022-02,9,9
hep-ph,hep-ph,2022-03,27,27
hep-ph,hep-ph,2022-04,9,9
hep-ph,hep-ph,2022-05,16,16
hep-ph,hep-ph,2022-06,15,15
hep-ph,hep-ph,2022-07,9,9
hep-ph,hep-ph,2022-08,11,11
hep-ph,hep-ph,2022-09,7,7
hep-ph,hep-ph,2022-10,17,17
hep-ph,hep-ph,2022-11,20,20
hep-ph,hep-ph,2022-12,15,15
hep-ph,hep-ph,2023-01,12,12
hep-ph,hep-ph,2023-02,12,12
hep-ph,hep-ph,2023-03,10,10
hep-ph,hep-ph,2023-04,10,10
hep-ph,hep-ph,2023-05,17,17
hep-ph,hep-ph,2023-06,18,18
hep-ph,hep-ph,2023-07,13,13
hep-ph,hep-ph,2023-08,10,10
hep-ph,hep-ph,2023-09,21,21
hep-ph,hep-ph,2023-10,13,13
hep-ph,hep-ph,2023-11,13,13
hep-ph,hep-ph,2023-12,19,19
hep-ph,hep-ph,2024-01,12,12
hep-ph,hep-ph,2024-02,15,15
hep-ph,hep-ph,2024-03,19,19
hep-ph,hep-ph,2024-04,15,15
hep-ph,hep-ph,2024-05,15,15
hep-ph,hep-ph,2024-06,14,14
hep-ph,hep-ph,2024-07,19,19
hep-ph,hep-ph,2024-08,18,18
hep-ph,hep-ph,2024-09,16,16
hep-ph,hep-ph,2024-10,20,20
hep-ph,hep-ph,2024-11,14,14
hep-ph,hep-ph,2024-12,28,28
hep-ph,hep-ph,2025-01,16,16
hep-ph,hep-ph,2025-02,22,22
hep-ph,hep-ph,2025-03,13,13
hep-ph,hep-ph,2025-04,14,14
hep-ph,hep-ph,2025-05,13,13
hep-ph,hep-ph,2025-06,16,16
hep-ph,hep-ph,2025-07,19,19
hep-ph,hep-ph,2025-08,12,12
hep-ph,hep-ph,2025-09,19,19
hep-ph,hep-ph,2025-10,14,14
hep-ph,hep-ph,2025-11,10,10
hep-ph,hep-ph,2025-12,20,20
hep-th,hep-th,2018-01,28,28
hep-th,hep-th,2018-02,35,35
hep-th,hep-th,2018-03,55,50
hep-th,hep-th,2018-04,43,43
hep-th,hep-th,2018-05,56,50
hep-th,hep-th,2018-06,43,43
hep-th,hep-th,2018-07,38,38
hep-th,hep-th,2018-08,47,47
hep-th,hep-th,2018-09,42,42
hep-th,hep-th,2018-10,50,50
hep-th,hep-th,2018-11,55,50
hep-th,hep-th,2018-12,64,50
hep-th,hep-th,2019-01,27,27
hep-th,hep-th,2019-02,29,29
hep-th,hep-th,2019-03,59,50
hep-th,hep-th,2019-04,43,43
hep-th,hep-th,2019-05,55,50
hep-th,hep-th,2019-06,53,50
hep-th,hep-th,2019-07,53,50
hep-th,hep-th,2019-08,47,47
hep-th,hep-th,2019-09,44,44
hep-th,hep-th,2019-10,69,50
hep-th,hep-th,2019-11,46,46
hep-th,hep-th,2019-12,90,50
hep-th,hep-th,2020-01,35,35
hep-th,hep-th,2020-02,36,36
hep-th,hep-th,2020-03,42,42
hep-th,hep-th,2020-04,51,50
hep-th,hep-th,2020-05,54,50
hep-th,hep-th,2020-06,53,50
hep-th,hep-th,2020-07,57,50
hep-th,hep-th,2020-08,62,50
hep-th,hep-th,2020-09,42,42
hep-th,hep-th,2020-10,53,50
hep-th,hep-th,2020-11,52,50
hep-th,hep-th,2020-12,71,50
hep-th,hep-th,2021-01,38,38
hep-th,hep-th,2021-02,47,47
hep-th,hep-th,2021-03,57,50
hep-th,hep-th,2021-04,53,50
hep-th,hep-th,2021-05,48,48
hep-th,hep-th,2021-06,48,48
hep-th,hep-th,2021-07,56,50
hep-th,hep-th,2021-08,39,39
hep-th,hep-th,2021-09,52,50
hep-th,hep-th,2021-10,44,44
hep-th,hep-th,2021-11,64,50
hep-th,hep-th,2021-12,79,50
hep-th,hep-th,2022-01,42,42
hep-th,hep-th,2022-02,39,39
hep-th,hep-th,2022-03,42,42
hep-th,hep-th,2022-04,55,50
hep-th,hep-th,2022-05,49,49
hep-th,hep-th,2022-06,51,50
hep-th,hep-th,2022-07,43,43
hep-th,hep-th,2022-08,51,50
hep-th,hep-th,2022-09,57,50
hep-th,hep-th,2022-10,48,48
hep-th,hep-th,2022-11,57,50
hep-th,hep-th,2022-12,93,50
hep-th,hep-th,2023-01,43,43
hep-th,hep-th,2023-02,41,41
hep-th,hep-th,2023-03,59,50
hep-th,hep-th,2023-04,57,50
hep-th,hep-th,2023-05,56,50
hep-th,hep-th,2023-06,57,50
hep-th,hep-th,2023-07,54,50
hep-th,hep-th,2023-08,50,50
hep-th,hep-th,2023-09,52,50
hep-th,hep-th,2023-10,73,50
hep-th,hep-th,2023-11,72,50
hep-th,hep-th,2023-12,86,50
hep-th,hep-th,2024-01,43,43
hep-th,hep-th,2024-02,44,44
hep-th,hep-th,2024-03,60,50
hep-th,hep-th,2024-04,54,50
hep-th,hep-th,2024-05,55,50
hep-th,hep-th,2024-06,64,50
hep-th,hep-th,2024-07,60,50
hep-th,hep-th,2024-08,74,50
hep-th,hep-th,2024-09,53,50
hep-th,hep-th,2024-10,68,50
hep-th,hep-th,2024-11,61,50
hep-th,hep-th,2024-12,85,50
hep-th,hep-th,2025-01,50,50
hep-th,hep-th,2025-02,56,50
hep-th,hep-th,2025-03,55,50
hep-th,hep-th,2025-04,64,50
hep-th,hep-th,2025-05,51,50
hep-th,hep-th,2025-06,58,50
hep-th,hep-th,2025-07,61,50
hep-th,hep-th,2025-08,64,50
hep-th,hep-th,2025-09,77,50
hep-th,hep-th,2025-10,46,46
hep-th,hep-th,2025-11,67,50
hep-th,hep-th,2025-12,69,50
math-ph,math-ph,2018-01,116,50
math-ph,math-ph,2018-02,88,50
math-ph,math-ph,2018-03,118,50
math-ph,math-ph,2018-04,108,50
math-ph,math-ph,2018-05,127,50
math-ph,math-ph,2018-06,101,50
math-ph,math-ph,2018-07,113,50
math-ph,math-ph,2018-08,110,50
math-ph,math-ph,2018-09,99,50
math-ph,math-ph,2018-10,135,50
math-ph,math-ph,2018-11,130,50
math-ph,math-ph,2018-12,154,50
math-ph,math-ph,2019-01,101,50
math-ph,math-ph,2019-02,108,50
math-ph,math-ph,2019-03,133,50
math-ph,math-ph,2019-04,135,50
math-ph,math-ph,2019-05,114,50
math-ph,math-ph,2019-06,112,50
math-ph,math-ph,2019-07,136,50
math-ph,math-ph,2019-08,107,50
math-ph,math-ph,2019-09,122,50
math-ph,math-ph,2019-10,160,50
math-ph,math-ph,2019-11,112,50
math-ph,math-ph,2019-12,136,50
math-ph,math-ph,2020-01,95,50
math-ph,math-ph,2020-02,100,50
math-ph,math-ph,2020-03,145,50
math-ph,math-ph,2020-04,119,50
math-ph,math-ph,2020-05,104,50
math-ph,math-ph,2020-06,143,50
math-ph,math-ph,2020-07,133,50
math-ph,math-ph,2020-08,127,50
math-ph,math-ph,2020-09,124,50
math-ph,math-ph,2020-10,97,50
math-ph,math-ph,2020-11,93,50
math-ph,math-ph,2020-12,106,50
math-ph,math-ph,2021-01,87,50
math-ph,math-ph,2021-02,78,50
math-ph,math-ph,2021-03,85,50
math-ph,math-ph,2021-04,94,50
math-ph,math-ph,2021-05,86,50
math-ph,math-ph,2021-06,103,50
math-ph,math-ph,2021-07,92,50
math-ph,math-ph,2021-08,113,50
math-ph,math-ph,2021-09,89,50
math-ph,math-ph,2021-10,86,50
math-ph,math-ph,2021-11,96,50
math-ph,math-ph,2021-12,96,50
math-ph,math-ph,2022-01,99,50
math-ph,math-ph,2022-02,92,50
math-ph,math-ph,2022-03,110,50
math-ph,math-ph,2022-04,86,50
math-ph,math-ph,2022-05,101,50
math-ph,math-ph,2022-06,97,50
math-ph,math-ph,2022-07,88,50
math-ph,math-ph,2022-08,100,50
math-ph,math-ph,2022-09,85,50
math-ph,math-ph,2022-10,106,50
math-ph,math-ph,2022-11,115,50
math-ph,math-ph,2022-12,105,50
math-ph,math-ph,2023-01,92,50
math-ph,math-ph,2023-02,74,50
math-ph,math-ph,2023-03,94,50
math-ph,math-ph,2023-04,94,50
math-ph,math-ph,2023-05,109,50
math-ph,math-ph,2023-06,113,50
math-ph,math-ph,2023-07,99,50
math-ph,math-ph,2023-08,104,50
math-ph,math-ph,2023-09,90,50
math-ph,math-ph,2023-10,115,50
math-ph,math-ph,2023-11,96,50
math-ph,math-ph,2023-12,119,50
math-ph,math-ph,2024-01,111,50
math-ph,math-ph,2024-02,89,50
math-ph,math-ph,2024-03,117,50
math-ph,math-ph,2024-04,91,50
math-ph,math-ph,2024-05,115,50
math-ph,math-ph,2024-06,95,50
math-ph,math-ph,2024-07,122,50
math-ph,math-ph,2024-08,82,50
math-ph,math-ph,2024-09,111,50
math-ph,math-ph,2024-10,130,50
math-ph,math-ph,2024-11,102,50
math-ph,math-ph,2024-12,116,50
math-ph,math-ph,2025-01,98,50
math-ph,math-ph,2025-02,77,50
math-ph,math-ph,2025-03,97,50
math-ph,math-ph,2025-04,97,50
math-ph,math-ph,2025-05,119,50
math-ph,math-ph,2025-06,112,50
math-ph,math-ph,2025-07,108,50
math-ph,math-ph,2025-08,111,50
math-ph,math-ph,2025-09,128,50
math-ph,math-ph,2025-10,123,50
math-ph,math-ph,2025-11,117,50
math-ph,math-ph,2025-12,161,50
math.AC,math,2018-01,42,42
math.AC,math,2018-02,49,49
math.AC,math,2018-03,49,49
math.AC,math,2018-04,36,36
math.AC,math,2018-05,41,41
math.AC,math,2018-06,47,47
math.AC,math,2018-07,40,40
math.AC,math,2018-08,35,35
math.AC,math,2018-09,39,39
math.AC,math,2018-10,45,45
math.AC,math,2018-11,33,33
math.AC,math,2018-12,37,37
math.AC,math,2019-01,42,42
math.AC,math,2019-02,26,26
math.AC,math,2019-03,43,43
math.AC,math,2019-04,42,42
math.AC,math,2019-05,40,40
math.AC,math,2019-06,42,42
math.AC,math,2019-07,61,50
math.AC,math,2019-08,30,30
math.AC,math,2019-09,41,41
math.AC,math,2019-10,42,42
math.AC,math,2019-11,36,36
math.AC,math,2019-12,36,36
math.AC,math,2020-01,30,30
math.AC,math,2020-02,45,45
math.AC,math,2020-03,37,37
math.AC,math,2020-04,30,30
math.AC,math,2020-05,47,47
math.AC,math,2020-06,36,36
math.AC,math,2020-07,42,42
math.AC,math,2020-08,28,28
math.AC,math,2020-09,47,47
math.AC,math,2020-10,37,37
math.AC,math,2020-11,41,41
math.AC,math,2020-12,37,37
math.AC,math,2021-01,56,50
math.AC,math,2021-02,37,37
math.AC,math,2021-03,35,35
math.AC,math,2021-04,45,45
math.AC,math,2021-05,43,43
math.AC,math,2021-06,59,50
math.AC,math,2021-07,52,50
math.AC,math,2021-08,43,43
math.AC,math,2021-09,41,41
math.AC,math,2021-10,24,24
math.AC,math,2021-11,43,43
math.AC,math,2021-12,55,50
math.AC,math,2022-01,34,34
math.AC,math,2022-02,41,41
math.AC,math,2022-03,50,50
math.AC,math,2022-04,29,29
math.AC,math,2022-05,41,41
math.AC,math,2022-06,34,34
math.AC,math,2022-07,45,45
math.AC,math,2022-08,50,50
math.AC,math,2022-09,44,44
math.AC,math,2022-10,46,46
math.AC,math,2022-11,32,32
math.AC,math,2022-12,51,50
math.AC,math,2023-01,41,41
math.AC,math,2023-02,43,43
math.AC,math,2023-03,46,46
math.AC,math,2023-04,41,41
math.AC,math,2023-05,53,50
math.AC,math,2023-06,48,48
math.AC,math,2023-07,46,46
math.AC,math,2023-08,62,50
math.AC,math,2023-09,53,50
math.AC,math,2023-10,46,46
math.AC,math,2023-11,55,50
math.AC,math,2023-12,43,43
math.AC,math,2024-01,48,48
math.AC,math,2024-02,37,37
math.AC,math,2024-03,53,50
math.AC,math,2024-04,69,50
math.AC,math,2024-05,63,50
math.AC,math,2024-06,53,50
math.AC,math,2024-07,53,50
math.AC,math,2024-08,31,31
math.AC,math,2024-09,55,50
math.AC,math,2024-10,38,38
math.AC,math,2024-11,45,45
math.AC,math,2024-12,48,48
math.AC,math,2025-01,46,46
math.AC,math,2025-02,57,50
math.AC,math,2025-03,56,50
math.AC,math,2025-04,51,50
math.AC,math,2025-05,45,45
math.AC,math,2025-06,64,50
math.AC,math,2025-07,59,50
math.AC,math,2025-08,45,45
math.AC,math,2025-09,56,50
math.AC,math,2025-10,58,50
math.AC,math,2025-11,43,43
math.AC,math,2025-12,58,50
math.AG,math,2018-01,148,50
math.AG,math,2018-02,155,50
math.AG,math,2018-03,161,50
math.AG,math,2018-04,169,50
math.AG,math,2018-05,167,50
math.AG,math,2018-06,140,50
math.AG,math,2018-07,173,50
math.AG,math,2018-08,150,50
math.AG,math,2018-09,176,50
math.AG,math,2018-10,194,50
math.AG,math,2018-11,149,50
math.AG,math,2018-12,177,50
math.AG,math,2019-01,156,50
math.AG,math,2019-02,161,50
math.AG,math,2019-03,168,50
math.AG,math,2019-04,169,50
math.AG,math,2019-05,171,50
math.AG,math,2019-06,154,50
math.AG,math,2019-07,179,50
math.AG,math,2019-08,147,50
math.AG,math,2019-09,185,50
math.AG,math,2019-10,195,50
math.AG,math,2019-11,166,50
math.AG,math,2019-12,189,50
math.AG,math,2020-01,147,50
math.AG,math,2020-02,184,50
math.AG,math,2020-03,182,50
math.AG,math,2020-04,169,50
math.AG,math,2020-05,159,50
math.AG,math,2020-06,181,50
math.AG,math,2020-07,196,50
math.AG,math,2020-08,141,50
math.AG,math,2020-09,162,50
math.AG,math,2020-10,170,50
math.AG,math,2020-11,162,50
math.AG,math,2020-12,199,50
math.AG,math,2021-01,168,50
math.AG,math,2021-02,140,50
math.AG,math,2021-03,191,50
math.AG,math,2021-04,125,50
math.AG,math,2021-05,172,50
math.AG,math,2021-06,155,50
math.AG,math,2021-07,180,50
math.AG,math,2021-08,183,50
math.AG,math,2021-09,146,50
math.AG,math,2021-10,150,50
math.AG,math,2021-11,174,50
math.AG,math,2021-12,201,50
math.AG,math,2022-01,162,50
math.AG,math,2022-02,154,50
math.AG,math,2022-03,155,50
math.AG,math,2022-04,147,50
math.AG,math,2022-05,147,50
math.AG,math,2022-06,155,50
math.AG,math,2022-07,176,50
math.AG,math,2022-08,195,50
math.AG,math,2022-09,170,50
math.AG,math,2022-10,183,50
math.AG,math,2022-11,179,50
math.AG,math,2022-12,164,50
math.AG,math,2023-01,164,50
math.AG,math,2023-02,175,50
math.AG,math,2023-03,213,50
math.AG,math,2023-04,151,50
math.AG,math,2023-05,180,50
math.AG,math,2023-06,189,50
math.AG,math,2023-07,163,50
math.AG,math,2023-08,170,50
math.AG,math,2023-09,176,50
math.AG,math,2023-10,192,50
math.AG,math,2023-11,169,50
math.AG,math,2023-12,198,50
math.AG,math,2024-01,197,50
math.AG,math,2024-02,165,50
math.AG,math,2024-03,195,50
math.AG,math,2024-04,182,50
math.AG,math,2024-05,202,50
math.AG,math,2024-06,160,50
math.AG,math,2024-07,189,50
math.AG,math,2024-08,170,50
math.AG,math,2024-09,198,50
math.AG,math,2024-10,218,50
math.AG,math,2024-11,178,50
math.AG,math,2024-12,224,50
math.AG,math,2025-01,189,50
math.AG,math,2025-02,172,50
math.AG,math,2025-03,176,50
math.AG,math,2025-04,179,50
math.AG,math,2025-05,189,50
math.AG,math,2025-06,207,50
math.AG,math,2025-07,207,50
math.AG,math,2025-08,175,50
math.AG,math,2025-09,246,50
math.AG,math,2025-10,242,50
math.AG,math,2025-11,210,50
math.AG,math,2025-12,263,50
math.AP,math,2018-01,293,50
math.AP,math,2018-02,254,50
math.AP,math,2018-03,294,50
math.AP,math,2018-04,275,50
math.AP,math,2018-05,301,50
math.AP,math,2018-06,284,50
math.AP,math,2018-07,286,50
math.AP,math,2018-08,246,50
math.AP,math,2018-09,271,50
math.AP,math,2018-10,356,50
math.AP,math,2018-11,325,50
math.AP,math,2018-12,299,50
math.AP,math,2019-01,309,50
math.AP,math,2019-02,291,50
math.AP,math,2019-03,347,50
math.AP,math,2019-04,308,50
math.AP,math,2019-05,325,50
math.AP,math,2019-06,285,50
math.AP,math,2019-07,307,50
math.AP,math,2019-08,248,50
math.AP,math,2019-09,276,50
math.AP,math,2019-10,342,50
math.AP,math,2019-11,301,50
math.AP,math,2019-12,333,50
math.AP,math,2020-01,302,50
math.AP,math,2020-02,277,50
math.AP,math,2020-03,355,50
math.AP,math,2020-04,361,50
math.AP,math,2020-05,352,50
math.AP,math,2020-06,387,50
math.AP,math,2020-07,353,50
math.AP,math,2020-08,294,50
math.AP,math,2020-09,326,50
math.AP,math,2020-10,338,50
math.AP,math,2020-11,326,50
math.AP,math,2020-12,334,50
math.AP,math,2021-01,263,50
math.AP,math,2021-02,288,50
math.AP,math,2021-03,381,50
math.AP,math,2021-04,322,50
math.AP,math,2021-05,304,50
math.AP,math,2021-06,334,50
math.AP,math,2021-07,349,50
math.AP,math,2021-08,286,50
math.AP,math,2021-09,343,50
math.AP,math,2021-10,307,50
math.AP,math,2021-11,339,50
math.AP,math,2021-12,368,50
math.AP,math,2022-01,337,50
math.AP,math,2022-02,300,50
math.AP,math,2022-03,388,50
math.AP,math,2022-04,332,50
math.AP,math,2022-05,317,50
math.AP,math,2022-06,314,50
math.AP,math,2022-07,330,50
math.AP,math,2022-08,300,50
math.AP,math,2022-09,307,50
math.AP,math,2022-10,372,50
math.AP,math,2022-11,330,50
math.AP,math,2022-12,311,50
math.AP,math,2023-01,313,50
math.AP,math,2023-02,285,50
math.AP,math,2023-03,357,50
math.AP,math,2023-04,328,50
math.AP,math,2023-05,381,50
math.AP,math,2023-06,346,50
math.AP,math,2023-07,319,50
math.AP,math,2023-08,342,50
math.AP,math,2023-09,343,50
math.AP,math,2023-10,409,50
math.AP,math,2023-11,372,50
math.AP,math,2023-12,312,50
math.AP,math,2024-01,389,50
math.AP,math,2024-02,371,50
math.AP,math,2024-03,346,50
math.AP,math,2024-04,395,50
math.AP,math,2024-05,383,50
math.AP,math,2024-06,353,50
math.AP,math,2024-07,427,50
math.AP,math,2024-08,341,50
math.AP,math,2024-09,412,50
math.AP,math,2024-10,384,50
math.AP,math,2024-11,402,50
math.AP,math,2024-12,395,50
math.AP,math,2025-01,381,50
math.AP,math,2025-02,364,50
math.AP,math,2025-03,395,50
math.AP,math,2025-04,403,50
math.AP,math,2025-05,406,50
math.AP,math,2025-06,364,50
math.AP,math,2025-07,460,50
math.AP,math,2025-08,339,50
math.AP,math,2025-09,437,50
math.AP,math,2025-10,419,50
math.AP,math,2025-11,417,50
math.AP,math,2025-12,474,50
math.AT,math,2018-01,56,50
math.AT,math,2018-02,41,41
math.AT,math,2018-03,30,30
math.AT,math,2018-04,31,31
math.AT,math,2018-05,45,45
math.AT,math,2018-06,26,26
math.AT,math,2018-07,50,50
math.AT,math,2018-08,43,43
math.AT,math,2018-09,51,50
math.AT,math,2018-10,64,50
math.AT,math,2018-11,48,48
math.AT,math,2018-12,33,33
math.AT,math,2019-01,38,38
math.AT,math,2019-02,46,46
math.AT,math,2019-03,45,45
math.AT,math,2019-04,47,47
math.AT,math,2019-05,59,50
math.AT,math,2019-06,32,32
math.AT,math,2019-07,53,50
math.AT,math,2019-08,42,42
math.AT,math,2019-09,47,47
math.AT,math,2019-10,49,49
math.AT,math,2019-11,49,49
math.AT,math,2019-12,54,50
math.AT,math,2020-01,64,50
math.AT,math,2020-02,47,47
math.AT,math,2020-03,40,40
math.AT,math,2020-04,39,39
math.AT,math,2020-05,46,46
math.AT,math,2020-06,59,50
math.AT,math,2020-07,56,50
math.AT,math,2020-08,44,44
math.AT,math,2020-09,33,33
math.AT,math,2020-10,40,40
math.AT,math,2020-11,51,50
math.AT,math,2020-12,51,50
math.AT,math,2021-01,24,24
math.AT,math,2021-02,26,26
math.AT,math,2021-03,50,50
math.AT,math,2021-04,40,40
math.AT,math,2021-05,45,45
math.AT,math,2021-06,56,50
math.AT,math,2021-07,49,49
math.AT,math,2021-08,42,42
math.AT,math,2021-09,47,47
math.AT,math,2021-10,45,45
math.AT,math,2021-11,43,43
math.AT,math,2021-12,42,42
math.AT,math,2022-01,43,43
math.AT,math,2022-02,36,36
math.AT,math,2022-03,57,50
math.AT,math,2022-04,37,37
math.AT,math,2022-05,41,41
math.AT,math,2022-06,42,42
math.AT,math,2022-07,45,45
math.AT,math,2022-08,50,50
math.AT,math,2022-09,48,48
math.AT,math,2022-10,61,50
math.AT,math,2022-11,49,49
math.AT,math,2022-12,43,43
math.AT,math,2023-01,47,47
math.AT,math,2023-02,47,47
math.AT,math,2023-03,51,50
math.AT,math,2023-04,38,38
math.AT,math,2023-05,59,50
math.AT,math,2023-06,53,50
math.AT,math,2023-07,41,41
math.AT,math,2023-08,50,50
math.AT,math,2023-09,43,43
math.AT,math,2023-10,64,50
math.AT,math,2023-11,52,50
math.AT,math,2023-12,56,50
math.AT,math,2024-01,39,39
math.AT,math,2024-02,52,50
math.AT,math,2024-03,46,46
math.AT,math,2024-04,47,47
math.AT,math,2024-05,47,47
math.AT,math,2024-06,45,45
math.AT,math,2024-07,54,50
math.AT,math,2024-08,51,50
math.AT,math,2024-09,39,39
math.AT,math,2024-10,60,50
math.AT,math,2024-11,65,50
math.AT,math,2024-12,57,50
math.AT,math,2025-01,44,44
math.AT,math,2025-02,36,36
math.AT,math,2025-03,54,50
math.AT,math,2025-04,40,40
math.AT,math,2025-05,56,50
math.AT,math,2025-06,50,50
math.AT,math,2025-07,50,50
math.AT,math,2025-08,48,48
math.AT,math,2025-09,59,50
math.AT,math,2025-10,59,50
math.AT,math,2025-11,48,48
math.AT,math,2025-12,54,50
math.CA,math,2018-01,101,50
math.CA,math,2018-02,68,50
math.CA,math,2018-03,94,50
math.CA,math,2018-04,90,50
math.CA,math,2018-05,79,50
math.CA,math,2018-06,68,50
math.CA,math,2018-07,71,50
math.CA,math,2018-08,83,50
math.CA,math,2018-09,70,50
math.CA,math,2018-10,86,50
math.CA,math,2018-11,82,50
math.CA,math,2018-12,83,50
math.CA,math,2019-01,120,50
math.CA,math,2019-02,65,50
math.CA,math,2019-03,77,50
math.CA,math,2019-04,83,50
math.CA,math,2019-05,92,50
math.CA,math,2019-06,64,50
math.CA,math,2019-07,101,50
math.CA,math,2019-08,66,50
math.CA,math,2019-09,76,50
math.CA,math,2019-10,90,50
math.CA,math,2019-11,64,50
math.CA,math,2019-12,92,50
math.CA,math,2020-01,82,50
math.CA,math,2020-02,80,50
math.CA,math,2020-03,77,50
math.CA,math,2020-04,70,50
math.CA,math,2020-05,91,50
math.CA,math,2020-06,111,50
math.CA,math,2020-07,73,50
math.CA,math,2020-08,66,50
math.CA,math,2020-09,86,50
math.CA,math,2020-10,65,50
math.CA,math,2020-11,76,50
math.CA,math,2020-12,82,50
math.CA,math,2021-01,72,50
math.CA,math,2021-02,51,50
math.CA,math,2021-03,54,50
math.CA,math,2021-04,75,50
math.CA,math,2021-05,62,50
math.CA,math,2021-06,69,50
math.CA,math,2021-07,75,50
math.CA,math,2021-08,58,50
math.CA,math,2021-09,69,50
math.CA,math,2021-10,66,50
math.CA,math,2021-11,65,50
math.CA,math,2021-12,71,50
math.CA,math,2022-01,58,50
math.CA,math,2022-02,67,50
math.CA,math,2022-03,81,50
math.CA,math,2022-04,73,50
math.CA,math,2022-05,66,50
math.CA,math,2022-06,58,50
math.CA,math,2022-07,55,50
math.CA,math,2022-08,64,50
math.CA,math,2022-09,67,50
math.CA,math,2022-10,97,50
math.CA,math,2022-11,66,50
math.CA,math,2022-12,59,50
math.CA,math,2023-01,51,50
math.CA,math,2023-02,69,50
math.CA,math,2023-03,63,50
math.CA,math,2023-04,57,50
math.CA,math,2023-05,74,50
math.CA,math,2023-06,68,50
math.CA,math,2023-07,85,50
math.CA,math,2023-08,64,50
math.CA,math,2023-09,78,50
math.CA,math,2023-10,55,50
math.CA,math,2023-11,73,50
math.CA,math,2023-12,70,50
math.CA,math,2024-01,67,50
math.CA,math,2024-02,89,50
math.CA,math,2024-03,58,50
math.CA,math,2024-04,74,50
math.CA,math,2024-05,62,50
math.CA,math,2024-06,57,50
math.CA,math,2024-07,85,50
math.CA,math,2024-08,50,50
math.CA,math,2024-09,67,50
math.CA,math,2024-10,78,50
math.CA,math,2024-11,75,50
math.CA,math,2024-12,95,50
math.CA,math,2025-01,72,50
math.CA,math,2025-02,80,50
math.CA,math,2025-03,67,50
math.CA,math,2025-04,56,50
math.CA,math,2025-05,66,50
math.CA,math,2025-06,65,50
math.CA,math,2025-07,72,50
math.CA,math,2025-08,75,50
math.CA,math,2025-09,81,50
math.CA,math,2025-10,73,50
math.CA,math,2025-11,62,50
math.CA,math,2025-12,63,50
math.CO,math,2018-01,227,50
math.CO,math,2018-02,213,50
math.CO,math,2018-03,241,50
math.CO,math,2018-04,257,50
math.CO,math,2018-05,264,50
math.CO,math,2018-06,248,50
math.CO,math,2018-07,296,50
math.CO,math,2018-08,266,50
math.CO,math,2018-09,245,50
math.CO,math,2018-10,261,50
math.CO,math,2018-11,252,50
math.CO,math,2018-12,258,50
math.CO,math,2019-01,231,50
math.CO,math,2019-02,220,50
math.CO,math,2019-03,263,50
math.CO,math,2019-04,251,50
math.CO,math,2019-05,247,50
math.CO,math,2019-06,257,50
math.CO,math,2019-07,309,50
math.CO,math,2019-08,256,50
math.CO,math,2019-09,266,50
math.CO,math,2019-10,283,50
math.CO,math,2019-11,246,50
math.CO,math,2019-12,284,50
math.CO,math,2020-01,228,50
math.CO,math,2020-02,218,50
math.CO,math,2020-03,293,50
math.CO,math,2020-04,260,50
math.CO,math,2020-05,303,50
math.CO,math,2020-06,302,50
math.CO,math,2020-07,310,50
math.CO,math,2020-08,285,50
math.CO,math,2020-09,299,50
math.CO,math,2020-10,296,50
math.CO,math,2020-11,235,50
math.CO,math,2020-12,309,50
math.CO,math,2021-01,232,50
math.CO,math,2021-02,252,50
math.CO,math,2021-03,295,50
math.CO,math,2021-04,283,50
math.CO,math,2021-05,269,50
math.CO,math,2021-06,294,50
math.CO,math,2021-07,281,50
math.CO,math,2021-08,280,50
math.CO,math,2021-09,281,50
math.CO,math,2021-10,293,50
math.CO,math,2021-11,308,50
math.CO,math,2021-12,272,50
math.CO,math,2022-01,271,50
math.CO,math,2022-02,277,50
math.CO,math,2022-03,272,50
math.CO,math,2022-04,246,50
math.CO,math,2022-05,292,50
math.CO,math,2022-06,297,50
math.CO,math,2022-07,303,50
math.CO,math,2022-08,270,50
math.CO,math,2022-09,313,50
math.CO,math,2022-10,307,50
math.CO,math,2022-11,332,50
math.CO,math,2022-12,322,50
math.CO,math,2023-01,239,50
math.CO,math,2023-02,265,50
math.CO,math,2023-03,345,50
math.CO,math,2023-04,236,50
math.CO,math,2023-05,344,50
math.CO,math,2023-06,316,50
math.CO,math,2023-07,292,50
math.CO,math,2023-08,317,50
math.CO,math,2023-09,311,50
math.CO,math,2023-10,335,50
math.CO,math,2023-11,325,50
math.CO,math,2023-12,321,50
math.CO,math,2024-01,308,50
math.CO,math,2024-02,319,50
math.CO,math,2024-03,329,50
math.CO,math,2024-04,333,50
math.CO,math,2024-05,349,50
math.CO,math,2024-06,326,50
math.CO,math,2024-07,331,50
math.CO,math,2024-08,351,50
math.CO,math,2024-09,364,50
math.CO,math,2024-10,362,50
math.CO,math,2024-11,363,50
math.CO,math,2024-12,361,50
math.CO,math,2025-01,325,50
math.CO,math,2025-02,302,50
math.CO,math,2025-03,363,50
math.CO,math,2025-04,335,50
math.CO,math,2025-05,331,50
math.CO,math,2025-06,347,50
math.CO,math,2025-07,398,50
math.CO,math,2025-08,377,50
math.CO,math,2025-09,443,50
math.CO,math,2025-10,413,50
math.CO,math,2025-11,392,50
math.CO,math,2025-12,406,50
math.CT,math,2018-01,17,17
math.CT,math,2018-02,22,22
math.CT,math,2018-03,24,24
math.CT,math,2018-04,12,12
math.CT,math,2018-05,30,30
math.CT,math,2018-06,19,19
math.CT,math,2018-07,16,16
math.CT,math,2018-08,21,21
math.CT,math,2018-09,22,22
math.CT,math,2018-10,19,19
math.CT,math,2018-11,20,20
math.CT,math,2018-12,23,23
math.CT,math,2019-01,15,15
math.CT,math,2019-02,19,19
math.CT,math,2019-03,23,23
math.CT,math,2019-04,24,24
math.CT,math,2019-05,22,22
math.CT,math,2019-06,17,17
math.CT,math,2019-07,21,21
math.CT,math,2019-08,23,23
math.CT,math,2019-09,23,23
math.CT,math,2019-10,21,21
math.CT,math,2019-11,29,29
math.CT,math,2019-12,9,9
math.CT,math,2020-01,16,16
math.CT,math,2020-02,23,23
math.CT,math,2020-03,27,27
math.CT,math,2020-04,32,32
math.CT,math,2020-05,33,33
math.CT,math,2020-06,29,29
math.CT,math,2020-07,24,24
math.CT,math,2020-08,18,18
math.CT,math,2020-09,21,21
math.CT,math,2020-10,32,32
math.CT,math,2020-11,23,23
math.CT,math,2020-12,24,24
math.CT,math,2021-01,30,30
math.CT,math,2021-02,31,31
math.CT,math,2021-03,31,31
math.CT,math,2021-04,28,28
math.CT,math,2021-05,41,41
math.CT,math,2021-06,25,25
math.CT,math,2021-07,19,19
math.CT,math,2021-08,18,18
math.CT,math,2021-09,28,28
math.CT,math,2021-10,18,18
math.CT,math,2021-11,25,25
math.CT,math,2021-12,27,27
math.CT,math,2022-01,25,25
math.CT,math,2022-02,27,27
math.CT,math,2022-03,27,27
math.CT,math,2022-04,30,30
math.CT,math,2022-05,37,37
math.CT,math,2022-06,21,21
math.CT,math,2022-07,25,25
math.CT,math,2022-08,29,29
math.CT,math,2022-09,22,22
math.CT,math,2022-10,24,24
math.CT,math,2022-11,27,27
math.CT,math,2022-12,20,20
math.CT,math,2023-01,23,23
math.CT,math,2023-02,27,27
math.CT,math,2023-03,42,42
math.CT,math,2023-04,26,26
math.CT,math,2023-05,44,44
math.CT,math,2023-06,30,30
math.CT,math,2023-07,24,24
math.CT,math,2023-08,33,33
math.CT,math,2023-09,18,18
math.CT,math,2023-10,33,33
math.CT,math,2023-11,39,39
math.CT,math,2023-12,26,26
math.CT,math,2024-01,28,28
math.CT,math,2024-02,25,25
math.CT,math,2024-03,39,39
math.CT,math,2024-04,45,45
math.CT,math,2024-05,29,29
math.CT,math,2024-06,32,32
math.CT,math,2024-07,24,24
math.CT,math,2024-08,25,25
math.CT,math,2024-09,26,26
math.CT,math,2024-10,34,34
math.CT,math,2024-11,28,28
math.CT,math,2024-12,19,19
math.CT,math,2025-01,32,32
math.CT,math,2025-02,34,34
math.CT,math,2025-03,40,40
math.CT,math,2025-04,26,26
math.CT,math,2025-05,31,31
math.CT,math,2025-06,32,32
math.CT,math,2025-07,26,26
math.CT,math,2025-08,32,32
math.CT,math,2025-09,38,38
math.CT,math,2025-10,43,43
math.CT,math,2025-11,33,33
math.CT,math,2025-12,29,29
math.CV,math,2018-01,44,44
math.CV,math,2018-02,53,50
math.CV,math,2018-03,38,38
math.CV,math,2018-04,52,50
math.CV,math,2018-05,51,50
math.CV,math,2018-06,45,45
math.CV,math,2018-07,56,50
math.CV,math,2018-08,48,48
math.CV,math,2018-09,48,48
math.CV,math,2018-10,69,50
math.CV,math,2018-11,59,50
math.CV,math,2018-12,49,49
math.CV,math,2019-01,56,50
math.CV,math,2019-02,53,50
math.CV,math,2019-03,51,50
math.CV,math,2019-04,59,50
math.CV,math,2019-05,54,50
math.CV,math,2019-06,38,38
math.CV,math,2019-07,50,50
math.CV,math,2019-08,52,50
math.CV,math,2019-09,65,50
math.CV,math,2019-10,42,42
math.CV,math,2019-11,51,50
math.CV,math,2019-12,58,50
math.CV,math,2020-01,42,42
math.CV,math,2020-02,42,42
math.CV,math,2020-03,56,50
math.CV,math,2020-04,79,50
math.CV,math,2020-05,55,50
math.CV,math,2020-06,55,50
math.CV,math,2020-07,60,50
math.CV,math,2020-08,49,49
math.CV,math,2020-09,67,50
math.CV,math,2020-10,42,42
math.CV,math,2020-11,61,50
math.CV,math,2020-12,60,50
math.CV,math,2021-01,47,47
math.CV,math,2021-02,37,37
math.CV,math,2021-03,64,50
math.CV,math,2021-04,62,50
math.CV,math,2021-05,49,49
math.CV,math,2021-06,64,50
math.CV,math,2021-07,47,47
math.CV,math,2021-08,43,43
math.CV,math,2021-09,53,50
math.CV,math,2021-10,43,43
math.CV,math,2021-11,63,50
math.CV,math,2021-12,53,50
math.CV,math,2022-01,46,46
math.CV,math,2022-02,44,44
math.CV,math,2022-03,47,47
math.CV,math,2022-04,42,42
math.CV,math,2022-05,32,32
math.CV,math,2022-06,52,50
math.CV,math,2022-07,59,50
math.CV,math,2022-08,57,50
math.CV,math,2022-09,49,49
math.CV,math,2022-10,61,50
math.CV,math,2022-11,64,50
math.CV,math,2022-12,46,46
math.CV,math,2023-01,39,39
math.CV,math,2023-02,45,45
math.CV,math,2023-03,54,50
math.CV,math,2023-04,39,39
math.CV,math,2023-05,55,50
math.CV,math,2023-06,51,50
math.CV,math,2023-07,55,50
math.CV,math,2023-08,61,50
math.CV,math,2023-09,61,50
math.CV,math,2023-10,55,50
math.CV,math,2023-11,49,49
math.CV,math,2023-12,56,50
math.CV,math,2024-01,51,50
math.CV,math,2024-02,48,48
math.CV,math,2024-03,48,48
math.CV,math,2024-04,57,50
math.CV,math,2024-05,71,50
math.CV,math,2024-06,49,49
math.CV,math,2024-07,62,50
math.CV,math,2024-08,39,39
math.CV,math,2024-09,58,50
math.CV,math,2024-10,56,50
math.CV,math,2024-11,49,49
math.CV,math,2024-12,47,47
math.CV,math,2025-01,51,50
math.CV,math,2025-02,49,49
math.CV,math,2025-03,61,50
math.CV,math,2025-04,65,50
math.CV,math,2025-05,56,50
math.CV,math,2025-06,64,50
math.CV,math,2025-07,57,50
math.CV,math,2025-08,46,46
math.CV,math,2025-09,71,50
math.CV,math,2025-10,63,50
math.CV,math,2025-11,68,50
math.CV,math,2025-12,74,50
math.DG,math,2018-01,128,50
math.DG,math,2018-02,141,50
math.DG,math,2018-03,133,50
math.DG,math,2018-04,124,50
math.DG,math,2018-05,143,50
math.DG,math,2018-06,113,50
math.DG,math,2018-07,129,50
math.DG,math,2018-08,134,50
math.DG,math,2018-09,117,50
math.DG,math,2018-10,149,50
math.DG,math,2018-11,131,50
math.DG,math,2018-12,117,50
math.DG,math,2019-01,148,50
math.DG,math,2019-02,121,50
math.DG,math,2019-03,143,50
math.DG,math,2019-04,130,50
math.DG,math,2019-05,132,50
math.DG,math,2019-06,116,50
math.DG,math,2019-07,126,50
math.DG,math,2019-08,135,50
math.DG,math,2019-09,156,50
math.DG,math,2019-10,165,50
math.DG,math,2019-11,135,50
math.DG,math,2019-12,131,50
math.DG,math,2020-01,137,50
math.DG,math,2020-02,125,50
math.DG,math,2020-03,132,50
math.DG,math,2020-04,139,50
math.DG,math,2020-05,119,50
math.DG,math,2020-06,141,50
math.DG,math,2020-07,163,50
math.DG,math,2020-08,127,50
math.DG,math,2020-09,153,50
math.DG,math,2020-10,150,50
math.DG,math,2020-11,111,50
math.DG,math,2020-12,133,50
math.DG,math,2021-01,130,50
math.DG,math,2021-02,110,50
math.DG,math,2021-03,146,50
math.DG,math,2021-04,116,50
math.DG,math,2021-05,148,50
math.DG,math,2021-06,128,50
math.DG,math,2021-07,126,50
math.DG,math,2021-08,134,50
math.DG,math,2021-09,139,50
math.DG,math,2021-10,130,50
math.DG,math,2021-11,141,50
math.DG,math,2021-12,137,50
math.DG,math,2022-01,128,50
math.DG,math,2022-02,122,50
math.DG,math,2022-03,148,50
math.DG,math,2022-04,140,50
math.DG,math,2022-05,125,50
math.DG,math,2022-06,144,50
math.DG,math,2022-07,113,50
math.DG,math,2022-08,153,50
math.DG,math,2022-09,123,50
math.DG,math,2022-10,144,50
math.DG,math,2022-11,134,50
math.DG,math,2022-12,137,50
math.DG,math,2023-01,125,50
math.DG,math,2023-02,119,50
math.DG,math,2023-03,146,50
math.DG,math,2023-04,122,50
math.DG,math,2023-05,146,50
math.DG,math,2023-06,160,50
math.DG,math,2023-07,147,50
math.DG,math,2023-08,132,50
math.DG,math,2023-09,172,50
math.DG,math,2023-10,166,50
math.DG,math,2023-11,129,50
math.DG,math,2023-12,131,50
math.DG,math,2024-01,145,50
math.DG,math,2024-02,140,50
math.DG,math,2024-03,144,50
math.DG,math,2024-04,166,50
math.DG,math,2024-05,165,50
math.DG,math,2024-06,147,50
math.DG,math,2024-07,156,50
math.DG,math,2024-08,120,50
math.DG,math,2024-09,140,50
math.DG,math,2024-10,160,50
math.DG,math,2024-11,134,50
math.DG,math,2024-12,157,50
math.DG,math,2025-01,145,50
math.DG,math,2025-02,147,50
math.DG,math,2025-03,158,50
math.DG,math,2025-04,156,50
math.DG,math,2025-05,166,50
math.DG,math,2025-06,141,50
math.DG,math,2025-07,187,50
math.DG,math,2025-08,141,50
math.DG,math,2025-09,182,50
math.DG,math,2025-10,184,50
math.DG,math,2025-11,175,50
math.DG,math,2025-12,191,50
math.DS,math,2018-01,110,50
math.DS,math,2018-02,108,50
math.DS,math,2018-03,135,50
math.DS,math,2018-04,98,50
math.DS,math,2018-05,121,50
math.DS,math,2018-06,103,50
math.DS,math,2018-07,109,50
math.DS,math,2018-08,121,50
math.DS,math,2018-09,116,50
math.DS,math,2018-10,123,50
math.DS,math,2018-11,107,50
math.DS,math,2018-12,119,50
math.DS,math,2019-01,152,50
math.DS,math,2019-02,135,50
math.DS,math,2019-03,125,50
math.DS,math,2019-04,142,50
math.DS,math,2019-05,125,50
math.DS,math,2019-06,122,50
math.DS,math,2019-07,118,50
math.DS,math,2019-08,118,50
math.DS,math,2019-09,141,50
math.DS,math,2019-10,144,50
math.DS,math,2019-11,122,50
math.DS,math,2019-12,120,50
math.DS,math,2020-01,122,50
math.DS,math,2020-02,113,50
math.DS,math,2020-03,137,50
math.DS,math,2020-04,127,50
math.DS,math,2020-05,123,50
math.DS,math,2020-06,151,50
math.DS,math,2020-07,133,50
math.DS,math,2020-08,107,50
math.DS,math,2020-09,125,50
math.DS,math,2020-10,147,50
math.DS,math,2020-11,125,50
math.DS,math,2020-12,153,50
math.DS,math,2021-01,122,50
math.DS,math,2021-02,117,50
math.DS,math,2021-03,168,50
math.DS,math,2021-04,121,50
math.DS,math,2021-05,141,50
math.DS,math,2021-06,131,50
math.DS,math,2021-07,120,50
math.DS,math,2021-08,111,50
math.DS,math,2021-09,127,50
math.DS,math,2021-10,118,50
math.DS,math,2021-11,135,50
math.DS,math,2021-12,144,50
math.DS,math,2022-01,104,50
math.DS,math,2022-02,125,50
math.DS,math,2022-03,145,50
math.DS,math,2022-04,107,50
math.DS,math,2022-05,113,50
math.DS,math,2022-06,131,50
math.DS,math,2022-07,106,50
math.DS,math,2022-08,123,50
math.DS,math,2022-09,159,50
math.DS,math,2022-10,142,50
math.DS,math,2022-11,128,50
math.DS,math,2022-12,109,50
math.DS,math,2023-01,115,50
math.DS,math,2023-02,128,50
math.DS,math,2023-03,154,50
math.DS,math,2023-04,115,50
math.DS,math,2023-05,145,50
math.DS,math,2023-06,127,50
math.DS,math,2023-07,130,50
math.DS,math,2023-08,120,50
math.DS,math,2023-09,115,50
math.DS,math,2023-10,138,50
math.DS,math,2023-11,137,50
math.DS,math,2023-12,142,50
math.DS,math,2024-01,159,50
math.DS,math,2024-02,136,50
math.DS,math,2024-03,156,50
math.DS,math,2024-04,140,50
math.DS,math,2024-05,168,50
math.DS,math,2024-06,118,50
math.DS,math,2024-07,154,50
math.DS,math,2024-08,120,50
math.DS,math,2024-09,131,50
math.DS,math,2024-10,169,50
math.DS,math,2024-11,144,50
math.DS,math,2024-12,134,50
math.DS,math,2025-01,146,50
math.DS,math,2025-02,107,50
math.DS,math,2025-03,145,50
math.DS,math,2025-04,177,50
math.DS,math,2025-05,144,50
math.DS,math,2025-06,117,50
math.DS,math,2025-07,152,50
math.DS,math,2025-08,136,50
math.DS,math,2025-09,146,50
math.DS,math,2025-10,193,50
math.DS,math,2025-11,154,50
math.DS,math,2025-12,162,50
math.FA,math,2018-01,123,50
math.FA,math,2018-02,96,50
math.FA,math,2018-03,121,50
math.FA,math,2018-04,123,50
math.FA,math,2018-05,114,50
math.FA,math,2018-06,111,50
math.FA,math,2018-07,100,50
math.FA,math,2018-08,106,50
math.FA,math,2018-09,100,50
math.FA,math,2018-10,111,50
math.FA,math,2018-11,119,50
math.FA,math,2018-12,132,50
math.FA,math,2019-01,113,50
math.FA,math,2019-02,127,50
math.FA,math,2019-03,120,50
math.FA,math,2019-04,106,50
math.FA,math,2019-05,138,50
math.FA,math,2019-06,92,50
math.FA,math,2019-07,110,50
math.FA,math,2019-08,96,50
math.FA,math,2019-09,108,50
math.FA,math,2019-10,130,50
math.FA,math,2019-11,104,50
math.FA,math,2019-12,162,50
math.FA,math,2020-01,101,50
math.FA,math,2020-02,129,50
math.FA,math,2020-03,135,50
math.FA,math,2020-04,113,50
math.FA,math,2020-05,144,50
math.FA,math,2020-06,124,50
math.FA,math,2020-07,150,50
math.FA,math,2020-08,110,50
math.FA,math,2020-09,128,50
math.FA,math,2020-10,131,50
math.FA,math,2020-11,121,50
math.FA,math,2020-12,138,50
math.FA,math,2021-01,112,50
math.FA,math,2021-02,102,50
math.FA,math,2021-03,111,50
math.FA,math,2021-04,114,50
math.FA,math,2021-05,108,50
math.FA,math,2021-06,105,50
math.FA,math,2021-07,122,50
math.FA,math,2021-08,101,50
math.FA,math,2021-09,106,50
math.FA,math,2021-10,114,50
math.FA,math,2021-11,102,50
math.FA,math,2021-12,106,50
math.FA,math,2022-01,112,50
math.FA,math,2022-02,90,50
math.FA,math,2022-03,126,50
math.FA,math,2022-04,125,50
math.FA,math,2022-05,106,50
math.FA,math,2022-06,111,50
math.FA,math,2022-07,125,50
math.FA,math,2022-08,114,50
math.FA,math,2022-09,120,50
math.FA,math,2022-10,115,50
math.FA,math,2022-11,101,50
math.FA,math,2022-12,121,50
math.FA,math,2023-01,111,50
math.FA,math,2023-02,94,50
math.FA,math,2023-03,107,50
math.FA,math,2023-04,82,50
math.FA,math,2023-05,135,50
math.FA,math,2023-06,112,50
math.FA,math,2023-07,112,50
math.FA,math,2023-08,84,50
math.FA,math,2023-09,103,50
math.FA,math,2023-10,103,50
math.FA,math,2023-11,93,50
math.FA,math,2023-12,102,50
math.FA,math,2024-01,125,50
math.FA,math,2024-02,146,50
math.FA,math,2024-03,117,50
math.FA,math,2024-04,121,50
math.FA,math,2024-05,156,50
math.FA,math,2024-06,110,50
math.FA,math,2024-07,136,50
math.FA,math,2024-08,115,50
math.FA,math,2024-09,116,50
math.FA,math,2024-10,137,50
math.FA,math,2024-11,114,50
math.FA,math,2024-12,110,50
math.FA,math,2025-01,115,50
math.FA,math,2025-02,113,50
math.FA,math,2025-03,128,50
math.FA,math,2025-04,124,50
math.FA,math,2025-05,135,50
math.FA,math,2025-06,114,50
math.FA,math,2025-07,134,50
math.FA,math,2025-08,143,50
math.FA,math,2025-09,151,50
math.FA,math,2025-10,135,50
math.FA,math,2025-11,121,50
math.FA,math,2025-12,146,50
math.GM,math,2018-01,9,9
math.GM,math,2018-02,21,21
math.GM,math,2018-03,13,13
math.GM,math,2018-04,13,13
math.GM,math,2018-05,13,13
math.GM,math,2018-06,15,15
math.GM,math,2018-07,8,8
math.GM,math,2018-08,16,16
math.GM,math,2018-09,9,9
math.GM,math,2018-10,11,11
math.GM,math,2018-11,13,13
math.GM,math,2018-12,14,14
math.GM,math,2019-01,30,30
math.GM,math,2019-02,29,29
math.GM,math,2019-03,22,22
math.GM,math,2019-04,19,19
math.GM,math,2019-05,37,37
math.GM,math,2019-06,9,9
math.GM,math,2019-07,24,24
math.GM,math,2019-08,14,14
math.GM,math,2019-09,25,25
math.GM,math,2019-10,27,27
math.GM,math,2019-11,27,27
math.GM,math,2019-12,24,24
math.GM,math,2020-01,19,19
math.GM,math,2020-02,25,25
math.GM,math,2020-03,38,38
math.GM,math,2020-04,17,17
math.GM,math,2020-05,25,25
math.GM,math,2020-06,29,29
math.GM,math,2020-07,23,23
math.GM,math,2020-08,20,20
math.GM,math,2020-09,18,18
math.GM,math,2020-10,27,27
math.GM,math,2020-11,13,13
math.GM,math,2020-12,24,24
math.GM,math,2021-01,34,34
math.GM,math,2021-02,24,24
math.GM,math,2021-03,37,37
math.GM,math,2021-04,27,27
math.GM,math,2021-05,23,23
math.GM,math,2021-06,24,24
math.GM,math,2021-07,18,18
math.GM,math,2021-08,20,20
math.GM,math,2021-09,26,26
math.GM,math,2021-10,26,26
math.GM,math,2021-11,20,20
math.GM,math,2021-12,24,24
math.GM,math,2022-01,28,28
math.GM,math,2022-02,14,14
math.GM,math,2022-03,13,13
math.GM,math,2022-04,27,27
math.GM,math,2022-05,22,22
math.GM,math,2022-06,31,31
math.GM,math,2022-07,9,9
math.GM,math,2022-08,19,19
math.GM,math,2022-09,26,26
math.GM,math,2022-10,21,21
math.GM,math,2022-11,23,23
math.GM,math,2022-12,17,17
math.GM,math,2023-01,26,26
math.GM,math,2023-02,21,21
math.GM,math,2023-03,21,21
math.GM,math,2023-04,29,29
math.GM,math,2023-05,33,33
math.GM,math,2023-06,27,27
math.GM,math,2023-07,18,18
math.GM,math,2023-08,25,25
math.GM,math,2023-09,11,11
math.GM,math,2023-10,31,31
math.GM,math,2023-11,23,23
math.GM,math,2023-12,27,27
math.GM,math,2024-01,20,20
math.GM,math,2024-02,7,7
math.GM,math,2024-03,67,50
math.GM,math,2024-04,34,34
math.GM,math,2024-05,31,31
math.GM,math,2024-06,27,27
math.GM,math,2024-07,35,35
math.GM,math,2024-08,10,10
math.GM,math,2024-09,28,28
math.GM,math,2024-10,19,19
math.GM,math,2024-11,14,14
math.GM,math,2024-12,34,34
math.GM,math,2025-01,27,27
math.GM,math,2025-02,28,28
math.GM,math,2025-03,35,35
math.GM,math,2025-04,31,31
math.GM,math,2025-05,27,27
math.GM,math,2025-06,38,38
math.GM,math,2025-07,32,32
math.GM,math,2025-08,27,27
math.GM,math,2025-09,44,44
math.GM,math,2025-10,32,32
math.GM,math,2025-11,36,36
math.GM,math,2025-12,36,36
math.GN,math,2018-01,20,20
math.GN,math,2018-02,11,11
math.GN,math,2018-03,25,25
math.GN,math,2018-04,20,20
math.GN,math,2018-05,23,23
math.GN,math,2018-06,27,27
math.GN,math,2018-07,13,13
math.GN,math,2018-08,13,13
math.GN,math,2018-09,25,25
math.GN,math,2018-10,16,16
math.GN,math,2018-11,19,19
math.GN,math,2018-12,19,19
math.GN,math,2019-01,17,17
math.GN,math,2019-02,24,24
math.GN,math,2019-03,24,24
math.GN,math,2019-04,23,23
math.GN,math,2019-05,24,24
math.GN,math,2019-06,18,18
math.GN,math,2019-07,18,18
math.GN,math,2019-08,15,15
math.GN,math,2019-09,24,24
math.GN,math,2019-10,23,23
math.GN,math,2019-11,20,20
math.GN,math,2019-12,22,22
math.GN,math,2020-01,16,16
math.GN,math,2020-02,21,21
math.GN,math,2020-03,16,16
math.GN,math,2020-04,22,22
math.GN,math,2020-05,13,13
math.GN,math,2020-06,17,17
math.GN,math,2020-07,28,28
math.GN,math,2020-08,5,5
math.GN,math,2020-09,14,14
math.GN,math,2020-10,12,12
math.GN,math,2020-11,14,14
math.GN,math,2020-12,13,13
math.GN,math,2021-01,14,14
math.GN,math,2021-02,18,18
math.GN,math,2021-03,18,18
math.GN,math,2021-04,20,20
math.GN,math,2021-05,14,14
math.GN,math,2021-06,11,11
math.GN,math,2021-07,15,15
math.GN,math,2021-08,14,14
math.GN,math,2021-09,22,22
math.GN,math,2021-10,16,16
math.GN,math,2021-11,24,24
math.GN,math,2021-12,21,21
math.GN,math,2022-01,13,13
math.GN,math,2022-02,11,11
math.GN,math,2022-03,15,15
math.GN,math,2022-04,21,21
math.GN,math,2022-05,20,20
math.GN,math,2022-06,18,18
math.GN,math,2022-07,17,17
math.GN,math,2022-08,20,20
math.GN,math,2022-09,14,14
math.GN,math,2022-10,18,18
math.GN,math,2022-11,36,36
math.GN,math,2022-12,11,11
math.GN,math,2023-01,11,11
math.GN,math,2023-02,15,15
math.GN,math,2023-03,20,20
math.GN,math,2023-04,13,13
math.GN,math,2023-05,19,19
math.GN,math,2023-06,10,10
math.GN,math,2023-07,26,26
math.GN,math,2023-08,28,28
math.GN,math,2023-09,22,22
math.GN,math,2023-10,14,14
math.GN,math,2023-11,16,16
math.GN,math,2023-12,19,19
math.GN,math,2024-01,24,24
math.GN,math,2024-02,12,12
math.GN,math,2024-03,25,25
math.GN,math,2024-04,19,19
math.GN,math,2024-05,16,16
math.GN,math,2024-06,19,19
math.GN,math,2024-07,29,29
math.GN,math,2024-08,13,13
math.GN,math,2024-09,12,12
math.GN,math,2024-10,9,9
math.GN,math,2024-11,11,11
math.GN,math,2024-12,29,29
math.GN,math,2025-01,22,22
math.GN,math,2025-02,18,18
math.GN,math,2025-03,23,23
math.GN,math,2025-04,14,14
math.GN,math,2025-05,14,14
math.GN,math,2025-06,16,16
math.GN,math,2025-07,18,18
math.GN,math,2025-08,19,19
math.GN,math,2025-09,14,14
math.GN,math,2025-10,30,30
math.GN,math,2025-11,21,21
math.GN,math,2025-12,15,15
math.GR,math,2018-01,76,50
math.GR,math,2018-02,70,50
math.GR,math,2018-03,78,50
math.GR,math,2018-04,70,50
math.GR,math,2018-05,73,50
math.GR,math,2018-06,64,50
math.GR,math,2018-07,71,50
math.GR,math,2018-08,56,50
math.GR,math,2018-09,57,50
math.GR,math,2018-10,85,50
math.GR,math,2018-11,84,50
math.GR,math,2018-12,64,50
math.GR,math,2019-01,88,50
math.GR,math,2019-02,60,50
math.GR,math,2019-03,63,50
math.GR,math,2019-04,70,50
math.GR,math,2019-05,63,50
math.GR,math,2019-06,55,50
math.GR,math,2019-07,62,50
math.GR,math,2019-08,70,50
math.GR,math,2019-09,91,50
math.GR,math,2019-10,77,50
math.GR,math,2019-11,72,50
math.GR,math,2019-12,54,50
math.GR,math,2020-01,66,50
math.GR,math,2020-02,85,50
math.GR,math,2020-03,72,50
math.GR,math,2020-04,91,50
math.GR,math,2020-05,80,50
math.GR,math,2020-06,91,50
math.GR,math,2020-07,74,50
math.GR,math,2020-08,75,50
math.GR,math,2020-09,85,50
math.GR,math,2020-10,77,50
math.GR,math,2020-11,62,50
math.GR,math,2020-12,72,50
math.GR,math,2021-01,65,50
math.GR,math,2021-02,69,50
math.GR,math,2021-03,90,50
math.GR,math,2021-04,48,48
math.GR,math,2021-05,73,50
math.GR,math,2021-06,71,50
math.GR,math,2021-07,82,50
math.GR,math,2021-08,45,45
math.GR,math,2021-09,65,50
math.GR,math,2021-10,70,50
math.GR,math,2021-11,58,50
math.GR,math,2021-12,77,50
math.GR,math,2022-01,74,50
math.GR,math,2022-02,78,50
math.GR,math,2022-03,73,50
math.GR,math,2022-04,81,50
math.GR,math,2022-05,70,50
math.GR,math,2022-06,89,50
math.GR,math,2022-07,68,50
math.GR,math,2022-08,84,50
math.GR,math,2022-09,81,50
math.GR,math,2022-10,75,50
math.GR,math,2022-11,65,50
math.GR,math,2022-12,86,50
math.GR,math,2023-01,76,50
math.GR,math,2023-02,67,50
math.GR,math,2023-03,98,50
math.GR,math,2023-04,91,50
math.GR,math,2023-05,93,50
math.GR,math,2023-06,67,50
math.GR,math,2023-07,74,50
math.GR,math,2023-08,83,50
math.GR,math,2023-09,74,50
math.GR,math,2023-10,95,50
math.GR,math,2023-11,78,50
math.GR,math,2023-12,72,50
math.GR,math,2024-01,96,50
math.GR,math,2024-02,97,50
math.GR,math,2024-03,77,50
math.GR,math,2024-04,78,50
math.GR,math,2024-05,98,50
math.GR,math,2024-06,62,50
math.GR,math,2024-07,101,50
math.GR,math,2024-08,78,50
math.GR,math,2024-09,93,50
math.GR,math,2024-10,104,50
math.GR,math,2024-11,75,50
math.GR,math,2024-12,90,50
math.GR,math,2025-01,74,50
math.GR,math,2025-02,72,50
math.GR,math,2025-03,80,50
math.GR,math,2025-04,100,50
math.GR,math,2025-05,83,50
math.GR,math,2025-06,88,50
math.GR,math,2025-07,93,50
math.GR,math,2025-08,79,50
math.GR,math,2025-09,101,50
math.GR,math,2025-10,100,50
math.GR,math,2025-11,95,50
math.GR,math,2025-12,89,50
math.GT,math,2018-01,68,50
math.GT,math,2018-02,48,48
math.GT,math,2018-03,74,50
math.GT,math,2018-04,72,50
math.GT,math,2018-05,74,50
math.GT,math,2018-06,53,50
math.GT,math,2018-07,60,50
math.GT,math,2018-08,61,50
math.GT,math,2018-09,64,50
math.GT,math,2018-10,86,50
math.GT,math,2018-11,68,50
math.GT,math,2018-12,63,50
math.GT,math,2019-01,64,50
math.GT,math,2019-02,76,50
math.GT,math,2019-03,66,50
math.GT,math,2019-04,82,50
math.GT,math,2019-05,60,50
math.GT,math,2019-06,49,49
math.GT,math,2019-07,71,50
math.GT,math,2019-08,62,50
math.GT,math,2019-09,93,50
math.GT,math,2019-10,80,50
math.GT,math,2019-11,66,50
math.GT,math,2019-12,80,50
math.GT,math,2020-01,56,50
math.GT,math,2020-02,75,50
math.GT,math,2020-03,79,50
math.GT,math,2020-04,77,50
math.GT,math,2020-05,78,50
math.GT,math,2020-06,84,50
math.GT,math,2020-07,78,50
math.GT,math,2020-08,74,50
math.GT,math,2020-09,90,50
math.GT,math,2020-10,101,50
math.GT,math,2020-11,86,50
math.GT,math,2020-12,74,50
math.GT,math,2021-01,56,50
math.GT,math,2021-02,42,42
math.GT,math,2021-03,76,50
math.GT,math,2021-04,68,50
math.GT,math,2021-05,64,50
math.GT,math,2021-06,57,50
math.GT,math,2021-07,59,50
math.GT,math,2021-08,71,50
math.GT,math,2021-09,75,50
math.GT,math,2021-10,68,50
math.GT,math,2021-11,83,50
math.GT,math,2021-12,65,50
math.GT,math,2022-01,52,50
math.GT,math,2022-02,64,50
math.GT,math,2022-03,66,50
math.GT,math,2022-04,58,50
math.GT,math,2022-05,81,50
math.GT,math,2022-06,70,50
math.GT,math,2022-07,77,50
math.GT,math,2022-08,72,50
math.GT,math,2022-09,69,50
math.GT,math,2022-10,80,50
math.GT,math,2022-11,59,50
math.GT,math,2022-12,77,50
math.GT,math,2023-01,64,50
math.GT,math,2023-02,48,48
math.GT,math,2023-03,87,50
math.GT,math,2023-04,71,50
math.GT,math,2023-05,67,50
math.GT,math,2023-06,82,50
math.GT,math,2023-07,82,50
math.GT,math,2023-08,87,50
math.GT,math,2023-09,68,50
math.GT,math,2023-10,94,50
math.GT,math,2023-11,82,50
math.GT,math,2023-12,67,50
math.GT,math,2024-01,90,50
math.GT,math,2024-02,76,50
math.GT,math,2024-03,82,50
math.GT,math,2024-04,68,50
math.GT,math,2024-05,70,50
math.GT,math,2024-06,74,50
math.GT,math,2024-07,58,50
math.GT,math,2024-08,60,50
math.GT,math,2024-09,77,50
math.GT,math,2024-10,84,50
math.GT,math,2024-11,69,50
math.GT,math,2024-12,82,50
math.GT,math,2025-01,83,50
math.GT,math,2025-02,67,50
math.GT,math,2025-03,66,50
math.GT,math,2025-04,97,50
math.GT,math,2025-05,76,50
math.GT,math,2025-06,69,50
math.GT,math,2025-07,76,50
math.GT,math,2025-08,86,50
math.GT,math,2025-09,87,50
math.GT,math,2025-10,105,50
math.GT,math,2025-11,75,50
math.GT,math,2025-12,98,50
math.HO,math,2018-01,17,17
math.HO,math,2018-02,23,23
math.HO,math,2018-03,15,15
math.HO,math,2018-04,17,17
math.HO,math,2018-05,22,22
math.HO,math,2018-06,12,12
math.HO,math,2018-07,11,11
math.HO,math,2018-08,22,22
math.HO,math,2018-09,11,11
math.HO,math,2018-10,19,19
math.HO,math,2018-11,14,14
math.HO,math,2018-12,19,19
math.HO,math,2019-01,12,12
math.HO,math,2019-02,13,13
math.HO,math,2019-03,11,11
math.HO,math,2019-04,24,24
math.HO,math,2019-05,15,15
math.HO,math,2019-06,9,9
math.HO,math,2019-07,20,20
math.HO,math,2019-08,22,22
math.HO,math,2019-09,9,9
math.HO,math,2019-10,24,24
math.HO,math,2019-11,11,11
math.HO,math,2019-12,25,25
math.HO,math,2020-01,16,16
math.HO,math,2020-02,18,18
math.HO,math,2020-03,22,22
math.HO,math,2020-04,18,18
math.HO,math,2020-05,16,16
math.HO,math,2020-06,15,15
math.HO,math,2020-07,6,6
math.HO,math,2020-08,25,25
math.HO,math,2020-09,17,17
math.HO,math,2020-10,14,14
math.HO,math,2020-11,14,14
math.HO,math,2020-12,22,22
math.HO,math,2021-01,18,18
math.HO,math,2021-02,11,11
math.HO,math,2021-03,14,14
math.HO,math,2021-04,10,10
math.HO,math,2021-05,27,27
math.HO,math,2021-06,16,16
math.HO,math,2021-07,16,16
math.HO,math,2021-08,17,17
math.HO,math,2021-09,14,14
math.HO,math,2021-10,7,7
math.HO,math,2021-11,16,16
math.HO,math,2021-12,19,19
math.HO,math,2022-01,28,28
math.HO,math,2022-02,10,10
math.HO,math,2022-03,12,12
math.HO,math,2022-04,13,13
math.HO,math,2022-05,13,13
math.HO,math,2022-06,19,19
math.HO,math,2022-07,16,16
math.HO,math,2022-08,20,20
math.HO,math,2022-09,16,16
math.HO,math,2022-10,18,18
math.HO,math,2022-11,20,20
math.HO,math,2022-12,24,24
math.HO,math,2023-01,11,11
math.HO,math,2023-02,19,19
math.HO,math,2023-03,21,21
math.HO,math,2023-04,12,12
math.HO,math,2023-05,18,18
math.HO,math,2023-06,15,15
math.HO,math,2023-07,21,21
math.HO,math,2023-08,26,26
math.HO,math,2023-09,23,23
math.HO,math,2023-10,29,29
math.HO,math,2023-11,20,20
math.HO,math,2023-12,12,12
math.HO,math,2024-01,21,21
math.HO,math,2024-02,18,18
math.HO,math,2024-03,24,24
math.HO,math,2024-04,23,23
math.HO,math,2024-05,17,17
math.HO,math,2024-06,18,18
math.HO,math,2024-07,10,10
math.HO,math,2024-08,12,12
math.HO,math,2024-09,11,11
math.HO,math,2024-10,19,19
math.HO,math,2024-11,14,14
math.HO,math,2024-12,20,20
math.HO,math,2025-01,22,22
math.HO,math,2025-02,22,22
math.HO,math,2025-03,22,22
math.HO,math,2025-04,14,14
math.HO,math,2025-05,16,16
math.HO,math,2025-06,13,13
math.HO,math,2025-07,18,18
math.HO,math,2025-08,27,27
math.HO,math,2025-09,21,21
math.HO,math,2025-10,21,21
math.HO,math,2025-11,24,24
math.HO,math,2025-12,25,25
math.KT,math,2018-01,9,9
math.KT,math,2018-02,7,7
math.KT,math,2018-03,16,16
math.KT,math,2018-04,14,14
math.KT,math,2018-05,9,9
math.KT,math,2018-06,7,7
math.KT,math,2018-07,10,10
math.KT,math,2018-08,4,4
math.KT,math,2018-09,12,12
math.KT,math,2018-10,17,17
math.KT,math,2018-11,18,18
math.KT,math,2018-12,10,10
math.KT,math,2019-01,18,18
math.KT,math,2019-02,9,9
math.KT,math,2019-03,4,4
math.KT,math,2019-04,7,7
math.KT,math,2019-05,13,13
math.KT,math,2019-06,6,6
math.KT,math,2019-07,15,15
math.KT,math,2019-08,11,11
math.KT,math,2019-09,13,13
math.KT,math,2019-10,16,16
math.KT,math,2019-11,10,10
math.KT,math,2019-12,13,13
math.KT,math,2020-01,12,12
math.KT,math,2020-02,9,9
math.KT,math,2020-03,9,9
math.KT,math,2020-04,7,7
math.KT,math,2020-05,5,5
math.KT,math,2020-06,14,14
math.KT,math,2020-07,13,13
math.KT,math,2020-08,3,3
math.KT,math,2020-09,20,20
math.KT,math,2020-10,11,11
math.KT,math,2020-11,9,9
math.KT,math,2020-12,8,8
math.KT,math,2021-01,8,8
math.KT,math,2021-02,9,9
math.KT,math,2021-03,7,7
math.KT,math,2021-04,5,5
math.KT,math,2021-05,9,9
math.KT,math,2021-06,4,4
math.KT,math,2021-07,6,6
math.KT,math,2021-08,6,6
math.KT,math,2021-09,11,11
math.KT,math,2021-10,11,11
math.KT,math,2021-11,13,13
math.KT,math,2021-12,12,12
math.KT,math,2022-01,10,10
math.KT,math,2022-02,10,10
math.KT,math,2022-03,8,8
math.KT,math,2022-04,14,14
math.KT,math,2022-05,10,10
math.KT,math,2022-06,12,12
math.KT,math,2022-07,7,7
math.KT,math,2022-08,6,6
math.KT,math,2022-09,11,11
math.KT,math,2022-10,5,5
math.KT,math,2022-11,15,15
math.KT,math,2022-12,5,5
math.KT,math,2023-01,5,5
math.KT,math,2023-02,4,4
math.KT,math,2023-03,5,5
math.KT,math,2023-04,11,11
math.KT,math,2023-05,7,7
math.KT,math,2023-06,13,13
math.KT,math,2023-07,10,10
math.KT,math,2023-08,6,6
math.KT,math,2023-09,7,7
math.KT,math,2023-10,11,11
math.KT,math,2023-11,12,12
math.KT,math,2023-12,4,4
math.KT,math,2024-01,11,11
math.KT,math,2024-02,12,12
math.KT,math,2024-03,7,7
math.KT,math,2024-04,6,6
math.KT,math,2024-05,15,15
math.KT,math,2024-06,9,9
math.KT,math,2024-07,13,13
math.KT,math,2024-08,6,6
math.KT,math,2024-09,10,10
math.KT,math,2024-10,18,18
math.KT,math,2024-11,9,9
math.KT,math,2024-12,8,8
math.KT,math,2025-01,9,9
math.KT,math,2025-02,8,8
math.KT,math,2025-03,11,11
math.KT,math,2025-04,11,11
math.KT,math,2025-05,8,8
math.KT,math,2025-06,15,15
math.KT,math,2025-07,13,13
math.KT,math,2025-08,11,11
math.KT,math,2025-09,16,16
math.KT,math,2025-10,6,6
math.KT,math,2025-11,5,5
math.KT,math,2025-12,11,11
math.LO,math,2018-01,50,50
math.LO,math,2018-02,45,45
math.LO,math,2018-03,59,50
math.LO,math,2018-04,69,50
math.LO,math,2018-05,53,50
math.LO,math,2018-06,47,47
math.LO,math,2018-07,48,48
math.LO,math,2018-08,55,50
math.LO,math,2018-09,56,50
math.LO,math,2018-10,91,50
math.LO,math,2018-11,57,50
math.LO,math,2018-12,50,50
math.LO,math,2019-01,58,50
math.LO,math,2019-02,59,50
math.LO,math,2019-03,55,50
math.LO,math,2019-04,55,50
math.LO,math,2019-05,64,50
math.LO,math,2019-06,40,40
math.LO,math,2019-07,50,50
math.LO,math,2019-08,55,50
math.LO,math,2019-09,53,50
math.LO,math,2019-10,61,50
math.LO,math,2019-11,40,40
math.LO,math,2019-12,51,50
math.LO,math,2020-01,46,46
math.LO,math,2020-02,55,50
math.LO,math,2020-03,53,50
math.LO,math,2020-04,72,50
math.LO,math,2020-05,40,40
math.LO,math,2020-06,71,50
math.LO,math,2020-07,48,48
math.LO,math,2020-08,54,50
math.LO,math,2020-09,57,50
math.LO,math,2020-10,52,50
math.LO,math,2020-11,55,50
math.LO,math,2020-12,50,50
math.LO,math,2021-01,53,50
math.LO,math,2021-02,46,46
math.LO,math,2021-03,55,50
math.LO,math,2021-04,48,48
math.LO,math,2021-05,57,50
math.LO,math,2021-06,52,50
math.LO,math,2021-07,48,48
math.LO,math,2021-08,47,47
math.LO,math,2021-09,63,50
math.LO,math,2021-10,65,50
math.LO,math,2021-11,51,50
math.LO,math,2021-12,50,50
math.LO,math,2022-01,32,32
math.LO,math,2022-02,46,46
math.LO,math,2022-03,59,50
math.LO,math,2022-04,52,50
math.LO,math,2022-05,38,38
math.LO,math,2022-06,54,50
math.LO,math,2022-07,48,48
math.LO,math,2022-08,53,50
math.LO,math,2022-09,74,50
math.LO,math,2022-10,52,50
math.LO,math,2022-11,45,45
math.LO,math,2022-12,62,50
math.LO,math,2023-01,41,41
math.LO,math,2023-02,58,50
math.LO,math,2023-03,74,50
math.LO,math,2023-04,60,50
math.LO,math,2023-05,65,50
math.LO,math,2023-06,50,50
math.LO,math,2023-07,47,47
math.LO,math,2023-08,55,50
math.LO,math,2023-09,50,50
math.LO,math,2023-10,72,50
math.LO,math,2023-11,59,50
math.LO,math,2023-12,61,50
math.LO,math,2024-01,85,50
math.LO,math,2024-02,69,50
math.LO,math,2024-03,60,50
math.LO,math,2024-04,63,50
math.LO,math,2024-05,65,50
math.LO,math,2024-06,67,50
math.LO,math,2024-07,53,50
math.LO,math,2024-08,55,50
math.LO,math,2024-09,68,50
math.LO,math,2024-10,59,50
math.LO,math,2024-11,65,50
math.LO,math,2024-12,68,50
math.LO,math,2025-01,67,50
math.LO,math,2025-02,51,50
math.LO,math,2025-03,76,50
math.LO,math,2025-04,48,48
math.LO,math,2025-05,58,50
math.LO,math,2025-06,52,50
math.LO,math,2025-07,81,50
math.LO,math,2025-08,70,50
math.LO,math,2025-09,53,50
math.LO,math,2025-10,69,50
math.LO,math,2025-11,75,50
math.LO,math,2025-12,79,50
math.MG,math,2018-01,29,29
math.MG,math,2018-02,35,35
math.MG,math,2018-03,35,35
math.MG,math,2018-04,41,41
math.MG,math,2018-05,22,22
math.MG,math,2018-06,32,32
math.MG,math,2018-07,32,32
math.MG,math,2018-08,16,16
math.MG,math,2018-09,39,39
math.MG,math,2018-10,38,38
math.MG,math,2018-11,27,27
math.MG,math,2018-12,36,36
math.MG,math,2019-01,25,25
math.MG,math,2019-02,36,36
math.MG,math,2019-03,31,31
math.MG,math,2019-04,32,32
math.MG,math,2019-05,40,40
math.MG,math,2019-06,28,28
math.MG,math,2019-07,41,41
math.MG,math,2019-08,44,44
math.MG,math,2019-09,31,31
math.MG,math,2019-10,34,34
math.MG,math,2019-11,27,27
math.MG,math,2019-12,34,34
math.MG,math,2020-01,22,22
math.MG,math,2020-02,31,31
math.MG,math,2020-03,28,28
math.MG,math,2020-04,40,40
math.MG,math,2020-05,37,37
math.MG,math,2020-06,33,33
math.MG,math,2020-07,39,39
math.MG,math,2020-08,30,30
math.MG,math,2020-09,42,42
math.MG,math,2020-10,21,21
math.MG,math,2020-11,26,26
math.MG,math,2020-12,36,36
math.MG,math,2021-01,26,26
math.MG,math,2021-02,36,36
math.MG,math,2021-03,29,29
math.MG,math,2021-04,28,28
math.MG,math,2021-05,32,32
math.MG,math,2021-06,31,31
math.MG,math,2021-07,32,32
math.MG,math,2021-08,34,34
math.MG,math,2021-09,38,38
math.MG,math,2021-10,34,34
math.MG,math,2021-11,35,35
math.MG,math,2021-12,36,36
math.MG,math,2022-01,27,27
math.MG,math,2022-02,34,34
math.MG,math,2022-03,33,33
math.MG,math,2022-04,26,26
math.MG,math,2022-05,27,27
math.MG,math,2022-06,35,35
math.MG,math,2022-07,40,40
math.MG,math,2022-08,26,26
math.MG,math,2022-09,18,18
math.MG,math,2022-10,31,31
math.MG,math,2022-11,33,33
math.MG,math,2022-12,37,37
math.MG,math,2023-01,22,22
math.MG,math,2023-02,28,28
math.MG,math,2023-03,36,36
math.MG,math,2023-04,32,32
math.MG,math,2023-05,44,44
math.MG,math,2023-06,31,31
math.MG,math,2023-07,32,32
math.MG,math,2023-08,30,30
math.MG,math,2023-09,30,30
math.MG,math,2023-10,39,39
math.MG,math,2023-11,25,25
math.MG,math,2023-12,30,30
math.MG,math,2024-01,26,26
math.MG,math,2024-02,29,29
math.MG,math,2024-03,25,25
math.MG,math,2024-04,27,27
math.MG,math,2024-05,24,24
math.MG,math,2024-06,33,33
math.MG,math,2024-07,43,43
math.MG,math,2024-08,29,29
math.MG,math,2024-09,25,25
math.MG,math,2024-10,37,37
math.MG,math,2024-11,35,35
math.MG,math,2024-12,38,38
math.MG,math,2025-01,42,42
math.MG,math,2025-02,31,31
math.MG,math,2025-03,38,38
math.MG,math,2025-04,30,30
math.MG,math,2025-05,38,38
math.MG,math,2025-06,36,36
math.MG,math,2025-07,27,27
math.MG,math,2025-08,31,31
math.MG,math,2025-09,26,26
math.MG,math,2025-10,46,46
math.MG,math,2025-11,36,36
math.MG,math,2025-12,37,37
math.NA,math,2018-01,180,50
math.NA,math,2018-02,155,50
math.NA,math,2018-03,202,50
math.NA,math,2018-04,189,50
math.NA,math,2018-05,212,50
math.NA,math,2018-06,193,50
math.NA,math,2018-07,185,50
math.NA,math,2018-08,168,50
math.NA,math,2018-09,171,50
math.NA,math,2018-10,202,50
math.NA,math,2018-11,215,50
math.NA,math,2018-12,204,50
math.NA,math,2019-01,198,50
math.NA,math,2019-02,199,50
math.NA,math,2019-03,191,50
math.NA,math,2019-04,157,50
math.NA,math,2019-05,197,50
math.NA,math,2019-06,191,50
math.NA,math,2019-07,229,50
math.NA,math,2019-08,180,50
math.NA,math,2019-09,211,50
math.NA,math,2019-10,226,50
math.NA,math,2019-11,186,50
math.NA,math,2019-12,242,50
math.NA,math,2020-01,212,50
math.NA,math,2020-02,211,50
math.NA,math,2020-03,222,50
math.NA,math,2020-04,224,50
math.NA,math,2020-05,190,50
math.NA,math,2020-06,221,50
math.NA,math,2020-07,249,50
math.NA,math,2020-08,182,50
math.NA,math,2020-09,203,50
math.NA,math,2020-10,227,50
math.NA,math,2020-11,261,50
math.NA,math,2020-12,238,50
math.NA,math,2021-01,228,50
math.NA,math,2021-02,229,50
math.NA,math,2021-03,322,50
math.NA,math,2021-04,247,50
math.NA,math,2021-05,281,50
math.NA,math,2021-06,268,50
math.NA,math,2021-07,220,50
math.NA,math,2021-08,230,50
math.NA,math,2021-09,211,50
math.NA,math,2021-10,249,50
math.NA,math,2021-11,260,50
math.NA,math,2021-12,250,50
math.NA,math,2022-01,233,50
math.NA,math,2022-02,226,50
math.NA,math,2022-03,278,50
math.NA,math,2022-04,197,50
math.NA,math,2022-05,227,50
math.NA,math,2022-06,197,50
math.NA,math,2022-07,233,50
math.NA,math,2022-08,215,50
math.NA,math,2022-09,258,50
math.NA,math,2022-10,265,50
math.NA,math,2022-11,253,50
math.NA,math,2022-12,251,50
math.NA,math,2023-01,253,50
math.NA,math,2023-02,230,50
math.NA,math,2023-03,272,50
math.NA,math,2023-04,241,50
math.NA,math,2023-05,285,50
math.NA,math,2023-06,289,50
math.NA,math,2023-07,259,50
math.NA,math,2023-08,249,50
math.NA,math,2023-09,235,50
math.NA,math,2023-10,328,50
math.NA,math,2023-11,243,50
math.NA,math,2023-12,268,50
math.NA,math,2024-01,295,50
math.NA,math,2024-02,297,50
math.NA,math,2024-03,308,50
math.NA,math,2024-04,308,50
math.NA,math,2024-05,284,50
math.NA,math,2024-06,207,50
math.NA,math,2024-07,349,50
math.NA,math,2024-08,241,50
math.NA,math,2024-09,278,50
math.NA,math,2024-10,288,50
math.NA,math,2024-11,269,50
math.NA,math,2024-12,272,50
math.NA,math,2025-01,294,50
math.NA,math,2025-02,280,50
math.NA,math,2025-03,303,50
math.NA,math,2025-04,299,50
math.NA,math,2025-05,277,50
math.NA,math,2025-06,328,50
math.NA,math,2025-07,296,50
math.NA,math,2025-08,279,50
math.NA,math,2025-09,332,50
math.NA,math,2025-10,356,50
math.NA,math,2025-11,300,50
math.NA,math,2025-12,300,50
math.NT,math,2018-01,151,50
math.NT,math,2018-02,145,50
math.NT,math,2018-03,168,50
math.NT,math,2018-04,145,50
math.NT,math,2018-05,182,50
math.NT,math,2018-06,190,50
math.NT,math,2018-07,149,50
math.NT,math,2018-08,137,50
math.NT,math,2018-09,195,50
math.NT,math,2018-10,227,50
math.NT,math,2018-11,165,50
math.NT,math,2018-12,180,50
math.NT,math,2019-01,157,50
math.NT,math,2019-02,145,50
math.NT,math,2019-03,154,50
math.NT,math,2019-04,172,50
math.NT,math,2019-05,142,50
math.NT,math,2019-06,151,50
math.NT,math,2019-07,172,50
math.NT,math,2019-08,150,50
math.NT,math,2019-09,179,50
math.NT,math,2019-10,219,50
math.NT,math,2019-11,148,50
math.NT,math,2019-12,191,50
math.NT,math,2020-01,184,50
math.NT,math,2020-02,171,50
math.NT,math,2020-03,184,50
math.NT,math,2020-04,158,50
math.NT,math,2020-05,220,50
math.NT,math,2020-06,244,50
math.NT,math,2020-07,176,50
math.NT,math,2020-08,177,50
math.NT,math,2020-09,198,50
math.NT,math,2020-10,204,50
math.NT,math,2020-11,179,50
math.NT,math,2020-12,189,50
math.NT,math,2021-01,184,50
math.NT,math,2021-02,184,50
math.NT,math,2021-03,199,50
math.NT,math,2021-04,170,50
math.NT,math,2021-05,179,50
math.NT,math,2021-06,180,50
math.NT,math,2021-07,153,50
math.NT,math,2021-08,198,50
math.NT,math,2021-09,205,50
math.NT,math,2021-10,189,50
math.NT,math,2021-11,218,50
math.NT,math,2021-12,181,50
math.NT,math,2022-01,172,50
math.NT,math,2022-02,173,50
math.NT,math,2022-03,197,50
math.NT,math,2022-04,178,50
math.NT,math,2022-05,170,50
math.NT,math,2022-06,195,50
math.NT,math,2022-07,203,50
math.NT,math,2022-08,196,50
math.NT,math,2022-09,172,50
math.NT,math,2022-10,189,50
math.NT,math,2022-11,238,50
math.NT,math,2022-12,164,50
math.NT,math,2023-01,190,50
math.NT,math,2023-02,178,50
math.NT,math,2023-03,223,50
math.NT,math,2023-04,154,50
math.NT,math,2023-05,182,50
math.NT,math,2023-06,190,50
math.NT,math,2023-07,184,50
math.NT,math,2023-08,205,50
math.NT,math,2023-09,208,50
math.NT,math,2023-10,217,50
math.NT,math,2023-11,173,50
math.NT,math,2023-12,187,50
math.NT,math,2024-01,235,50
math.NT,math,2024-02,205,50
math.NT,math,2024-03,199,50
math.NT,math,2024-04,190,50
math.NT,math,2024-05,221,50
math.NT,math,2024-06,201,50
math.NT,math,2024-07,213,50
math.NT,math,2024-08,193,50
math.NT,math,2024-09,209,50
math.NT,math,2024-10,243,50
math.NT,math,2024-11,222,50
math.NT,math,2024-12,212,50
math.NT,math,2025-01,187,50
math.NT,math,2025-02,205,50
math.NT,math,2025-03,227,50
math.NT,math,2025-04,245,50
math.NT,math,2025-05,228,50
math.NT,math,2025-06,204,50
math.NT,math,2025-07,233,50
math.NT,math,2025-08,257,50
math.NT,math,2025-09,268,50
math.NT,math,2025-10,283,50
math.NT,math,2025-11,219,50
math.NT,math,2025-12,268,50
math.OA,math,2018-01,27,27
math.OA,math,2018-02,24,24
math.OA,math,2018-03,39,39
math.OA,math,2018-04,40,40
math.OA,math,2018-05,33,33
math.OA,math,2018-06,37,37
math.OA,math,2018-07,36,36
math.OA,math,2018-08,28,28
math.OA,math,2018-09,28,28
math.OA,math,2018-10,33,33
math.OA,math,2018-11,48,48
math.OA,math,2018-12,31,31
math.OA,math,2019-01,34,34
math.OA,math,2019-02,25,25
math.OA,math,2019-03,33,33
math.OA,math,2019-04,33,33
math.OA,math,2019-05,44,44
math.OA,math,2019-06,38,38
math.OA,math,2019-07,41,41
math.OA,math,2019-08,27,27
math.OA,math,2019-09,24,24
math.OA,math,2019-10,31,31
math.OA,math,2019-11,34,34
math.OA,math,2019-12,30,30
math.OA,math,2020-01,26,26
math.OA,math,2020-02,29,29
math.OA,math,2020-03,24,24
math.OA,math,2020-04,28,28
math.OA,math,2020-05,32,32
math.OA,math,2020-06,42,42
math.OA,math,2020-07,25,25
math.OA,math,2020-08,29,29
math.OA,math,2020-09,35,35
math.OA,math,2020-10,29,29
math.OA,math,2020-11,30,30
math.OA,math,2020-12,32,32
math.OA,math,2021-01,31,31
math.OA,math,2021-02,23,23
math.OA,math,2021-03,24,24
math.OA,math,2021-04,27,27
math.OA,math,2021-05,34,34
math.OA,math,2021-06,20,20
math.OA,math,2021-07,37,37
math.OA,math,2021-08,41,41
math.OA,math,2021-09,39,39
math.OA,math,2021-10,36,36
math.OA,math,2021-11,33,33
math.OA,math,2021-12,39,39
math.OA,math,2022-01,32,32
math.OA,math,2022-02,30,30
math.OA,math,2022-03,33,33
math.OA,math,2022-04,32,32
math.OA,math,2022-05,27,27
math.OA,math,2022-06,19,19
math.OA,math,2022-07,19,19
math.OA,math,2022-08,24,24
math.OA,math,2022-09,26,26
math.OA,math,2022-10,26,26
math.OA,math,2022-11,42,42
math.OA,math,2022-12,26,26
math.OA,math,2023-01,30,30
math.OA,math,2023-02,36,36
math.OA,math,2023-03,37,37
math.OA,math,2023-04,33,33
math.OA,math,2023-05,32,32
math.OA,math,2023-06,33,33
math.OA,math,2023-07,32,32
math.OA,math,2023-08,26,26
math.OA,math,2023-09,37,37
math.OA,math,2023-10,38,38
math.OA,math,2023-11,39,39
math.OA,math,2023-12,46,46
math.OA,math,2024-01,27,27
math.OA,math,2024-02,37,37
math.OA,math,2024-03,39,39
math.OA,math,2024-04,32,32
math.OA,math,2024-05,37,37
math.OA,math,2024-06,32,32
math.OA,math,2024-07,37,37
math.OA,math,2024-08,28,28
math.OA,math,2024-09,34,34
math.OA,math,2024-10,34,34
math.OA,math,2024-11,27,27
math.OA,math,2024-12,46,46
math.OA,math,2025-01,30,30
math.OA,math,2025-02,30,30
math.OA,math,2025-03,34,34
math.OA,math,2025-04,37,37
math.OA,math,2025-05,35,35
math.OA,math,2025-06,34,34
math.OA,math,2025-07,38,38
math.OA,math,2025-08,34,34
math.OA,math,2025-09,43,43
math.OA,math,2025-10,43,43
math.OA,math,2025-11,34,34
math.OA,math,2025-12,43,43
math.OC,math,2018-01,174,50
math.OC,math,2018-02,220,50
math.OC,math,2018-03,267,50
math.OC,math,2018-04,200,50
math.OC,math,2018-05,208,50
math.OC,math,2018-06,176,50
math.OC,math,2018-07,192,50
math.OC,math,2018-08,165,50
math.OC,math,2018-09,238,50
math.OC,math,2018-10,259,50
math.OC,math,2018-11,203,50
math.OC,math,2018-12,201,50
math.OC,math,2019-01,188,50
math.OC,math,2019-02,226,50
math.OC,math,2019-03,294,50
math.OC,math,2019-04,217,50
math.OC,math,2019-05,243,50
math.OC,math,2019-06,206,50
math.OC,math,2019-07,231,50
math.OC,math,2019-08,175,50
math.OC,math,2019-09,241,50
math.OC,math,2019-10,273,50
math.OC,math,2019-11,233,50
math.OC,math,2019-12,284,50
math.OC,math,2020-01,238,50
math.OC,math,2020-02,264,50
math.OC,math,2020-03,271,50
math.OC,math,2020-04,262,50
math.OC,math,2020-05,218,50
math.OC,math,2020-06,312,50
math.OC,math,2020-07,267,50
math.OC,math,2020-08,199,50
math.OC,math,2020-09,262,50
math.OC,math,2020-10,248,50
math.OC,math,2020-11,264,50
math.OC,math,2020-12,269,50
math.OC,math,2021-01,256,50
math.OC,math,2021-02,229,50
math.OC,math,2021-03,350,50
math.OC,math,2021-04,274,50
math.OC,math,2021-05,271,50
math.OC,math,2021-06,320,50
math.OC,math,2021-07,268,50
math.OC,math,2021-08,209,50
math.OC,math,2021-09,293,50
math.OC,math,2021-10,272,50
math.OC,math,2021-11,258,50
math.OC,math,2021-12,241,50
math.OC,math,2022-01,238,50
math.OC,math,2022-02,244,50
math.OC,math,2022-03,291,50
math.OC,math,2022-04,277,50
math.OC,math,2022-05,276,50
math.OC,math,2022-06,278,50
math.OC,math,2022-07,259,50
math.OC,math,2022-08,258,50
math.OC,math,2022-09,288,50
math.OC,math,2022-10,304,50
math.OC,math,2022-11,305,50
math.OC,math,2022-12,254,50
math.OC,math,2023-01,235,50
math.OC,math,2023-02,299,50
math.OC,math,2023-03,360,50
math.OC,math,2023-04,257,50
math.OC,math,2023-05,306,50
math.OC,math,2023-06,256,50
math.OC,math,2023-07,280,50
math.OC,math,2023-08,255,50
math.OC,math,2023-09,266,50
math.OC,math,2023-10,321,50
math.OC,math,2023-11,363,50
math.OC,math,2023-12,286,50
math.OC,math,2024-01,343,50
math.OC,math,2024-02,319,50
math.OC,math,2024-03,389,50
math.OC,math,2024-04,336,50
math.OC,math,2024-05,318,50
math.OC,math,2024-06,301,50
math.OC,math,2024-07,323,50
math.OC,math,2024-08,245,50
math.OC,math,2024-09,318,50
math.OC,math,2024-10,347,50
math.OC,math,2024-11,290,50
math.OC,math,2024-12,358,50
math.OC,math,2025-01,342,50
math.OC,math,2025-02,300,50
math.OC,math,2025-03,421,50
math.OC,math,2025-04,367,50
math.OC,math,2025-05,373,50
math.OC,math,2025-06,328,50
math.OC,math,2025-07,327,50
math.OC,math,2025-08,276,50
math.OC,math,2025-09,396,50
math.OC,math,2025-10,417,50
math.OC,math,2025-11,380,50
math.OC,math,2025-12,333,50
math.PR,math,2018-01,204,50
math.PR,math,2018-02,202,50
math.PR,math,2018-03,201,50
math.PR,math,2018-04,202,50
math.PR,math,2018-05,196,50
math.PR,math,2018-06,221,50
math.PR,math,2018-07,221,50
math.PR,math,2018-08,208,50
math.PR,math,2018-09,197,50
math.PR,math,2018-10,229,50
math.PR,math,2018-11,196,50
math.PR,math,2018-12,229,50
math.PR,math,2019-01,186,50
math.PR,math,2019-02,169,50
math.PR,math,2019-03,225,50
math.PR,math,2019-04,227,50
math.PR,math,2019-05,218,50
math.PR,math,2019-06,170,50
math.PR,math,2019-07,244,50
math.PR,math,2019-08,187,50
math.PR,math,2019-09,222,50
math.PR,math,2019-10,211,50
math.PR,math,2019-11,211,50
math.PR,math,2019-12,243,50
math.PR,math,2020-01,194,50
math.PR,math,2020-02,185,50
math.PR,math,2020-03,237,50
math.PR,math,2020-04,247,50
math.PR,math,2020-05,218,50
math.PR,math,2020-06,239,50
math.PR,math,2020-07,225,50
math.PR,math,2020-08,210,50
math.PR,math,2020-09,221,50
math.PR,math,2020-10,215,50
math.PR,math,2020-11,206,50
math.PR,math,2020-12,223,50
math.PR,math,2021-01,195,50
math.PR,math,2021-02,190,50
math.PR,math,2021-03,231,50
math.PR,math,2021-04,198,50
math.PR,math,2021-05,218,50
math.PR,math,2021-06,208,50
math.PR,math,2021-07,194,50
math.PR,math,2021-08,183,50
math.PR,math,2021-09,195,50
math.PR,math,2021-10,209,50
math.PR,math,2021-11,223,50
math.PR,math,2021-12,209,50
math.PR,math,2022-01,176,50
math.PR,math,2022-02,165,50
math.PR,math,2022-03,226,50
math.PR,math,2022-04,159,50
math.PR,math,2022-05,212,50
math.PR,math,2022-06,204,50
math.PR,math,2022-07,204,50
math.PR,math,2022-08,201,50
math.PR,math,2022-09,201,50
math.PR,math,2022-10,189,50
math.PR,math,2022-11,233,50
math.PR,math,2022-12,198,50
math.PR,math,2023-01,192,50
math.PR,math,2023-02,170,50
math.PR,math,2023-03,219,50
math.PR,math,2023-04,187,50
math.PR,math,2023-05,205,50
math.PR,math,2023-06,187,50
math.PR,math,2023-07,215,50
math.PR,math,2023-08,197,50
math.PR,math,2023-09,217,50
math.PR,math,2023-10,242,50
math.PR,math,2023-11,203,50
math.PR,math,2023-12,218,50
math.PR,math,2024-01,211,50
math.PR,math,2024-02,207,50
math.PR,math,2024-03,220,50
math.PR,math,2024-04,193,50
math.PR,math,2024-05,199,50
math.PR,math,2024-06,182,50
math.PR,math,2024-07,219,50
math.PR,math,2024-08,168,50
math.PR,math,2024-09,246,50
math.PR,math,2024-10,251,50
math.PR,math,2024-11,226,50
math.PR,math,2024-12,264,50
math.PR,math,2025-01,244,50
math.PR,math,2025-02,223,50
math.PR,math,2025-03,270,50
math.PR,math,2025-04,217,50
math.PR,math,2025-05,217,50
math.PR,math,2025-06,217,50
math.PR,math,2025-07,241,50
math.PR,math,2025-08,197,50
math.PR,math,2025-09,272,50
math.PR,math,2025-10,279,50
math.PR,math,2025-11,236,50
math.PR,math,2025-12,292,50
math.QA,math,2018-01,25,25
math.QA,math,2018-02,28,28
math.QA,math,2018-03,27,27
math.QA,math,2018-04,38,38
math.QA,math,2018-05,26,26
math.QA,math,2018-06,27,27
math.QA,math,2018-07,33,33
math.QA,math,2018-08,25,25
math.QA,math,2018-09,29,29
math.QA,math,2018-10,39,39
math.QA,math,2018-11,35,35
math.QA,math,2018-12,30,30
math.QA,math,2019-01,24,24
math.QA,math,2019-02,23,23
math.QA,math,2019-03,24,24
math.QA,math,2019-04,28,28
math.QA,math,2019-05,22,22
math.QA,math,2019-06,21,21
math.QA,math,2019-07,27,27
math.QA,math,2019-08,27,27
math.QA,math,2019-09,19,19
math.QA,math,2019-10,43,43
math.QA,math,2019-11,42,42
math.QA,math,2019-12,35,35
math.QA,math,2020-01,29,29
math.QA,math,2020-02,29,29
math.QA,math,2020-03,35,35
math.QA,math,2020-04,30,30
math.QA,math,2020-05,38,38
math.QA,math,2020-06,24,24
math.QA,math,2020-07,24,24
math.QA,math,2020-08,26,26
math.QA,math,2020-09,28,28
math.QA,math,2020-10,20,20
math.QA,math,2020-11,24,24
math.QA,math,2020-12,28,28
math.QA,math,2021-01,15,15
math.QA,math,2021-02,17,17
math.QA,math,2021-03,36,36
math.QA,math,2021-04,35,35
math.QA,math,2021-05,21,21
math.QA,math,2021-06,25,25
math.QA,math,2021-07,30,30
math.QA,math,2021-08,22,22
math.QA,math,2021-09,24,24
math.QA,math,2021-10,25,25
math.QA,math,2021-11,25,25
math.QA,math,2021-12,34,34
math.QA,math,2022-01,20,20
math.QA,math,2022-02,24,24
math.QA,math,2022-03,36,36
math.QA,math,2022-04,24,24
math.QA,math,2022-05,24,24
math.QA,math,2022-06,22,22
math.QA,math,2022-07,21,21
math.QA,math,2022-08,23,23
math.QA,math,2022-09,37,37
math.QA,math,2022-10,26,26
math.QA,math,2022-11,41,41
math.QA,math,2022-12,25,25
math.QA,math,2023-01,30,30
math.QA,math,2023-02,29,29
math.QA,math,2023-03,36,36
math.QA,math,2023-04,32,32
math.QA,math,2023-05,36,36
math.QA,math,2023-06,39,39
math.QA,math,2023-07,28,28
math.QA,math,2023-08,32,32
math.QA,math,2023-09,24,24
math.QA,math,2023-10,20,20
math.QA,math,2023-11,24,24
math.QA,math,2023-12,42,42
math.QA,math,2024-01,22,22
math.QA,math,2024-02,30,30
math.QA,math,2024-03,28,28
math.QA,math,2024-04,32,32
math.QA,math,2024-05,19,19
math.QA,math,2024-06,28,28
math.QA,math,2024-07,35,35
math.QA,math,2024-08,29,29
math.QA,math,2024-09,34,34
math.QA,math,2024-10,40,40
math.QA,math,2024-11,35,35
math.QA,math,2024-12,38,38
math.QA,math,2025-01,34,34
math.QA,math,2025-02,18,18
math.QA,math,2025-03,36,36
math.QA,math,2025-04,32,32
math.QA,math,2025-05,36,36
math.QA,math,2025-06,29,29
math.QA,math,2025-07,29,29
math.QA,math,2025-08,35,35
math.QA,math,2025-09,48,48
math.QA,math,2025-10,41,41
math.QA,math,2025-11,39,39
math.QA,math,2025-12,40,40
math.RA,math,2018-01,45,45
math.RA,math,2018-02,40,40
math.RA,math,2018-03,54,50
math.RA,math,2018-04,41,41
math.RA,math,2018-05,63,50
math.RA,math,2018-06,54,50
math.RA,math,2018-07,57,50
math.RA,math,2018-08,69,50
math.RA,math,2018-09,48,48
math.RA,math,2018-10,67,50
math.RA,math,2018-11,43,43
math.RA,math,2018-12,67,50
math.RA,math,2019-01,51,50
math.RA,math,2019-02,52,50
math.RA,math,2019-03,70,50
math.RA,math,2019-04,61,50
math.RA,math,2019-05,66,50
math.RA,math,2019-06,48,48
math.RA,math,2019-07,66,50
math.RA,math,2019-08,51,50
math.RA,math,2019-09,49,49
math.RA,math,2019-10,49,49
math.RA,math,2019-11,68,50
math.RA,math,2019-12,72,50
math.RA,math,2020-01,79,50
math.RA,math,2020-02,43,43
math.RA,math,2020-03,47,47
math.RA,math,2020-04,62,50
math.RA,math,2020-05,53,50
math.RA,math,2020-06,81,50
math.RA,math,2020-07,72,50
math.RA,math,2020-08,67,50
math.RA,math,2020-09,56,50
math.RA,math,2020-10,60,50
math.RA,math,2020-11,51,50
math.RA,math,2020-12,44,44
math.RA,math,2021-01,55,50
math.RA,math,2021-02,45,45
math.RA,math,2021-03,47,47
math.RA,math,2021-04,53,50
math.RA,math,2021-05,54,50
math.RA,math,2021-06,41,41
math.RA,math,2021-07,66,50
math.RA,math,2021-08,57,50
math.RA,math,2021-09,44,44
math.RA,math,2021-10,34,34
math.RA,math,2021-11,43,43
math.RA,math,2021-12,58,50
math.RA,math,2022-01,46,46
math.RA,math,2022-02,43,43
math.RA,math,2022-03,58,50
math.RA,math,2022-04,58,50
math.RA,math,2022-05,62,50
math.RA,math,2022-06,55,50
math.RA,math,2022-07,53,50
math.RA,math,2022-08,65,50
math.RA,math,2022-09,69,50
math.RA,math,2022-10,53,50
math.RA,math,2022-11,64,50
math.RA,math,2022-12,56,50
math.RA,math,2023-01,62,50
math.RA,math,2023-02,43,43
math.RA,math,2023-03,55,50
math.RA,math,2023-04,54,50
math.RA,math,2023-05,53,50
math.RA,math,2023-06,66,50
math.RA,math,2023-07,55,50
math.RA,math,2023-08,54,50
math.RA,math,2023-09,52,50
math.RA,math,2023-10,57,50
math.RA,math,2023-11,61,50
math.RA,math,2023-12,52,50
math.RA,math,2024-01,75,50
math.RA,math,2024-02,68,50
math.RA,math,2024-03,71,50
math.RA,math,2024-04,63,50
math.RA,math,2024-05,63,50
math.RA,math,2024-06,67,50
math.RA,math,2024-07,70,50
math.RA,math,2024-08,48,48
math.RA,math,2024-09,55,50
math.RA,math,2024-10,47,47
math.RA,math,2024-11,59,50
math.RA,math,2024-12,70,50
math.RA,math,2025-01,59,50
math.RA,math,2025-02,48,48
math.RA,math,2025-03,72,50
math.RA,math,2025-04,72,50
math.RA,math,2025-05,57,50
math.RA,math,2025-06,63,50
math.RA,math,2025-07,70,50
math.RA,math,2025-08,72,50
math.RA,math,2025-09,69,50
math.RA,math,2025-10,70,50
math.RA,math,2025-11,72,50
math.RA,math,2025-12,102,50
math.RT,math,2018-01,84,50
math.RT,math,2018-02,88,50
math.RT,math,2018-03,67,50
math.RT,math,2018-04,76,50
math.RT,math,2018-05,66,50
math.RT,math,2018-06,78,50
math.RT,math,2018-07,65,50
math.RT,math,2018-08,76,50
math.RT,math,2018-09,67,50
math.RT,math,2018-10,92,50
math.RT,math,2018-11,71,50
math.RT,math,2018-12,81,50
math.RT,math,2019-01,65,50
math.RT,math,2019-02,62,50
math.RT,math,2019-03,82,50
math.RT,math,2019-04,79,50
math.RT,math,2019-05,72,50
math.RT,math,2019-06,68,50
math.RT,math,2019-07,71,50
math.RT,math,2019-08,58,50
math.RT,math,2019-09,73,50
math.RT,math,2019-10,81,50
math.RT,math,2019-11,73,50
math.RT,math,2019-12,88,50
math.RT,math,2020-01,69,50
math.RT,math,2020-02,72,50
math.RT,math,2020-03,81,50
math.RT,math,2020-04,74,50
math.RT,math,2020-05,69,50
math.RT,math,2020-06,89,50
math.RT,math,2020-07,81,50
math.RT,math,2020-08,82,50
math.RT,math,2020-09,67,50
math.RT,math,2020-10,89,50
math.RT,math,2020-11,77,50
math.RT,math,2020-12,82,50
math.RT,math,2021-01,68,50
math.RT,math,2021-02,77,50
math.RT,math,2021-03,68,50
math.RT,math,2021-04,57,50
math.RT,math,2021-05,84,50
math.RT,math,2021-06,73,50
math.RT,math,2021-07,84,50
math.RT,math,2021-08,76,50
math.RT,math,2021-09,89,50
math.RT,math,2021-10,68,50
math.RT,math,2021-11,67,50
math.RT,math,2021-12,70,50
math.RT,math,2022-01,59,50
math.RT,math,2022-02,57,50
math.RT,math,2022-03,80,50
math.RT,math,2022-04,62,50
math.RT,math,2022-05,77,50
math.RT,math,2022-06,75,50
math.RT,math,2022-07,82,50
math.RT,math,2022-08,80,50
math.RT,math,2022-09,80,50
math.RT,math,2022-10,72,50
math.RT,math,2022-11,87,50
math.RT,math,2022-12,62,50
math.RT,math,2023-01,78,50
math.RT,math,2023-02,63,50
math.RT,math,2023-03,90,50
math.RT,math,2023-04,71,50
math.RT,math,2023-05,67,50
math.RT,math,2023-06,64,50
math.RT,math,2023-07,77,50
math.RT,math,2023-08,69,50
math.RT,math,2023-09,77,50
math.RT,math,2023-10,94,50
math.RT,math,2023-11,75,50
math.RT,math,2023-12,84,50
math.RT,math,2024-01,73,50
math.RT,math,2024-02,97,50
math.RT,math,2024-03,87,50
math.RT,math,2024-04,85,50
math.RT,math,2024-05,99,50
math.RT,math,2024-06,90,50
math.RT,math,2024-07,98,50
math.RT,math,2024-08,64,50
math.RT,math,2024-09,87,50
math.RT,math,2024-10,107,50
math.RT,math,2024-11,85,50
math.RT,math,2024-12,93,50
math.RT,math,2025-01,82,50
math.RT,math,2025-02,80,50
math.RT,math,2025-03,87,50
math.RT,math,2025-04,107,50
math.RT,math,2025-05,83,50
math.RT,math,2025-06,89,50
math.RT,math,2025-07,108,50
math.RT,math,2025-08,89,50
math.RT,math,2025-09,111,50
math.RT,math,2025-10,120,50
math.RT,math,2025-11,80,50
math.RT,math,2025-12,104,50
math.SG,math,2018-01,15,15
math.SG,math,2018-02,19,19
math.SG,math,2018-03,20,20
math.SG,math,2018-04,16,16
math.SG,math,2018-05,23,23
math.SG,math,2018-06,18,18
math.SG,math,2018-07,19,19
math.SG,math,2018-08,20,20
math.SG,math,2018-09,22,22
math.SG,math,2018-10,35,35
math.SG,math,2018-11,35,35
math.SG,math,2018-12,17,17
math.SG,math,2019-01,13,13
math.SG,math,2019-02,26,26
math.SG,math,2019-03,26,26
math.SG,math,2019-04,20,20
math.SG,math,2019-05,30,30
math.SG,math,2019-06,11,11
math.SG,math,2019-07,17,17
math.SG,math,2019-08,10,10
math.SG,math,2019-09,22,22
math.SG,math,2019-10,28,28
math.SG,math,2019-11,21,21
math.SG,math,2019-12,25,25
math.SG,math,2020-01,9,9
math.SG,math,2020-02,18,18
math.SG,math,2020-03,22,22
math.SG,math,2020-04,19,19
math.SG,math,2020-05,19,19
math.SG,math,2020-06,20,20
math.SG,math,2020-07,11,11
math.SG,math,2020-08,23,23
math.SG,math,2020-09,17,17
math.SG,math,2020-10,27,27
math.SG,math,2020-11,26,26
math.SG,math,2020-12,21,21
math.SG,math,2021-01,17,17
math.SG,math,2021-02,28,28
math.SG,math,2021-03,19,19
math.SG,math,2021-04,19,19
math.SG,math,2021-05,15,15
math.SG,math,2021-06,21,21
math.SG,math,2021-07,17,17
math.SG,math,2021-08,16,16
math.SG,math,2021-09,22,22
math.SG,math,2021-10,27,27
math.SG,math,2021-11,27,27
math.SG,math,2021-12,20,20
math.SG,math,2022-01,17,17
math.SG,math,2022-02,22,22
math.SG,math,2022-03,20,20
math.SG,math,2022-04,12,12
math.SG,math,2022-05,33,33
math.SG,math,2022-06,19,19
math.SG,math,2022-07,21,21
math.SG,math,2022-08,16,16
math.SG,math,2022-09,21,21
math.SG,math,2022-10,24,24
math.SG,math,2022-11,36,36
math.SG,math,2022-12,29,29
math.SG,math,2023-01,16,16
math.SG,math,2023-02,19,19
math.SG,math,2023-03,19,19
math.SG,math,2023-04,24,24
math.SG,math,2023-05,18,18
math.SG,math,2023-06,14,14
math.SG,math,2023-07,26,26
math.SG,math,2023-08,32,32
math.SG,math,2023-09,26,26
math.SG,math,2023-10,14,14
math.SG,math,2023-11,26,26
math.SG,math,2023-12,25,25
math.SG,math,2024-01,27,27
math.SG,math,2024-02,21,21
math.SG,math,2024-03,24,24
math.SG,math,2024-04,32,32
math.SG,math,2024-05,31,31
math.SG,math,2024-06,23,23
math.SG,math,2024-07,17,17
math.SG,math,2024-08,22,22
math.SG,math,2024-09,24,24
math.SG,math,2024-10,43,43
math.SG,math,2024-11,25,25
math.SG,math,2024-12,36,36
math.SG,math,2025-01,21,21
math.SG,math,2025-02,15,15
math.SG,math,2025-03,28,28
math.SG,math,2025-04,23,23
math.SG,math,2025-05,20,20
math.SG,math,2025-06,23,23
math.SG,math,2025-07,28,28
math.SG,math,2025-08,17,17
math.SG,math,2025-09,31,31
math.SG,math,2025-10,32,32
math.SG,math,2025-11,28,28
math.SG,math,2025-12,27,27
math.SP,math,2018-01,28,28
math.SP,math,2018-02,22,22
math.SP,math,2018-03,25,25
math.SP,math,2018-04,25,25
math.SP,math,2018-05,20,20
math.SP,math,2018-06,26,26
math.SP,math,2018-07,17,17
math.SP,math,2018-08,23,23
math.SP,math,2018-09,21,21
math.SP,math,2018-10,19,19
math.SP,math,2018-11,18,18
math.SP,math,2018-12,18,18
math.SP,math,2019-01,24,24
math.SP,math,2019-02,22,22
math.SP,math,2019-03,29,29
math.SP,math,2019-04,18,18
math.SP,math,2019-05,13,13
math.SP,math,2019-06,18,18
math.SP,math,2019-07,25,25
math.SP,math,2019-08,23,23
math.SP,math,2019-09,38,38
math.SP,math,2019-10,29,29
math.SP,math,2019-11,15,15
math.SP,math,2019-12,24,24
math.SP,math,2020-01,22,22
math.SP,math,2020-02,18,18
math.SP,math,2020-03,27,27
math.SP,math,2020-04,25,25
math.SP,math,2020-05,22,22
math.SP,math,2020-06,39,39
math.SP,math,2020-07,17,17
math.SP,math,2020-08,16,16
math.SP,math,2020-09,16,16
math.SP,math,2020-10,11,11
math.SP,math,2020-11,25,25
math.SP,math,2020-12,34,34
math.SP,math,2021-01,21,21
math.SP,math,2021-02,17,17
math.SP,math,2021-03,25,25
math.SP,math,2021-04,24,24
math.SP,math,2021-05,15,15
math.SP,math,2021-06,20,20
math.SP,math,2021-07,24,24
math.SP,math,2021-08,21,21
math.SP,math,2021-09,16,16
math.SP,math,2021-10,25,25
math.SP,math,2021-11,17,17
math.SP,math,2021-12,20,20
math.SP,math,2022-01,19,19
math.SP,math,2022-02,23,23
math.SP,math,2022-03,22,22
math.SP,math,2022-04,19,19
math.SP,math,2022-05,19,19
math.SP,math,2022-06,19,19
math.SP,math,2022-07,18,18
math.SP,math,2022-08,17,17
math.SP,math,2022-09,19,19
math.SP,math,2022-10,7,7
math.SP,math,2022-11,20,20
math.SP,math,2022-12,16,16
math.SP,math,2023-01,21,21
math.SP,math,2023-02,9,9
math.SP,math,2023-03,19,19
math.SP,math,2023-04,22,22
math.SP,math,2023-05,31,31
math.SP,math,2023-06,20,20
math.SP,math,2023-07,26,26
math.SP,math,2023-08,27,27
math.SP,math,2023-09,21,21
math.SP,math,2023-10,19,19
math.SP,math,2023-11,27,27
math.SP,math,2023-12,28,28
math.SP,math,2024-01,16,16
math.SP,math,2024-02,22,22
math.SP,math,2024-03,18,18
math.SP,math,2024-04,16,16
math.SP,math,2024-05,18,18
math.SP,math,2024-06,16,16
math.SP,math,2024-07,28,28
math.SP,math,2024-08,16,16
math.SP,math,2024-09,21,21
math.SP,math,2024-10,23,23
math.SP,math,2024-11,31,31
math.SP,math,2024-12,35,35
math.SP,math,2025-01,22,22
math.SP,math,2025-02,29,29
math.SP,math,2025-03,24,24
math.SP,math,2025-04,31,31
math.SP,math,2025-05,33,33
math.SP,math,2025-06,26,26
math.SP,math,2025-07,15,15
math.SP,math,2025-08,24,24
math.SP,math,2025-09,27,27
math.SP,math,2025-10,25,25
math.SP,math,2025-11,20,20
math.SP,math,2025-12,27,27
math.ST,math,2018-01,72,50
math.ST,math,2018-02,69,50
math.ST,math,2018-03,62,50
math.ST,math,2018-04,72,50
math.ST,math,2018-05,65,50
math.ST,math,2018-06,87,50
math.ST,math,2018-07,62,50
math.ST,math,2018-08,82,50
math.ST,math,2018-09,64,50
math.ST,math,2018-10,99,50
math.ST,math,2018-11,81,50
math.ST,math,2018-12,87,50
math.ST,math,2019-01,78,50
math.ST,math,2019-02,105,50
math.ST,math,2019-03,95,50
math.ST,math,2019-04,94,50
math.ST,math,2019-05,90,50
math.ST,math,2019-06,96,50
math.ST,math,2019-07,95,50
math.ST,math,2019-08,72,50
math.ST,math,2019-09,104,50
math.ST,math,2019-10,111,50
math.ST,math,2019-11,77,50
math.ST,math,2019-12,98,50
math.ST,math,2020-01,74,50
math.ST,math,2020-02,101,50
math.ST,math,2020-03,95,50
math.ST,math,2020-04,84,50
math.ST,math,2020-05,87,50
math.ST,math,2020-06,106,50
math.ST,math,2020-07,102,50
math.ST,math,2020-08,89,50
math.ST,math,2020-09,86,50
math.ST,math,2020-10,95,50
math.ST,math,2020-11,101,50
math.ST,math,2020-12,86,50
math.ST,math,2021-01,76,50
math.ST,math,2021-02,78,50
math.ST,math,2021-03,89,50
math.ST,math,2021-04,88,50
math.ST,math,2021-05,87,50
math.ST,math,2021-06,82,50
math.ST,math,2021-07,102,50
math.ST,math,2021-08,71,50
math.ST,math,2021-09,72,50
math.ST,math,2021-10,92,50
math.ST,math,2021-11,63,50
math.ST,math,2021-12,87,50
math.ST,math,2022-01,60,50
math.ST,math,2022-02,72,50
math.ST,math,2022-03,75,50
math.ST,math,2022-04,58,50
math.ST,math,2022-05,81,50
math.ST,math,2022-06,89,50
math.ST,math,2022-07,72,50
math.ST,math,2022-08,78,50
math.ST,math,2022-09,85,50
math.ST,math,2022-10,97,50
math.ST,math,2022-11,91,50
math.ST,math,2022-12,65,50
math.ST,math,2023-01,78,50
math.ST,math,2023-02,70,50
math.ST,math,2023-03,100,50
math.ST,math,2023-04,62,50
math.ST,math,2023-05,99,50
math.ST,math,2023-06,81,50
math.ST,math,2023-07,76,50
math.ST,math,2023-08,61,50
math.ST,math,2023-09,59,50
math.ST,math,2023-10,113,50
math.ST,math,2023-11,90,50
math.ST,math,2023-12,74,50
math.ST,math,2024-01,84,50
math.ST,math,2024-02,118,50
math.ST,math,2024-03,87,50
math.ST,math,2024-04,104,50
math.ST,math,2024-05,103,50
math.ST,math,2024-06,85,50
math.ST,math,2024-07,101,50
math.ST,math,2024-08,67,50
math.ST,math,2024-09,88,50
math.ST,math,2024-10,103,50
math.ST,math,2024-11,78,50
math.ST,math,2024-12,79,50
math.ST,math,2025-01,80,50
math.ST,math,2025-02,114,50
math.ST,math,2025-03,92,50
math.ST,math,2025-04,91,50
math.ST,math,2025-05,91,50
math.ST,math,2025-06,101,50
math.ST,math,2025-07,88,50
math.ST,math,2025-08,77,50
math.ST,math,2025-09,80,50
math.ST,math,2025-10,120,50
math.ST,math,2025-11,121,50
math.ST,math,2025-12,101,50
nlin.AO,nlin,2018-01,6,6
nlin.AO,nlin,2018-02,1,1
nlin.AO,nlin,2018-03,5,5
nlin.AO,nlin,2018-04,3,3
nlin.AO,nlin,2018-06,6,6
nlin.AO,nlin,2018-07,5,5
nlin.AO,nlin,2018-08,1,1
nlin.AO,nlin,2018-09,4,4
nlin.AO,nlin,2018-10,6,6
nlin.AO,nlin,2018-11,6,6
nlin.AO,nlin,2018-12,4,4
nlin.AO,nlin,2019-01,2,2
nlin.AO,nlin,2019-02,6,6
nlin.AO,nlin,2019-03,3,3
nlin.AO,nlin,2019-04,7,7
nlin.AO,nlin,2019-05,12,12
nlin.AO,nlin,2019-06,11,11
nlin.AO,nlin,2019-07,4,4
nlin.AO,nlin,2019-08,6,6
nlin.AO,nlin,2019-09,7,7
nlin.AO,nlin,2019-10,7,7
nlin.AO,nlin,2019-11,1,1
nlin.AO,nlin,2019-12,12,12
nlin.AO,nlin,2020-01,8,8
nlin.AO,nlin,2020-02,8,8
nlin.AO,nlin,2020-03,8,8
nlin.AO,nlin,2020-04,7,7
nlin.AO,nlin,2020-05,4,4
nlin.AO,nlin,2020-06,10,10
nlin.AO,nlin,2020-07,8,8
nlin.AO,nlin,2020-08,12,12
nlin.AO,nlin,2020-09,12,12
nlin.AO,nlin,2020-10,4,4
nlin.AO,nlin,2020-11,5,5
nlin.AO,nlin,2020-12,1,1
nlin.AO,nlin,2021-01,7,7
nlin.AO,nlin,2021-02,8,8
nlin.AO,nlin,2021-03,9,9
nlin.AO,nlin,2021-04,2,2
nlin.AO,nlin,2021-05,6,6
nlin.AO,nlin,2021-06,2,2
nlin.AO,nlin,2021-07,4,4
nlin.AO,nlin,2021-08,2,2
nlin.AO,nlin,2021-09,5,5
nlin.AO,nlin,2021-10,7,7
nlin.AO,nlin,2021-11,4,4
nlin.AO,nlin,2021-12,9,9
nlin.AO,nlin,2022-01,4,4
nlin.AO,nlin,2022-02,2,2
nlin.AO,nlin,2022-03,8,8
nlin.AO,nlin,2022-04,8,8
nlin.AO,nlin,2022-05,4,4
nlin.AO,nlin,2022-06,8,8
nlin.AO,nlin,2022-07,3,3
nlin.AO,nlin,2022-08,9,9
nlin.AO,nlin,2022-09,3,3
nlin.AO,nlin,2022-10,10,10
nlin.AO,nlin,2022-11,7,7
nlin.AO,nlin,2022-12,3,3
nlin.AO,nlin,2023-01,2,2
nlin.AO,nlin,2023-03,6,6
nlin.AO,nlin,2023-04,3,3
nlin.AO,nlin,2023-05,8,8
nlin.AO,nlin,2023-06,5,5
nlin.AO,nlin,2023-07,7,7
nlin.AO,nlin,2023-08,9,9
nlin.AO,nlin,2023-09,8,8
nlin.AO,nlin,2023-10,8,8
nlin.AO,nlin,2023-11,5,5
nlin.AO,nlin,2023-12,4,4
nlin.AO,nlin,2024-01,6,6
nlin.AO,nlin,2024-02,7,7
nlin.AO,nlin,2024-03,9,9
nlin.AO,nlin,2024-04,7,7
nlin.AO,nlin,2024-05,9,9
nlin.AO,nlin,2024-06,1,1
nlin.AO,nlin,2024-07,5,5
nlin.AO,nlin,2024-08,3,3
nlin.AO,nlin,2024-09,4,4
nlin.AO,nlin,2024-10,4,4
nlin.AO,nlin,2024-11,6,6
nlin.AO,nlin,2024-12,4,4
nlin.AO,nlin,2025-01,1,1
nlin.AO,nlin,2025-02,2,2
nlin.AO,nlin,2025-03,4,4
nlin.AO,nlin,2025-04,6,6
nlin.AO,nlin,2025-05,7,7
nlin.AO,nlin,2025-06,5,5
nlin.AO,nlin,2025-07,11,11
nlin.AO,nlin,2025-08,4,4
nlin.AO,nlin,2025-09,5,5
nlin.AO,nlin,2025-10,10,10
nlin.AO,nlin,2025-11,5,5
nlin.AO,nlin,2025-12,5,5
nlin.CD,nlin,2018-01,3,3
nlin.CD,nlin,2018-02,3,3
nlin.CD,nlin,2018-03,10,10
nlin.CD,nlin,2018-04,3,3
nlin.CD,nlin,2018-05,6,6
nlin.CD,nlin,2018-06,3,3
nlin.CD,nlin,2018-07,9,9
nlin.CD,nlin,2018-08,5,5
nlin.CD,nlin,2018-09,6,6
nlin.CD,nlin,2018-10,7,7
nlin.CD,nlin,2018-11,3,3
nlin.CD,nlin,2018-12,4,4
nlin.CD,nlin,2019-01,1,1
nlin.CD,nlin,2019-02,3,3
nlin.CD,nlin,2019-03,3,3
nlin.CD,nlin,2019-04,4,4
nlin.CD,nlin,2019-05,3,3
nlin.CD,nlin,2019-06,2,2
nlin.CD,nlin,2019-07,4,4
nlin.CD,nlin,2019-08,5,5
nlin.CD,nlin,2019-09,8,8
nlin.CD,nlin,2019-10,9,9
nlin.CD,nlin,2019-11,7,7
nlin.CD,nlin,2019-12,6,6
nlin.CD,nlin,2020-01,8,8
nlin.CD,nlin,2020-02,6,6
nlin.CD,nlin,2020-03,6,6
nlin.CD,nlin,2020-04,4,4
nlin.CD,nlin,2020-05,7,7
nlin.CD,nlin,2020-06,10,10
nlin.CD,nlin,2020-07,6,6
nlin.CD,nlin,2020-08,10,10
nlin.CD,nlin,2020-09,2,2
nlin.CD,nlin,2020-10,7,7
nlin.CD,nlin,2020-11,5,5
nlin.CD,nlin,2020-12,6,6
nlin.CD,nlin,2021-01,8,8
nlin.CD,nlin,2021-02,9,9
nlin.CD,nlin,2021-03,6,6
nlin.CD,nlin,2021-04,5,5
nlin.CD,nlin,2021-05,12,12
nlin.CD,nlin,2021-06,7,7
nlin.CD,nlin,2021-07,6,6
nlin.CD,nlin,2021-08,6,6
nlin.CD,nlin,2021-09,9,9
nlin.CD,nlin,2021-10,5,5
nlin.CD,nlin,2021-11,8,8
nlin.CD,nlin,2021-12,8,8
nlin.CD,nlin,2022-01,5,5
nlin.CD,nlin,2022-02,7,7
nlin.CD,nlin,2022-03,4,4
nlin.CD,nlin,2022-04,10,10
nlin.CD,nlin,2022-05,5,5
nlin.CD,nlin,2022-06,7,7
nlin.CD,nlin,2022-07,4,4
nlin.CD,nlin,2022-08,3,3
nlin.CD,nlin,2022-09,7,7
nlin.CD,nlin,2022-10,2,2
nlin.CD,nlin,2022-11,3,3
nlin.CD,nlin,2022-12,3,3
nlin.CD,nlin,2023-01,6,6
nlin.CD,nlin,2023-02,2,2
nlin.CD,nlin,2023-03,9,9
nlin.CD,nlin,2023-04,4,4
nlin.CD,nlin,2023-05,4,4
nlin.CD,nlin,2023-06,2,2
nlin.CD,nlin,2023-07,6,6
nlin.CD,nlin,2023-08,6,6
nlin.CD,nlin,2023-09,2,2
nlin.CD,nlin,2023-10,4,4
nlin.CD,nlin,2023-11,5,5
nlin.CD,nlin,2023-12,1,1
nlin.CD,nlin,2024-01,7,7
nlin.CD,nlin,2024-02,5,5
nlin.CD,nlin,2024-03,3,3
nlin.CD,nlin,2024-04,2,2
nlin.CD,nlin,2024-05,5,5
nlin.CD,nlin,2024-06,3,3
nlin.CD,nlin,2024-07,8,8
nlin.CD,nlin,2024-08,15,15
nlin.CD,nlin,2024-09,17,17
nlin.CD,nlin,2024-10,17,17
nlin.CD,nlin,2024-11,14,14
nlin.CD,nlin,2024-12,10,10
nlin.CD,nlin,2025-01,7,7
nlin.CD,nlin,2025-02,6,6
nlin.CD,nlin,2025-03,15,15
nlin.CD,nlin,2025-04,9,9
nlin.CD,nlin,2025-05,18,18
nlin.CD,nlin,2025-06,14,14
nlin.CD,nlin,2025-07,17,17
nlin.CD,nlin,2025-08,8,8
nlin.CD,nlin,2025-09,13,13
nlin.CD,nlin,2025-10,10,10
nlin.CD,nlin,2025-11,9,9
nlin.CD,nlin,2025-12,15,15
nlin.CG,nlin,2018-02,3,3
nlin.CG,nlin,2018-03,2,2
nlin.CG,nlin,2018-05,2,2
nlin.CG,nlin,2018-06,2,2
nlin.CG,nlin,2018-07,1,1
nlin.CG,nlin,2018-09,1,1
nlin.CG,nlin,2018-12,1,1
nlin.CG,nlin,2019-01,1,1
nlin.CG,nlin,2019-04,3,3
nlin.CG,nlin,2019-07,1,1
nlin.CG,nlin,2019-11,1,1
nlin.CG,nlin,2020-01,2,2
nlin.CG,nlin,2020-02,1,1
nlin.CG,nlin,2020-03,1,1
nlin.CG,nlin,2020-05,3,3
nlin.CG,nlin,2020-06,1,1
nlin.CG,nlin,2020-08,2,2
nlin.CG,nlin,2020-09,3,3
nlin.CG,nlin,2020-12,2,2
nlin.CG,nlin,2021-01,1,1
nlin.CG,nlin,2021-02,1,1
nlin.CG,nlin,2021-04,2,2
nlin.CG,nlin,2021-06,1,1
nlin.CG,nlin,2021-07,1,1
nlin.CG,nlin,2021-12,1,1
nlin.CG,nlin,2022-02,1,1
nlin.CG,nlin,2022-03,1,1
nlin.CG,nlin,2022-05,1,1
nlin.CG,nlin,2022-06,1,1
nlin.CG,nlin,2022-08,2,2
nlin.CG,nlin,2022-09,1,1
nlin.CG,nlin,2022-10,2,2
nlin.CG,nlin,2022-11,1,1
nlin.CG,nlin,2023-01,1,1
nlin.CG,nlin,2023-02,1,1
nlin.CG,nlin,2023-04,1,1
nlin.CG,nlin,2023-05,3,3
nlin.CG,nlin,2023-06,1,1
nlin.CG,nlin,2023-08,2,2
nlin.CG,nlin,2023-10,1,1
nlin.CG,nlin,2023-11,1,1
nlin.CG,nlin,2023-12,4,4
nlin.CG,nlin,2024-01,1,1
nlin.CG,nlin,2024-02,2,2
nlin.CG,nlin,2024-03,1,1
nlin.CG,nlin,2024-04,1,1
nlin.CG,nlin,2024-05,1,1
nlin.CG,nlin,2024-06,5,5
nlin.CG,nlin,2024-07,3,3
nlin.CG,nlin,2024-09,1,1
nlin.CG,nlin,2024-10,1,1
nlin.CG,nlin,2024-11,1,1
nlin.CG,nlin,2025-01,1,1
nlin.CG,nlin,2025-02,2,2
nlin.CG,nlin,2025-03,3,3
nlin.CG,nlin,2025-05,1,1
nlin.CG,nlin,2025-06,2,2
nlin.CG,nlin,2025-07,3,3
nlin.CG,nlin,2025-08,4,4
nlin.CG,nlin,2025-10,1,1
nlin.CG,nlin,2025-11,1,1
nlin.CG,nlin,2025-12,2,2
nlin.PS,nlin,2018-01,8,8
nlin.PS,nlin,2018-02,2,2
nlin.PS,nlin,2018-03,1,1
nlin.PS,nlin,2018-04,8,8
nlin.PS,nlin,2018-05,8,8
nlin.PS,nlin,2018-06,8,8
nlin.PS,nlin,2018-07,5,5
nlin.PS,nlin,2018-08,10,10
nlin.PS,nlin,2018-09,7,7
nlin.PS,nlin,2018-10,13,13
nlin.PS,nlin,2018-11,3,3
nlin.PS,nlin,2018-12,5,5
nlin.PS,nlin,2019-01,3,3
nlin.PS,nlin,2019-02,6,6
nlin.PS,nlin,2019-03,4,4
nlin.PS,nlin,2019-04,6,6
nlin.PS,nlin,2019-05,6,6
nlin.PS,nlin,2019-06,4,4
nlin.PS,nlin,2019-07,13,13
nlin.PS,nlin,2019-08,8,8
nlin.PS,nlin,2019-09,10,10
nlin.PS,nlin,2019-10,13,13
nlin.PS,nlin,2019-11,10,10
nlin.PS,nlin,2019-12,8,8
nlin.PS,nlin,2020-01,9,9
nlin.PS,nlin,2020-02,8,8
nlin.PS,nlin,2020-03,12,12
nlin.PS,nlin,2020-04,8,8
nlin.PS,nlin,2020-05,14,14
nlin.PS,nlin,2020-06,13,13
nlin.PS,nlin,2020-07,11,11
nlin.PS,nlin,2020-08,9,9
nlin.PS,nlin,2020-09,13,13
nlin.PS,nlin,2020-10,13,13
nlin.PS,nlin,2020-11,8,8
nlin.PS,nlin,2020-12,12,12
nlin.PS,nlin,2021-01,6,6
nlin.PS,nlin,2021-02,8,8
nlin.PS,nlin,2021-03,8,8
nlin.PS,nlin,2021-04,10,10
nlin.PS,nlin,2021-05,8,8
nlin.PS,nlin,2021-06,7,7
nlin.PS,nlin,2021-07,10,10
nlin.PS,nlin,2021-08,12,12
nlin.PS,nlin,2021-09,7,7
nlin.PS,nlin,2021-10,6,6
nlin.PS,nlin,2021-11,7,7
nlin.PS,nlin,2021-12,3,3
nlin.PS,nlin,2022-01,4,4
nlin.PS,nlin,2022-02,3,3
nlin.PS,nlin,2022-03,13,13
nlin.PS,nlin,2022-04,5,5
nlin.PS,nlin,2022-05,8,8
nlin.PS,nlin,2022-06,6,6
nlin.PS,nlin,2022-07,4,4
nlin.PS,nlin,2022-08,9,9
nlin.PS,nlin,2022-09,7,7
nlin.PS,nlin,2022-10,5,5
nlin.PS,nlin,2022-11,8,8
nlin.PS,nlin,2022-12,8,8
nlin.PS,nlin,2023-01,9,9
nlin.PS,nlin,2023-02,5,5
nlin.PS,nlin,2023-03,7,7
nlin.PS,nlin,2023-04,9,9
nlin.PS,nlin,2023-05,3,3
nlin.PS,nlin,2023-06,5,5
nlin.PS,nlin,2023-07,6,6
nlin.PS,nlin,2023-08,7,7
nlin.PS,nlin,2023-09,5,5
nlin.PS,nlin,2023-10,8,8
nlin.PS,nlin,2023-11,6,6
nlin.PS,nlin,2023-12,6,6
nlin.PS,nlin,2024-01,12,12
nlin.PS,nlin,2024-02,6,6
nlin.PS,nlin,2024-03,6,6
nlin.PS,nlin,2024-04,11,11
nlin.PS,nlin,2024-05,9,9
nlin.PS,nlin,2024-06,8,8
nlin.PS,nlin,2024-07,9,9
nlin.PS,nlin,2024-08,3,3
nlin.PS,nlin,2024-09,8,8
nlin.PS,nlin,2024-10,10,10
nlin.PS,nlin,2024-11,8,8
nlin.PS,nlin,2024-12,12,12
nlin.PS,nlin,2025-01,2,2
nlin.PS,nlin,2025-02,8,8
nlin.PS,nlin,2025-03,4,4
nlin.PS,nlin,2025-04,7,7
nlin.PS,nlin,2025-05,5,5
nlin.PS,nlin,2025-06,14,14
nlin.PS,nlin,2025-07,7,7
nlin.PS,nlin,2025-08,5,5
nlin.PS,nlin,2025-09,8,8
nlin.PS,nlin,2025-10,8,8
nlin.PS,nlin,2025-11,6,6
nlin.PS,nlin,2025-12,9,9
nlin.SI,nlin,2018-01,6,6
nlin.SI,nlin,2018-02,5,5
nlin.SI,nlin,2018-03,6,6
nlin.SI,nlin,2018-04,10,10
nlin.SI,nlin,2018-05,9,9
nlin.SI,nlin,2018-06,5,5
nlin.SI,nlin,2018-07,4,4
nlin.SI,nlin,2018-08,5,5
nlin.SI,nlin,2018-09,6,6
nlin.SI,nlin,2018-10,14,14
nlin.SI,nlin,2018-11,2,2
nlin.SI,nlin,2018-12,7,7
nlin.SI,nlin,2019-01,8,8
nlin.SI,nlin,2019-02,6,6
nlin.SI,nlin,2019-03,7,7
nlin.SI,nlin,2019-04,4,4
nlin.SI,nlin,2019-05,9,9
nlin.SI,nlin,2019-06,13,13
nlin.SI,nlin,2019-07,13,13
nlin.SI,nlin,2019-08,7,7
nlin.SI,nlin,2019-09,9,9
nlin.SI,nlin,2019-10,11,11
nlin.SI,nlin,2019-11,13,13
nlin.SI,nlin,2019-12,9,9
nlin.SI,nlin,2020-01,13,13
nlin.SI,nlin,2020-02,6,6
nlin.SI,nlin,2020-03,10,10
nlin.SI,nlin,2020-04,8,8
nlin.SI,nlin,2020-05,9,9
nlin.SI,nlin,2020-06,12,12
nlin.SI,nlin,2020-07,4,4
nlin.SI,nlin,2020-08,10,10
nlin.SI,nlin,2020-09,10,10
nlin.SI,nlin,2020-10,11,11
nlin.SI,nlin,2020-11,11,11
nlin.SI,nlin,2020-12,13,13
nlin.SI,nlin,2021-01,11,11
nlin.SI,nlin,2021-02,13,13
nlin.SI,nlin,2021-03,14,14
nlin.SI,nlin,2021-04,13,13
nlin.SI,nlin,2021-05,8,8
nlin.SI,nlin,2021-06,7,7
nlin.SI,nlin,2021-07,6,6
nlin.SI,nlin,2021-08,8,8
nlin.SI,nlin,2021-09,20,20
nlin.SI,nlin,2021-10,10,10
nlin.SI,nlin,2021-11,14,14
nlin.SI,nlin,2021-12,10,10
nlin.SI,nlin,2022-01,23,23
nlin.SI,nlin,2022-02,12,12
nlin.SI,nlin,2022-03,11,11
nlin.SI,nlin,2022-04,9,9
nlin.SI,nlin,2022-05,11,11
nlin.SI,nlin,2022-06,12,12
nlin.SI,nlin,2022-07,10,10
nlin.SI,nlin,2022-08,7,7
nlin.SI,nlin,2022-09,9,9
nlin.SI,nlin,2022-10,13,13
nlin.SI,nlin,2022-11,16,16
nlin.SI,nlin,2022-12,17,17
nlin.SI,nlin,2023-01,10,10
nlin.SI,nlin,2023-02,9,9
nlin.SI,nlin,2023-03,10,10
nlin.SI,nlin,2023-04,15,15
nlin.SI,nlin,2023-05,19,19
nlin.SI,nlin,2023-06,6,6
nlin.SI,nlin,2023-07,13,13
nlin.SI,nlin,2023-08,10,10
nlin.SI,nlin,2023-09,10,10
nlin.SI,nlin,2023-10,13,13
nlin.SI,nlin,2023-11,13,13
nlin.SI,nlin,2023-12,17,17
nlin.SI,nlin,2024-01,9,9
nlin.SI,nlin,2024-02,15,15
nlin.SI,nlin,2024-03,13,13
nlin.SI,nlin,2024-04,8,8
nlin.SI,nlin,2024-05,15,15
nlin.SI,nlin,2024-06,9,9
nlin.SI,nlin,2024-07,19,19
nlin.SI,nlin,2024-08,12,12
nlin.SI,nlin,2024-09,9,9
nlin.SI,nlin,2024-10,13,13
nlin.SI,nlin,2024-11,11,11
nlin.SI,nlin,2024-12,17,17
nlin.SI,nlin,2025-01,20,20
nlin.SI,nlin,2025-02,11,11
nlin.SI,nlin,2025-03,12,12
nlin.SI,nlin,2025-04,12,12
nlin.SI,nlin,2025-05,11,11
nlin.SI,nlin,2025-06,11,11
nlin.SI,nlin,2025-07,19,19
nlin.SI,nlin,2025-08,11,11
nlin.SI,nlin,2025-09,6,6
nlin.SI,nlin,2025-10,14,14
nlin.SI,nlin,2025-11,11,11
nlin.SI,nlin,2025-12,17,17
nucl-ex,nucl-ex,2018-01,3,3
nucl-ex,nucl-ex,2018-02,6,6
nucl-ex,nucl-ex,2018-03,6,6
nucl-ex,nucl-ex,2018-04,3,3
nucl-ex,nucl-ex,2018-06,1,1
nucl-ex,nucl-ex,2018-07,3,3
nucl-ex,nucl-ex,2018-08,2,2
nucl-ex,nucl-ex,2018-09,1,1
nucl-ex,nucl-ex,2018-10,8,8
nucl-ex,nucl-ex,2018-11,5,5
nucl-ex,nucl-ex,2018-12,2,2
nucl-ex,nucl-ex,2019-01,2,2
nucl-ex,nucl-ex,2019-02,4,4
nucl-ex,nucl-ex,2019-03,5,5
nucl-ex,nucl-ex,2019-04,6,6
nucl-ex,nucl-ex,2019-05,2,2
nucl-ex,nucl-ex,2019-06,3,3
nucl-ex,nucl-ex,2019-07,2,2
nucl-ex,nucl-ex,2019-08,3,3
nucl-ex,nucl-ex,2019-09,3,3
nucl-ex,nucl-ex,2019-10,1,1
nucl-ex,nucl-ex,2019-11,4,4
nucl-ex,nucl-ex,2019-12,3,3
nucl-ex,nucl-ex,2020-01,3,3
nucl-ex,nucl-ex,2020-02,1,1
nucl-ex,nucl-ex,2020-03,5,5
nucl-ex,nucl-ex,2020-04,3,3
nucl-ex,nucl-ex,2020-05,5,5
nucl-ex,nucl-ex,2020-06,2,2
nucl-ex,nucl-ex,2020-07,2,2
nucl-ex,nucl-ex,2020-08,1,1
nucl-ex,nucl-ex,2020-09,2,2
nucl-ex,nucl-ex,2020-10,1,1
nucl-ex,nucl-ex,2020-12,3,3
nucl-ex,nucl-ex,2021-01,1,1
nucl-ex,nucl-ex,2021-02,3,3
nucl-ex,nucl-ex,2021-03,1,1
nucl-ex,nucl-ex,2021-04,1,1
nucl-ex,nucl-ex,2021-05,4,4
nucl-ex,nucl-ex,2021-06,4,4
nucl-ex,nucl-ex,2021-07,2,2
nucl-ex,nucl-ex,2021-08,4,4
nucl-ex,nucl-ex,2021-10,5,5
nucl-ex,nucl-ex,2021-11,4,4
nucl-ex,nucl-ex,2021-12,3,3
nucl-ex,nucl-ex,2022-01,2,2
nucl-ex,nucl-ex,2022-02,5,5
nucl-ex,nucl-ex,2022-03,4,4
nucl-ex,nucl-ex,2022-04,2,2
nucl-ex,nucl-ex,2022-05,3,3
nucl-ex,nucl-ex,2022-06,4,4
nucl-ex,nucl-ex,2022-07,3,3
nucl-ex,nucl-ex,2022-08,2,2
nucl-ex,nucl-ex,2022-09,6,6
nucl-ex,nucl-ex,2022-10,3,3
nucl-ex,nucl-ex,2022-11,4,4
nucl-ex,nucl-ex,2022-12,6,6
nucl-ex,nucl-ex,2023-01,2,2
nucl-ex,nucl-ex,2023-02,1,1
nucl-ex,nucl-ex,2023-03,6,6
nucl-ex,nucl-ex,2023-04,2,2
nucl-ex,nucl-ex,2023-05,3,3
nucl-ex,nucl-ex,2023-06,1,1
nucl-ex,nucl-ex,2023-07,2,2
nucl-ex,nucl-ex,2023-08,3,3
nucl-ex,nucl-ex,2023-09,2,2
nucl-ex,nucl-ex,2023-10,2,2
nucl-ex,nucl-ex,2023-11,2,2
nucl-ex,nucl-ex,2023-12,2,2
nucl-ex,nucl-ex,2024-01,1,1
nucl-ex,nucl-ex,2024-02,2,2
nucl-ex,nucl-ex,2024-03,1,1
nucl-ex,nucl-ex,2024-04,1,1
nucl-ex,nucl-ex,2024-05,3,3
nucl-ex,nucl-ex,2024-06,3,3
nucl-ex,nucl-ex,2024-07,3,3
nucl-ex,nucl-ex,2024-08,2,2
nucl-ex,nucl-ex,2024-09,1,1
nucl-ex,nucl-ex,2024-10,1,1
nucl-ex,nucl-ex,2024-11,1,1
nucl-ex,nucl-ex,2024-12,1,1
nucl-ex,nucl-ex,2025-01,4,4
nucl-ex,nucl-ex,2025-02,1,1
nucl-ex,nucl-ex,2025-03,4,4
nucl-ex,nucl-ex,2025-04,3,3
nucl-ex,nucl-ex,2025-05,3,3
nucl-ex,nucl-ex,2025-06,7,7
nucl-ex,nucl-ex,2025-07,1,1
nucl-ex,nucl-ex,2025-08,2,2
nucl-ex,nucl-ex,2025-09,4,4
nucl-ex,nucl-ex,2025-10,8,8
nucl-ex,nucl-ex,2025-11,2,2
nucl-ex,nucl-ex,2025-12,1,1
nucl-th,nucl-th,2018-01,2,2
nucl-th,nucl-th,2018-02,2,2
nucl-th,nucl-th,2018-03,5,5
nucl-th,nucl-th,2018-04,3,3
nucl-th,nucl-th,2018-05,4,4
nucl-th,nucl-th,2018-06,4,4
nucl-th,nucl-th,2018-07,1,1
nucl-th,nucl-th,2018-08,2,2
nucl-th,nucl-th,2018-09,3,3
nucl-th,nucl-th,2018-10,5,5
nucl-th,nucl-th,2018-11,3,3
nucl-th,nucl-th,2018-12,3,3
nucl-th,nucl-th,2019-01,4,4
nucl-th,nucl-th,2019-02,6,6
nucl-th,nucl-th,2019-03,7,7
nucl-th,nucl-th,2019-04,4,4
nucl-th,nucl-th,2019-05,2,2
nucl-th,nucl-th,2019-06,3,3
nucl-th,nucl-th,2019-07,4,4
nucl-th,nucl-th,2019-08,2,2
nucl-th,nucl-th,2019-09,1,1
nucl-th,nucl-th,2019-10,4,4
nucl-th,nucl-th,2019-11,6,6
nucl-th,nucl-th,2019-12,2,2
nucl-th,nucl-th,2020-01,6,6
nucl-th,nucl-th,2020-02,6,6
nucl-th,nucl-th,2020-03,4,4
nucl-th,nucl-th,2020-04,5,5
nucl-th,nucl-th,2020-05,2,2
nucl-th,nucl-th,2020-06,2,2
nucl-th,nucl-th,2020-07,4,4
nucl-th,nucl-th,2020-08,2,2
nucl-th,nucl-th,2020-09,2,2
nucl-th,nucl-th,2020-10,4,4
nucl-th,nucl-th,2020-11,2,2
nucl-th,nucl-th,2020-12,1,1
nucl-th,nucl-th,2021-01,2,2
nucl-th,nucl-th,2021-02,4,4
nucl-th,nucl-th,2021-03,5,5
nucl-th,nucl-th,2021-04,3,3
nucl-th,nucl-th,2021-05,3,3
nucl-th,nucl-th,2021-06,4,4
nucl-th,nucl-th,2021-07,4,4
nucl-th,nucl-th,2021-08,4,4
nucl-th,nucl-th,2021-09,1,1
nucl-th,nucl-th,2021-10,4,4
nucl-th,nucl-th,2021-11,6,6
nucl-th,nucl-th,2021-12,6,6
nucl-th,nucl-th,2022-01,4,4
nucl-th,nucl-th,2022-02,2,2
nucl-th,nucl-th,2022-03,8,8
nucl-th,nucl-th,2022-04,1,1
nucl-th,nucl-th,2022-05,3,3
nucl-th,nucl-th,2022-06,6,6
nucl-th,nucl-th,2022-07,2,2
nucl-th,nucl-th,2022-08,4,4
nucl-th,nucl-th,2022-09,2,2
nucl-th,nucl-th,2022-10,1,1
nucl-th,nucl-th,2022-11,4,4
nucl-th,nucl-th,2022-12,1,1
nucl-th,nucl-th,2023-01,1,1
nucl-th,nucl-th,2023-02,3,3
nucl-th,nucl-th,2023-03,1,1
nucl-th,nucl-th,2023-04,4,4
nucl-th,nucl-th,2023-05,4,4
nucl-th,nucl-th,2023-06,6,6
nucl-th,nucl-th,2023-07,5,5
nucl-th,nucl-th,2023-08,2,2
nucl-th,nucl-th,2023-09,4,4
nucl-th,nucl-th,2023-10,8,8
nucl-th,nucl-th,2023-11,7,7
nucl-th,nucl-th,2023-12,1,1
nucl-th,nucl-th,2024-01,5,5
nucl-th,nucl-th,2024-02,4,4
nucl-th,nucl-th,2024-03,5,5
nucl-th,nucl-th,2024-04,3,3
nucl-th,nucl-th,2024-05,4,4
nucl-th,nucl-th,2024-06,2,2
nucl-th,nucl-th,2024-07,1,1
nucl-th,nucl-th,2024-08,9,9
nucl-th,nucl-th,2024-09,2,2
nucl-th,nucl-th,2024-10,1,1
nucl-th,nucl-th,2024-11,5,5
nucl-th,nucl-th,2024-12,3,3
nucl-th,nucl-th,2025-01,2,2
nucl-th,nucl-th,2025-02,3,3
nucl-th,nucl-th,2025-03,5,5
nucl-th,nucl-th,2025-04,5,5
nucl-th,nucl-th,2025-05,1,1
nucl-th,nucl-th,2025-07,3,3
nucl-th,nucl-th,2025-08,7,7
nucl-th,nucl-th,2025-09,2,2
nucl-th,nucl-th,2025-10,1,1
nucl-th,nucl-th,2025-11,2,2
nucl-th,nucl-th,2025-12,4,4
physics.acc-ph,physics,2018-01,50,50
physics.acc-ph,physics,2018-02,48,48
physics.acc-ph,physics,2018-03,47,47
physics.acc-ph,physics,2018-04,24,24
physics.acc-ph,physics,2018-05,31,31
physics.acc-ph,physics,2018-06,57,50
physics.acc-ph,physics,2018-07,26,26
physics.acc-ph,physics,2018-08,25,25
physics.acc-ph,physics,2018-09,23,23
physics.acc-ph,physics,2018-10,24,24
physics.acc-ph,physics,2018-11,23,23
physics.acc-ph,physics,2018-12,31,31
physics.acc-ph,physics,2019-01,16,16
physics.acc-ph,physics,2019-02,22,22
physics.acc-ph,physics,2019-03,20,20
physics.acc-ph,physics,2019-04,24,24
physics.acc-ph,physics,2019-05,29,29
physics.acc-ph,physics,2019-06,17,17
physics.acc-ph,physics,2019-07,22,22
physics.acc-ph,physics,2019-08,11,11
physics.acc-ph,physics,2019-09,28,28
physics.acc-ph,physics,2019-10,45,45
physics.acc-ph,physics,2019-11,14,14
physics.acc-ph,physics,2019-12,21,21
physics.acc-ph,physics,2020-01,18,18
physics.acc-ph,physics,2020-02,23,23
physics.acc-ph,physics,2020-03,37,37
physics.acc-ph,physics,2020-04,33,33
physics.acc-ph,physics,2020-05,44,44
physics.acc-ph,physics,2020-06,46,46
physics.acc-ph,physics,2020-07,30,30
physics.acc-ph,physics,2020-08,26,26
physics.acc-ph,physics,2020-09,31,31
physics.acc-ph,physics,2020-10,24,24
physics.acc-ph,physics,2020-11,21,21
physics.acc-ph,physics,2020-12,26,26
physics.acc-ph,physics,2021-01,24,24
physics.acc-ph,physics,2021-02,15,15
physics.acc-ph,physics,2021-03,35,35
physics.acc-ph,physics,2021-04,34,34
physics.acc-ph,physics,2021-05,39,39
physics.acc-ph,physics,2021-06,30,30
physics.acc-ph,physics,2021-07,29,29
physics.acc-ph,physics,2021-08,25,25
physics.acc-ph,physics,2021-09,30,30
physics.acc-ph,physics,2021-10,22,22
physics.acc-ph,physics,2021-11,23,23
physics.acc-ph,physics,2021-12,29,29
physics.acc-ph,physics,2022-01,35,35
physics.acc-ph,physics,2022-02,25,25
physics.acc-ph,physics,2022-03,90,50
physics.acc-ph,physics,2022-04,28,28
physics.acc-ph,physics,2022-05,31,31
physics.acc-ph,physics,2022-06,29,29
physics.acc-ph,physics,2022-07,21,21
physics.acc-ph,physics,2022-08,46,46
physics.acc-ph,physics,2022-09,47,47
physics.acc-ph,physics,2022-10,37,37
physics.acc-ph,physics,2022-11,32,32
physics.acc-ph,physics,2022-12,17,17
physics.acc-ph,physics,2023-01,16,16
physics.acc-ph,physics,2023-02,20,20
physics.acc-ph,physics,2023-03,23,23
physics.acc-ph,physics,2023-04,18,18
physics.acc-ph,physics,2023-05,34,34
physics.acc-ph,physics,2023-06,27,27
physics.acc-ph,physics,2023-07,53,50
physics.acc-ph,physics,2023-08,26,26
physics.acc-ph,physics,2023-09,28,28
physics.acc-ph,physics,2023-10,55,50
physics.acc-ph,physics,2023-11,39,39
physics.acc-ph,physics,2023-12,19,19
physics.acc-ph,physics,2024-01,37,37
physics.acc-ph,physics,2024-02,17,17
physics.acc-ph,physics,2024-03,28,28
physics.acc-ph,physics,2024-04,27,27
physics.acc-ph,physics,2024-05,36,36
physics.acc-ph,physics,2024-06,32,32
physics.acc-ph,physics,2024-07,26,26
physics.acc-ph,physics,2024-08,25,25
physics.acc-ph,physics,2024-09,40,40
physics.acc-ph,physics,2024-10,39,39
physics.acc-ph,physics,2024-11,28,28
physics.acc-ph,physics,2024-12,24,24
physics.acc-ph,physics,2025-01,31,31
physics.acc-ph,physics,2025-02,29,29
physics.acc-ph,physics,2025-03,39,39
physics.acc-ph,physics,2025-04,34,34
physics.acc-ph,physics,2025-05,31,31
physics.acc-ph,physics,2025-06,26,26
physics.acc-ph,physics,2025-07,31,31
physics.acc-ph,physics,2025-08,31,31
physics.acc-ph,physics,2025-09,58,50
physics.acc-ph,physics,2025-10,55,50
physics.acc-ph,physics,2025-11,36,36
physics.acc-ph,physics,2025-12,34,34
physics.ao-ph,physics,2018-01,10,10
physics.ao-ph,physics,2018-02,14,14
physics.ao-ph,physics,2018-03,11,11
physics.ao-ph,physics,2018-04,16,16
physics.ao-ph,physics,2018-05,17,17
physics.ao-ph,physics,2018-06,16,16
physics.ao-ph,physics,2018-07,13,13
physics.ao-ph,physics,2018-08,18,18
physics.ao-ph,physics,2018-09,20,20
physics.ao-ph,physics,2018-10,25,25
physics.ao-ph,physics,2018-11,21,21
physics.ao-ph,physics,2018-12,19,19
physics.ao-ph,physics,2019-01,21,21
physics.ao-ph,physics,2019-02,15,15
physics.ao-ph,physics,2019-03,14,14
physics.ao-ph,physics,2019-04,21,21
physics.ao-ph,physics,2019-05,16,16
physics.ao-ph,physics,2019-06,32,32
physics.ao-ph,physics,2019-07,23,23
physics.ao-ph,physics,2019-08,20,20
physics.ao-ph,physics,2019-09,21,21
physics.ao-ph,physics,2019-10,22,22
physics.ao-ph,physics,2019-11,29,29
physics.ao-ph,physics,2019-12,23,23
physics.ao-ph,physics,2020-01,25,25
physics.ao-ph,physics,2020-02,27,27
physics.ao-ph,physics,2020-03,29,29
physics.ao-ph,physics,2020-04,32,32
physics.ao-ph,physics,2020-05,31,31
physics.ao-ph,physics,2020-06,30,30
physics.ao-ph,physics,2020-07,30,30
physics.ao-ph,physics,2020-08,32,32
physics.ao-ph,physics,2020-09,22,22
physics.ao-ph,physics,2020-10,22,22
physics.ao-ph,physics,2020-11,26,26
physics.ao-ph,physics,2020-12,58,50
physics.ao-ph,physics,2021-01,25,25
physics.ao-ph,physics,2021-02,24,24
physics.ao-ph,physics,2021-03,23,23
physics.ao-ph,physics,2021-04,32,32
physics.ao-ph,physics,2021-05,27,27
physics.ao-ph,physics,2021-06,24,24
physics.ao-ph,physics,2021-07,21,21
physics.ao-ph,physics,2021-08,35,35
physics.ao-ph,physics,2021-09,22,22
physics.ao-ph,physics,2021-10,25,25
physics.ao-ph,physics,2021-11,24,24
physics.ao-ph,physics,2021-12,23,23
physics.ao-ph,physics,2022-01,21,21
physics.ao-ph,physics,2022-02,20,20
physics.ao-ph,physics,2022-03,18,18
physics.ao-ph,physics,2022-04,24,24
physics.ao-ph,physics,2022-05,27,27
physics.ao-ph,physics,2022-06,29,29
physics.ao-ph,physics,2022-07,24,24
physics.ao-ph,physics,2022-08,27,27
physics.ao-ph,physics,2022-09,28,28
physics.ao-ph,physics,2022-10,36,36
physics.ao-ph,physics,2022-11,46,46
physics.ao-ph,physics,2022-12,27,27
physics.ao-ph,physics,2023-01,21,21
physics.ao-ph,physics,2023-02,15,15
physics.ao-ph,physics,2023-03,25,25
physics.ao-ph,physics,2023-04,31,31
physics.ao-ph,physics,2023-05,20,20
physics.ao-ph,physics,2023-06,32,32
physics.ao-ph,physics,2023-07,33,33
physics.ao-ph,physics,2023-08,29,29
physics.ao-ph,physics,2023-09,33,33
physics.ao-ph,physics,2023-10,49,49
physics.ao-ph,physics,2023-11,52,50
physics.ao-ph,physics,2023-12,39,39
physics.ao-ph,physics,2024-01,47,47
physics.ao-ph,physics,2024-02,37,37
physics.ao-ph,physics,2024-03,18,18
physics.ao-ph,physics,2024-04,45,45
physics.ao-ph,physics,2024-05,40,40
physics.ao-ph,physics,2024-06,41,41
physics.ao-ph,physics,2024-07,45,45
physics.ao-ph,physics,2024-08,43,43
physics.ao-ph,physics,2024-09,51,50
physics.ao-ph,physics,2024-10,46,46
physics.ao-ph,physics,2024-11,36,36
physics.ao-ph,physics,2024-12,41,41
physics.ao-ph,physics,2025-01,34,34
physics.ao-ph,physics,2025-02,32,32
physics.ao-ph,physics,2025-03,44,44
physics.ao-ph,physics,2025-04,49,49
physics.ao-ph,physics,2025-05,47,47
physics.ao-ph,physics,2025-06,35,35
physics.ao-ph,physics,2025-07,37,37
physics.ao-ph,physics,2025-08,37,37
physics.ao-ph,physics,2025-09,69,50
physics.ao-ph,physics,2025-10,53,50
physics.ao-ph,physics,2025-11,51,50
physics.ao-ph,physics,2025-12,60,50
physics.app-ph,physics,2018-01,122,50
physics.app-ph,physics,2018-02,118,50
physics.app-ph,physics,2018-03,110,50
physics.app-ph,physics,2018-04,105,50
physics.app-ph,physics,2018-05,112,50
physics.app-ph,physics,2018-06,107,50
physics.app-ph,physics,2018-07,98,50
physics.app-ph,physics,2018-08,104,50
physics.app-ph,physics,2018-09,107,50
physics.app-ph,physics,2018-10,151,50
physics.app-ph,physics,2018-11,124,50
physics.app-ph,physics,2018-12,127,50
physics.app-ph,physics,2019-01,113,50
physics.app-ph,physics,2019-02,116,50
physics.app-ph,physics,2019-03,150,50
physics.app-ph,physics,2019-04,112,50
physics.app-ph,physics,2019-05,177,50
physics.app-ph,physics,2019-06,168,50
physics.app-ph,physics,2019-07,187,50
physics.app-ph,physics,2019-08,162,50
physics.app-ph,physics,2019-09,157,50
physics.app-ph,physics,2019-10,178,50
physics.app-ph,physics,2019-11,164,50
physics.app-ph,physics,2019-12,156,50
physics.app-ph,physics,2020-01,176,50
physics.app-ph,physics,2020-02,136,50
physics.app-ph,physics,2020-03,171,50
physics.app-ph,physics,2020-04,167,50
physics.app-ph,physics,2020-05,199,50
physics.app-ph,physics,2020-06,238,50
physics.app-ph,physics,2020-07,217,50
physics.app-ph,physics,2020-08,192,50
physics.app-ph,physics,2020-09,172,50
physics.app-ph,physics,2020-10,96,50
physics.app-ph,physics,2020-11,133,50
physics.app-ph,physics,2020-12,94,50
physics.app-ph,physics,2021-01,72,50
physics.app-ph,physics,2021-02,63,50
physics.app-ph,physics,2021-03,117,50
physics.app-ph,physics,2021-04,99,50
physics.app-ph,physics,2021-05,107,50
physics.app-ph,physics,2021-06,102,50
physics.app-ph,physics,2021-07,109,50
physics.app-ph,physics,2021-08,104,50
physics.app-ph,physics,2021-09,100,50
physics.app-ph,physics,2021-10,123,50
physics.app-ph,physics,2021-11,96,50
physics.app-ph,physics,2021-12,66,50
physics.app-ph,physics,2022-01,85,50
physics.app-ph,physics,2022-02,59,50
physics.app-ph,physics,2022-03,67,50
physics.app-ph,physics,2022-04,63,50
physics.app-ph,physics,2022-05,67,50
physics.app-ph,physics,2022-06,72,50
physics.app-ph,physics,2022-07,45,45
physics.app-ph,physics,2022-08,68,50
physics.app-ph,physics,2022-09,92,50
physics.app-ph,physics,2022-10,86,50
physics.app-ph,physics,2022-11,92,50
physics.app-ph,physics,2022-12,77,50
physics.app-ph,physics,2023-01,72,50
physics.app-ph,physics,2023-02,80,50
physics.app-ph,physics,2023-03,86,50
physics.app-ph,physics,2023-04,68,50
physics.app-ph,physics,2023-05,96,50
physics.app-ph,physics,2023-06,95,50
physics.app-ph,physics,2023-07,84,50
physics.app-ph,physics,2023-08,81,50
physics.app-ph,physics,2023-09,112,50
physics.app-ph,physics,2023-10,95,50
physics.app-ph,physics,2023-11,95,50
physics.app-ph,physics,2023-12,89,50
physics.app-ph,physics,2024-01,118,50
physics.app-ph,physics,2024-02,129,50
physics.app-ph,physics,2024-03,95,50
physics.app-ph,physics,2024-04,99,50
physics.app-ph,physics,2024-05,89,50
physics.app-ph,physics,2024-06,85,50
physics.app-ph,physics,2024-07,106,50
physics.app-ph,physics,2024-08,67,50
physics.app-ph,physics,2024-09,113,50
physics.app-ph,physics,2024-10,97,50
physics.app-ph,physics,2024-11,88,50
physics.app-ph,physics,2024-12,57,50
physics.app-ph,physics,2025-01,74,50
physics.app-ph,physics,2025-02,80,50
physics.app-ph,physics,2025-03,73,50
physics.app-ph,physics,2025-04,63,50
physics.app-ph,physics,2025-05,60,50
physics.app-ph,physics,2025-06,87,50
physics.app-ph,physics,2025-07,65,50
physics.app-ph,physics,2025-08,63,50
physics.app-ph,physics,2025-09,75,50
physics.app-ph,physics,2025-10,83,50
physics.app-ph,physics,2025-11,74,50
physics.app-ph,physics,2025-12,102,50
physics.atm-clus,physics,2018-01,6,6
physics.atm-clus,physics,2018-02,8,8
physics.atm-clus,physics,2018-03,4,4
physics.atm-clus,physics,2018-04,9,9
physics.atm-clus,physics,2018-05,15,15
physics.atm-clus,physics,2018-06,6,6
physics.atm-clus,physics,2018-07,5,5
physics.atm-clus,physics,2018-08,3,3
physics.atm-clus,physics,2018-09,6,6
physics.atm-clus,physics,2018-10,6,6
physics.atm-clus,physics,2018-11,2,2
physics.atm-clus,physics,2018-12,6,6
physics.atm-clus,physics,2019-01,2,2
physics.atm-clus,physics,2019-02,8,8
physics.atm-clus,physics,2019-03,2,2
physics.atm-clus,physics,2019-04,1,1
physics.atm-clus,physics,2019-05,7,7
physics.atm-clus,physics,2019-06,7,7
physics.atm-clus,physics,2019-07,8,8
physics.atm-clus,physics,2019-08,2,2
physics.atm-clus,physics,2019-09,6,6
physics.atm-clus,physics,2019-10,8,8
physics.atm-clus,physics,2019-11,5,5
physics.atm-clus,physics,2019-12,10,10
physics.atm-clus,physics,2020-01,4,4
physics.atm-clus,physics,2020-02,3,3
physics.atm-clus,physics,2020-03,9,9
physics.atm-clus,physics,2020-04,4,4
physics.atm-clus,physics,2020-05,2,2
physics.atm-clus,physics,2020-06,7,7
physics.atm-clus,physics,2020-07,5,5
physics.atm-clus,physics,2020-08,3,3
physics.atm-clus,physics,2020-09,3,3
physics.atm-clus,physics,2020-10,5,5
physics.atm-clus,physics,2020-11,6,6
physics.atm-clus,physics,2020-12,3,3
physics.atm-clus,physics,2021-01,3,3
physics.atm-clus,physics,2021-02,4,4
physics.atm-clus,physics,2021-03,4,4
physics.atm-clus,physics,2021-04,6,6
physics.atm-clus,physics,2021-05,5,5
physics.atm-clus,physics,2021-06,7,7
physics.atm-clus,physics,2021-07,3,3
physics.atm-clus,physics,2021-08,1,1
physics.atm-clus,physics,2021-09,4,4
physics.atm-clus,physics,2021-10,2,2
physics.atm-clus,physics,2021-11,9,9
physics.atm-clus,physics,2021-12,1,1
physics.atm-clus,physics,2022-01,6,6
physics.atm-clus,physics,2022-02,3,3
physics.atm-clus,physics,2022-03,1,1
physics.atm-clus,physics,2022-04,3,3
physics.atm-clus,physics,2022-05,7,7
physics.atm-clus,physics,2022-06,2,2
physics.atm-clus,physics,2022-07,5,5
physics.atm-clus,physics,2022-08,2,2
physics.atm-clus,physics,2022-09,5,5
physics.atm-clus,physics,2022-10,2,2
physics.atm-clus,physics,2022-11,8,8
physics.atm-clus,physics,2022-12,3,3
physics.atm-clus,physics,2023-01,3,3
physics.atm-clus,physics,2023-02,1,1
physics.atm-clus,physics,2023-03,5,5
physics.atm-clus,physics,2023-04,3,3
physics.atm-clus,physics,2023-05,5,5
physics.atm-clus,physics,2023-06,3,3
physics.atm-clus,physics,2023-07,3,3
physics.atm-clus,physics,2023-08,3,3
physics.atm-clus,physics,2023-09,5,5
physics.atm-clus,physics,2023-10,3,3
physics.atm-clus,physics,2023-12,4,4
physics.atm-clus,physics,2024-01,4,4
physics.atm-clus,physics,2024-02,8,8
physics.atm-clus,physics,2024-03,2,2
physics.atm-clus,physics,2024-05,1,1
physics.atm-clus,physics,2024-06,6,6
physics.atm-clus,physics,2024-07,2,2
physics.atm-clus,physics,2024-08,2,2
physics.atm-clus,physics,2024-09,4,4
physics.atm-clus,physics,2024-10,2,2
physics.atm-clus,physics,2024-11,2,2
physics.atm-clus,physics,2024-12,2,2
physics.atm-clus,physics,2025-01,1,1
physics.atm-clus,physics,2025-02,5,5
physics.atm-clus,physics,2025-03,4,4
physics.atm-clus,physics,2025-04,2,2
physics.atm-clus,physics,2025-05,4,4
physics.atm-clus,physics,2025-06,6,6
physics.atm-clus,physics,2025-07,1,1
physics.atm-clus,physics,2025-08,2,2
physics.atm-clus,physics,2025-09,7,7
physics.atm-clus,physics,2025-10,1,1
physics.atm-clus,physics,2025-11,6,6
physics.atm-clus,physics,2025-12,1,1
physics.atom-ph,physics,2018-01,55,50
physics.atom-ph,physics,2018-02,64,50
physics.atom-ph,physics,2018-03,57,50
physics.atom-ph,physics,2018-04,50,50
physics.atom-ph,physics,2018-05,66,50
physics.atom-ph,physics,2018-06,55,50
physics.atom-ph,physics,2018-07,65,50
physics.atom-ph,physics,2018-08,53,50
physics.atom-ph,physics,2018-09,67,50
physics.atom-ph,physics,2018-10,79,50
physics.atom-ph,physics,2018-11,64,50
physics.atom-ph,physics,2018-12,78,50
physics.atom-ph,physics,2019-01,61,50
physics.atom-ph,physics,2019-02,57,50
physics.atom-ph,physics,2019-03,64,50
physics.atom-ph,physics,2019-04,57,50
physics.atom-ph,physics,2019-05,61,50
physics.atom-ph,physics,2019-06,62,50
physics.atom-ph,physics,2019-07,81,50
physics.atom-ph,physics,2019-08,41,41
physics.atom-ph,physics,2019-09,69,50
physics.atom-ph,physics,2019-10,50,50
physics.atom-ph,physics,2019-11,49,49
physics.atom-ph,physics,2019-12,65,50
physics.atom-ph,physics,2020-01,40,40
physics.atom-ph,physics,2020-02,59,50
physics.atom-ph,physics,2020-03,56,50
physics.atom-ph,physics,2020-04,48,48
physics.atom-ph,physics,2020-05,62,50
physics.atom-ph,physics,2020-06,60,50
physics.atom-ph,physics,2020-07,77,50
physics.atom-ph,physics,2020-08,67,50
physics.atom-ph,physics,2020-09,46,46
physics.atom-ph,physics,2020-10,65,50
physics.atom-ph,physics,2020-11,44,44
physics.atom-ph,physics,2020-12,62,50
physics.atom-ph,physics,2021-01,52,50
physics.atom-ph,physics,2021-02,47,47
physics.atom-ph,physics,2021-03,56,50
physics.atom-ph,physics,2021-04,48,48
physics.atom-ph,physics,2021-05,63,50
physics.atom-ph,physics,2021-06,49,49
physics.atom-ph,physics,2021-07,61,50
physics.atom-ph,physics,2021-08,52,50
physics.atom-ph,physics,2021-09,51,50
physics.atom-ph,physics,2021-10,39,39
physics.atom-ph,physics,2021-11,61,50
physics.atom-ph,physics,2021-12,51,50
physics.atom-ph,physics,2022-01,53,50
physics.atom-ph,physics,2022-02,48,48
physics.atom-ph,physics,2022-03,52,50
physics.atom-ph,physics,2022-04,49,49
physics.atom-ph,physics,2022-05,43,43
physics.atom-ph,physics,2022-06,51,50
physics.atom-ph,physics,2022-07,51,50
physics.atom-ph,physics,2022-08,49,49
physics.atom-ph,physics,2022-09,59,50
physics.atom-ph,physics,2022-10,53,50
physics.atom-ph,physics,2022-11,61,50
physics.atom-ph,physics,2022-12,57,50
physics.atom-ph,physics,2023-01,51,50
physics.atom-ph,physics,2023-02,40,40
physics.atom-ph,physics,2023-03,74,50
physics.atom-ph,physics,2023-04,47,47
physics.atom-ph,physics,2023-05,58,50
physics.atom-ph,physics,2023-06,56,50
physics.atom-ph,physics,2023-07,51,50
physics.atom-ph,physics,2023-08,50,50
physics.atom-ph,physics,2023-09,64,50
physics.atom-ph,physics,2023-10,57,50
physics.atom-ph,physics,2023-11,59,50
physics.atom-ph,physics,2023-12,47,47
physics.atom-ph,physics,2024-01,55,50
physics.atom-ph,physics,2024-02,46,46
physics.atom-ph,physics,2024-03,55,50
physics.atom-ph,physics,2024-04,48,48
physics.atom-ph,physics,2024-05,55,50
physics.atom-ph,physics,2024-06,56,50
physics.atom-ph,physics,2024-07,58,50
physics.atom-ph,physics,2024-08,61,50
physics.atom-ph,physics,2024-09,58,50
physics.atom-ph,physics,2024-10,56,50
physics.atom-ph,physics,2024-11,59,50
physics.atom-ph,physics,2024-12,57,50
physics.atom-ph,physics,2025-01,52,50
physics.atom-ph,physics,2025-02,66,50
physics.atom-ph,physics,2025-03,65,50
physics.atom-ph,physics,2025-04,57,50
physics.atom-ph,physics,2025-05,68,50
physics.atom-ph,physics,2025-06,75,50
physics.atom-ph,physics,2025-07,72,50
physics.atom-ph,physics,2025-08,62,50
physics.atom-ph,physics,2025-09,76,50
physics.atom-ph,physics,2025-10,49,49
physics.atom-ph,physics,2025-11,55,50
physics.atom-ph,physics,2025-12,65,50
physics.bio-ph,physics,2018-01,26,26
physics.bio-ph,physics,2018-02,40,40
physics.bio-ph,physics,2018-03,37,37
physics.bio-ph,physics,2018-04,26,26
physics.bio-ph,physics,2018-05,32,32
physics.bio-ph,physics,2018-06,44,44
physics.bio-ph,physics,2018-07,28,28
physics.bio-ph,physics,2018-08,33,33
physics.bio-ph,physics,2018-09,39,39
physics.bio-ph,physics,2018-10,33,33
physics.bio-ph,physics,2018-11,25,25
physics.bio-ph,physics,2018-12,19,19
physics.bio-ph,physics,2019-01,26,26
physics.bio-ph,physics,2019-02,32,32
physics.bio-ph,physics,2019-03,25,25
physics.bio-ph,physics,2019-04,39,39
physics.bio-ph,physics,2019-05,41,41
physics.bio-ph,physics,2019-06,33,33
physics.bio-ph,physics,2019-07,29,29
physics.bio-ph,physics,2019-08,30,30
physics.bio-ph,physics,2019-09,29,29
physics.bio-ph,physics,2019-10,42,42
physics.bio-ph,physics,2019-11,36,36
physics.bio-ph,physics,2019-12,32,32
physics.bio-ph,physics,2020-01,29,29
physics.bio-ph,physics,2020-02,25,25
physics.bio-ph,physics,2020-03,36,36
physics.bio-ph,physics,2020-04,25,25
physics.bio-ph,physics,2020-05,26,26
physics.bio-ph,physics,2020-06,37,37
physics.bio-ph,physics,2020-07,32,32
physics.bio-ph,physics,2020-08,35,35
physics.bio-ph,physics,2020-09,27,27
physics.bio-ph,physics,2020-10,45,45
physics.bio-ph,physics,2020-11,25,25
physics.bio-ph,physics,2020-12,42,42
physics.bio-ph,physics,2021-01,31,31
physics.bio-ph,physics,2021-02,37,37
physics.bio-ph,physics,2021-03,50,50
physics.bio-ph,physics,2021-04,42,42
physics.bio-ph,physics,2021-05,33,33
physics.bio-ph,physics,2021-06,44,44
physics.bio-ph,physics,2021-07,30,30
physics.bio-ph,physics,2021-08,24,24
physics.bio-ph,physics,2021-09,32,32
physics.bio-ph,physics,2021-10,37,37
physics.bio-ph,physics,2021-11,31,31
physics.bio-ph,physics,2021-12,49,49
physics.bio-ph,physics,2022-01,26,26
physics.bio-ph,physics,2022-02,27,27
physics.bio-ph,physics,2022-03,22,22
physics.bio-ph,physics,2022-04,35,35
physics.bio-ph,physics,2022-05,30,30
physics.bio-ph,physics,2022-06,37,37
physics.bio-ph,physics,2022-07,24,24
physics.bio-ph,physics,2022-08,35,35
physics.bio-ph,physics,2022-09,24,24
physics.bio-ph,physics,2022-10,28,28
physics.bio-ph,physics,2022-11,28,28
physics.bio-ph,physics,2022-12,19,19
physics.bio-ph,physics,2023-01,29,29
physics.bio-ph,physics,2023-02,23,23
physics.bio-ph,physics,2023-03,29,29
physics.bio-ph,physics,2023-04,30,30
physics.bio-ph,physics,2023-05,33,33
physics.bio-ph,physics,2023-06,26,26
physics.bio-ph,physics,2023-07,33,33
physics.bio-ph,physics,2023-08,22,22
physics.bio-ph,physics,2023-09,32,32
physics.bio-ph,physics,2023-10,30,30
physics.bio-ph,physics,2023-11,43,43
physics.bio-ph,physics,2023-12,37,37
physics.bio-ph,physics,2024-01,40,40
physics.bio-ph,physics,2024-02,26,26
physics.bio-ph,physics,2024-03,50,50
physics.bio-ph,physics,2024-04,36,36
physics.bio-ph,physics,2024-05,40,40
physics.bio-ph,physics,2024-06,26,26
physics.bio-ph,physics,2024-07,50,50
physics.bio-ph,physics,2024-08,29,29
physics.bio-ph,physics,2024-09,57,50
physics.bio-ph,physics,2024-10,43,43
physics.bio-ph,physics,2024-11,37,37
physics.bio-ph,physics,2024-12,32,32
physics.bio-ph,physics,2025-01,40,40
physics.bio-ph,physics,2025-02,24,24
physics.bio-ph,physics,2025-03,45,45
physics.bio-ph,physics,2025-04,45,45
physics.bio-ph,physics,2025-05,39,39
physics.bio-ph,physics,2025-06,32,32
physics.bio-ph,physics,2025-07,38,38
physics.bio-ph,physics,2025-08,30,30
physics.bio-ph,physics,2025-09,38,38
physics.bio-ph,physics,2025-10,47,47
physics.bio-ph,physics,2025-11,36,36
physics.bio-ph,physics,2025-12,64,50
physics.chem-ph,physics,2018-01,65,50
physics.chem-ph,physics,2018-02,58,50
physics.chem-ph,physics,2018-03,76,50
physics.chem-ph,physics,2018-04,68,50
physics.chem-ph,physics,2018-05,95,50
physics.chem-ph,physics,2018-06,61,50
physics.chem-ph,physics,2018-07,63,50
physics.chem-ph,physics,2018-08,67,50
physics.chem-ph,physics,2018-09,64,50
physics.chem-ph,physics,2018-10,70,50
physics.chem-ph,physics,2018-11,71,50
physics.chem-ph,physics,2018-12,76,50
physics.chem-ph,physics,2019-01,69,50
physics.chem-ph,physics,2019-02,56,50
physics.chem-ph,physics,2019-03,57,50
physics.chem-ph,physics,2019-04,83,50
physics.chem-ph,physics,2019-05,97,50
physics.chem-ph,physics,2019-06,59,50
physics.chem-ph,physics,2019-07,79,50
physics.chem-ph,physics,2019-08,71,50
physics.chem-ph,physics,2019-09,77,50
physics.chem-ph,physics,2019-10,63,50
physics.chem-ph,physics,2019-11,77,50
physics.chem-ph,physics,2019-12,78,50
physics.chem-ph,physics,2020-01,85,50
physics.chem-ph,physics,2020-02,75,50
physics.chem-ph,physics,2020-03,93,50
physics.chem-ph,physics,2020-04,97,50
physics.chem-ph,physics,2020-05,79,50
physics.chem-ph,physics,2020-06,78,50
physics.chem-ph,physics,2020-07,90,50
physics.chem-ph,physics,2020-08,86,50
physics.chem-ph,physics,2020-09,70,50
physics.chem-ph,physics,2020-10,101,50
physics.chem-ph,physics,2020-11,83,50
physics.chem-ph,physics,2020-12,108,50
physics.chem-ph,physics,2021-01,70,50
physics.chem-ph,physics,2021-02,81,50
physics.chem-ph,physics,2021-03,96,50
physics.chem-ph,physics,2021-04,83,50
physics.chem-ph,physics,2021-05,74,50
physics.chem-ph,physics,2021-06,85,50
physics.chem-ph,physics,2021-07,86,50
physics.chem-ph,physics,2021-08,76,50
physics.chem-ph,physics,2021-09,88,50
physics.chem-ph,physics,2021-10,80,50
physics.chem-ph,physics,2021-11,103,50
physics.chem-ph,physics,2021-12,94,50
physics.chem-ph,physics,2022-01,67,50
physics.chem-ph,physics,2022-02,90,50
physics.chem-ph,physics,2022-03,102,50
physics.chem-ph,physics,2022-04,80,50
physics.chem-ph,physics,2022-05,87,50
physics.chem-ph,physics,2022-06,99,50
physics.chem-ph,physics,2022-07,73,50
physics.chem-ph,physics,2022-08,82,50
physics.chem-ph,physics,2022-09,107,50
physics.chem-ph,physics,2022-10,89,50
physics.chem-ph,physics,2022-11,107,50
physics.chem-ph,physics,2022-12,95,50
physics.chem-ph,physics,2023-01,80,50
physics.chem-ph,physics,2023-02,74,50
physics.chem-ph,physics,2023-03,105,50
physics.chem-ph,physics,2023-04,83,50
physics.chem-ph,physics,2023-05,95,50
physics.chem-ph,physics,2023-06,93,50
physics.chem-ph,physics,2023-07,94,50
physics.chem-ph,physics,2023-08,100,50
physics.chem-ph,physics,2023-09,90,50
physics.chem-ph,physics,2023-10,105,50
physics.chem-ph,physics,2023-11,97,50
physics.chem-ph,physics,2023-12,81,50
physics.chem-ph,physics,2024-01,120,50
physics.chem-ph,physics,2024-02,113,50
physics.chem-ph,physics,2024-03,128,50
physics.chem-ph,physics,2024-04,109,50
physics.chem-ph,physics,2024-05,118,50
physics.chem-ph,physics,2024-06,102,50
physics.chem-ph,physics,2024-07,97,50
physics.chem-ph,physics,2024-08,108,50
physics.chem-ph,physics,2024-09,148,50
physics.chem-ph,physics,2024-10,127,50
physics.chem-ph,physics,2024-11,94,50
physics.chem-ph,physics,2024-12,82,50
physics.chem-ph,physics,2025-01,90,50
physics.chem-ph,physics,2025-02,75,50
physics.chem-ph,physics,2025-03,140,50
physics.chem-ph,physics,2025-04,98,50
physics.chem-ph,physics,2025-05,130,50
physics.chem-ph,physics,2025-06,139,50
physics.chem-ph,physics,2025-07,112,50
physics.chem-ph,physics,2025-08,122,50
physics.chem-ph,physics,2025-09,149,50
physics.chem-ph,physics,2025-10,136,50
physics.chem-ph,physics,2025-11,130,50
physics.chem-ph,physics,2025-12,128,50
physics.class-ph,physics,2018-01,12,12
physics.class-ph,physics,2018-02,23,23
physics.class-ph,physics,2018-03,12,12
physics.class-ph,physics,2018-04,19,19
physics.class-ph,physics,2018-05,26,26
physics.class-ph,physics,2018-06,28,28
physics.class-ph,physics,2018-07,11,11
physics.class-ph,physics,2018-08,30,30
physics.class-ph,physics,2018-09,22,22
physics.class-ph,physics,2018-10,32,32
physics.class-ph,physics,2018-11,31,31
physics.class-ph,physics,2018-12,25,25
physics.class-ph,physics,2019-01,27,27
physics.class-ph,physics,2019-02,25,25
physics.class-ph,physics,2019-03,32,32
physics.class-ph,physics,2019-04,30,30
physics.class-ph,physics,2019-05,26,26
physics.class-ph,physics,2019-06,26,26
physics.class-ph,physics,2019-07,32,32
physics.class-ph,physics,2019-08,18,18
physics.class-ph,physics,2019-09,30,30
physics.class-ph,physics,2019-10,22,22
physics.class-ph,physics,2019-11,16,16
physics.class-ph,physics,2019-12,23,23
physics.class-ph,physics,2020-01,27,27
physics.class-ph,physics,2020-02,12,12
physics.class-ph,physics,2020-03,26,26
physics.class-ph,physics,2020-04,17,17
physics.class-ph,physics,2020-05,20,20
physics.class-ph,physics,2020-06,20,20
physics.class-ph,physics,2020-07,24,24
physics.class-ph,physics,2020-08,20,20
physics.class-ph,physics,2020-09,14,14
physics.class-ph,physics,2020-10,17,17
physics.class-ph,physics,2020-11,15,15
physics.class-ph,physics,2020-12,29,29
physics.class-ph,physics,2021-01,23,23
physics.class-ph,physics,2021-02,25,25
physics.class-ph,physics,2021-03,31,31
physics.class-ph,physics,2021-04,20,20
physics.class-ph,physics,2021-05,26,26
physics.class-ph,physics,2021-06,26,26
physics.class-ph,physics,2021-07,25,25
physics.class-ph,physics,2021-08,18,18
physics.class-ph,physics,2021-09,16,16
physics.class-ph,physics,2021-10,27,27
physics.class-ph,physics,2021-11,22,22
physics.class-ph,physics,2021-12,25,25
physics.class-ph,physics,2022-01,19,19
physics.class-ph,physics,2022-02,16,16
physics.class-ph,physics,2022-03,14,14
physics.class-ph,physics,2022-04,23,23
physics.class-ph,physics,2022-05,17,17
physics.class-ph,physics,2022-06,15,15
physics.class-ph,physics,2022-07,17,17
physics.class-ph,physics,2022-08,28,28
physics.class-ph,physics,2022-09,11,11
physics.class-ph,physics,2022-10,22,22
physics.class-ph,physics,2022-11,28,28
physics.class-ph,physics,2022-12,18,18
physics.class-ph,physics,2023-01,14,14
physics.class-ph,physics,2023-02,25,25
physics.class-ph,physics,2023-03,22,22
physics.class-ph,physics,2023-04,11,11
physics.class-ph,physics,2023-05,26,26
physics.class-ph,physics,2023-06,14,14
physics.class-ph,physics,2023-07,16,16
physics.class-ph,physics,2023-08,30,30
physics.class-ph,physics,2023-09,16,16
physics.class-ph,physics,2023-10,12,12
physics.class-ph,physics,2023-11,22,22
physics.class-ph,physics,2023-12,15,15
physics.class-ph,physics,2024-01,19,19
physics.class-ph,physics,2024-02,12,12
physics.class-ph,physics,2024-03,17,17
physics.class-ph,physics,2024-04,22,22
physics.class-ph,physics,2024-05,14,14
physics.class-ph,physics,2024-06,17,17
physics.class-ph,physics,2024-07,25,25
physics.class-ph,physics,2024-08,18,18
physics.class-ph,physics,2024-09,20,20
physics.class-ph,physics,2024-10,12,12
physics.class-ph,physics,2024-11,19,19
physics.class-ph,physics,2024-12,17,17
physics.class-ph,physics,2025-01,29,29
physics.class-ph,physics,2025-02,15,15
physics.class-ph,physics,2025-03,27,27
physics.class-ph,physics,2025-04,15,15
physics.class-ph,physics,2025-05,13,13
physics.class-ph,physics,2025-06,19,19
physics.class-ph,physics,2025-07,20,20
physics.class-ph,physics,2025-08,16,16
physics.class-ph,physics,2025-09,27,27
physics.class-ph,physics,2025-10,23,23
physics.class-ph,physics,2025-11,17,17
physics.class-ph,physics,2025-12,30,30
physics.comp-ph,physics,2018-01,77,50
physics.comp-ph,physics,2018-02,68,50
physics.comp-ph,physics,2018-03,61,50
physics.comp-ph,physics,2018-04,51,50
physics.comp-ph,physics,2018-05,47,47
physics.comp-ph,physics,2018-06,61,50
physics.comp-ph,physics,2018-07,54,50
physics.comp-ph,physics,2018-08,62,50
physics.comp-ph,physics,2018-09,64,50
physics.comp-ph,physics,2018-10,97,50
physics.comp-ph,physics,2018-11,84,50
physics.comp-ph,physics,2018-12,76,50
physics.comp-ph,physics,2019-01,64,50
physics.comp-ph,physics,2019-02,62,50
physics.comp-ph,physics,2019-03,62,50
physics.comp-ph,physics,2019-04,77,50
physics.comp-ph,physics,2019-05,88,50
physics.comp-ph,physics,2019-06,99,50
physics.comp-ph,physics,2019-07,77,50
physics.comp-ph,physics,2019-08,72,50
physics.comp-ph,physics,2019-09,77,50
physics.comp-ph,physics,2019-10,92,50
physics.comp-ph,physics,2019-11,78,50
physics.comp-ph,physics,2019-12,81,50
physics.comp-ph,physics,2020-01,58,50
physics.comp-ph,physics,2020-02,74,50
physics.comp-ph,physics,2020-03,99,50
physics.comp-ph,physics,2020-04,83,50
physics.comp-ph,physics,2020-05,93,50
physics.comp-ph,physics,2020-06,145,50
physics.comp-ph,physics,2020-07,118,50
physics.comp-ph,physics,2020-08,99,50
physics.comp-ph,physics,2020-09,89,50
physics.comp-ph,physics,2020-10,67,50
physics.comp-ph,physics,2020-11,36,36
physics.comp-ph,physics,2020-12,36,36
physics.comp-ph,physics,2021-01,37,37
physics.comp-ph,physics,2021-02,40,40
physics.comp-ph,physics,2021-03,51,50
physics.comp-ph,physics,2021-04,46,46
physics.comp-ph,physics,2021-05,41,41
physics.comp-ph,physics,2021-06,55,50
physics.comp-ph,physics,2021-07,52,50
physics.comp-ph,physics,2021-08,40,40
physics.comp-ph,physics,2021-09,48,48
physics.comp-ph,physics,2021-10,45,45
physics.comp-ph,physics,2021-11,39,39
physics.comp-ph,physics,2021-12,36,36
physics.comp-ph,physics,2022-01,29,29
physics.comp-ph,physics,2022-02,39,39
physics.comp-ph,physics,2022-03,49,49
physics.comp-ph,physics,2022-04,42,42
physics.comp-ph,physics,2022-05,61,50
physics.comp-ph,physics,2022-06,45,45
physics.comp-ph,physics,2022-07,28,28
physics.comp-ph,physics,2022-08,34,34
physics.comp-ph,physics,2022-09,39,39
physics.comp-ph,physics,2022-10,45,45
physics.comp-ph,physics,2022-11,32,32
physics.comp-ph,physics,2022-12,37,37
physics.comp-ph,physics,2023-01,39,39
physics.comp-ph,physics,2023-02,51,50
physics.comp-ph,physics,2023-03,48,48
physics.comp-ph,physics,2023-04,38,38
physics.comp-ph,physics,2023-05,49,49
physics.comp-ph,physics,2023-06,49,49
physics.comp-ph,physics,2023-07,42,42
physics.comp-ph,physics,2023-08,36,36
physics.comp-ph,physics,2023-09,53,50
physics.comp-ph,physics,2023-10,43,43
physics.comp-ph,physics,2023-11,41,41
physics.comp-ph,physics,2023-12,44,44
physics.comp-ph,physics,2024-01,51,50
physics.comp-ph,physics,2024-02,50,50
physics.comp-ph,physics,2024-03,54,50
physics.comp-ph,physics,2024-04,43,43
physics.comp-ph,physics,2024-05,43,43
physics.comp-ph,physics,2024-06,48,48
physics.comp-ph,physics,2024-07,48,48
physics.comp-ph,physics,2024-08,50,50
physics.comp-ph,physics,2024-09,42,42
physics.comp-ph,physics,2024-10,55,50
physics.comp-ph,physics,2024-11,54,50
physics.comp-ph,physics,2024-12,60,50
physics.comp-ph,physics,2025-01,76,50
physics.comp-ph,physics,2025-02,45,45
physics.comp-ph,physics,2025-03,70,50
physics.comp-ph,physics,2025-04,57,50
physics.comp-ph,physics,2025-05,68,50
physics.comp-ph,physics,2025-06,87,50
physics.comp-ph,physics,2025-07,56,50
physics.comp-ph,physics,2025-08,62,50
physics.comp-ph,physics,2025-09,61,50
physics.comp-ph,physics,2025-10,72,50
physics.comp-ph,physics,2025-11,58,50
physics.comp-ph,physics,2025-12,71,50
physics.data-an,physics,2018-01,16,16
physics.data-an,physics,2018-02,9,9
physics.data-an,physics,2018-03,13,13
physics.data-an,physics,2018-04,18,18
physics.data-an,physics,2018-05,15,15
physics.data-an,physics,2018-06,10,10
physics.data-an,physics,2018-07,10,10
physics.data-an,physics,2018-08,11,11
physics.data-an,physics,2018-09,13,13
physics.data-an,physics,2018-10,11,11
physics.data-an,physics,2018-11,12,12
physics.data-an,physics,2018-12,10,10
physics.data-an,physics,2019-01,10,10
physics.data-an,physics,2019-02,12,12
physics.data-an,physics,2019-03,10,10
physics.data-an,physics,2019-04,7,7
physics.data-an,physics,2019-05,17,17
physics.data-an,physics,2019-06,19,19
physics.data-an,physics,2019-07,12,12
physics.data-an,physics,2019-08,10,10
physics.data-an,physics,2019-09,10,10
physics.data-an,physics,2019-10,19,19
physics.data-an,physics,2019-11,13,13
physics.data-an,physics,2019-12,11,11
physics.data-an,physics,2020-01,21,21
physics.data-an,physics,2020-02,11,11
physics.data-an,physics,2020-03,16,16
physics.data-an,physics,2020-04,13,13
physics.data-an,physics,2020-05,11,11
physics.data-an,physics,2020-06,8,8
physics.data-an,physics,2020-07,10,10
physics.data-an,physics,2020-08,6,6
physics.data-an,physics,2020-09,11,11
physics.data-an,physics,2020-10,24,24
physics.data-an,physics,2020-11,14,14
physics.data-an,physics,2020-12,12,12
physics.data-an,physics,2021-01,25,25
physics.data-an,physics,2021-02,12,12
physics.data-an,physics,2021-03,19,19
physics.data-an,physics,2021-04,12,12
physics.data-an,physics,2021-05,19,19
physics.data-an,physics,2021-06,11,11
physics.data-an,physics,2021-07,17,17
physics.data-an,physics,2021-08,14,14
physics.data-an,physics,2021-09,11,11
physics.data-an,physics,2021-10,10,10
physics.data-an,physics,2021-11,10,10
physics.data-an,physics,2021-12,6,6
physics.data-an,physics,2022-01,9,9
physics.data-an,physics,2022-02,13,13
physics.data-an,physics,2022-03,18,18
physics.data-an,physics,2022-04,13,13
physics.data-an,physics,2022-05,13,13
physics.data-an,physics,2022-06,7,7
physics.data-an,physics,2022-07,15,15
physics.data-an,physics,2022-08,11,11
physics.data-an,physics,2022-09,12,12
physics.data-an,physics,2022-10,12,12
physics.data-an,physics,2022-11,11,11
physics.data-an,physics,2022-12,8,8
physics.data-an,physics,2023-01,15,15
physics.data-an,physics,2023-02,7,7
physics.data-an,physics,2023-03,12,12
physics.data-an,physics,2023-04,10,10
physics.data-an,physics,2023-05,11,11
physics.data-an,physics,2023-06,13,13
physics.data-an,physics,2023-07,12,12
physics.data-an,physics,2023-08,11,11
physics.data-an,physics,2023-09,10,10
physics.data-an,physics,2023-10,13,13
physics.data-an,physics,2023-11,8,8
physics.data-an,physics,2023-12,15,15
physics.data-an,physics,2024-01,14,14
physics.data-an,physics,2024-02,6,6
physics.data-an,physics,2024-03,6,6
physics.data-an,physics,2024-04,14,14
physics.data-an,physics,2024-05,9,9
physics.data-an,physics,2024-06,14,14
physics.data-an,physics,2024-07,11,11
physics.data-an,physics,2024-08,6,6
physics.data-an,physics,2024-09,11,11
physics.data-an,physics,2024-10,11,11
physics.data-an,physics,2024-11,3,3
physics.data-an,physics,2024-12,9,9
physics.data-an,physics,2025-01,15,15
physics.data-an,physics,2025-02,4,4
physics.data-an,physics,2025-03,10,10
physics.data-an,physics,2025-04,9,9
physics.data-an,physics,2025-05,9,9
physics.data-an,physics,2025-06,9,9
physics.data-an,physics,2025-07,9,9
physics.data-an,physics,2025-08,7,7
physics.data-an,physics,2025-09,10,10
physics.data-an,physics,2025-10,5,5
physics.data-an,physics,2025-11,6,6
physics.data-an,physics,2025-12,5,5
physics.ed-ph,physics,2018-01,13,13
physics.ed-ph,physics,2018-02,14,14
physics.ed-ph,physics,2018-03,16,16
physics.ed-ph,physics,2018-04,19,19
physics.ed-ph,physics,2018-05,20,20
physics.ed-ph,physics,2018-06,16,16
physics.ed-ph,physics,2018-07,32,32
physics.ed-ph,physics,2018-08,23,23
physics.ed-ph,physics,2018-09,15,15
physics.ed-ph,physics,2018-10,12,12
physics.ed-ph,physics,2018-11,15,15
physics.ed-ph,physics,2018-12,17,17
physics.ed-ph,physics,2019-01,24,24
physics.ed-ph,physics,2019-02,9,9
physics.ed-ph,physics,2019-03,12,12
physics.ed-ph,physics,2019-04,6,6
physics.ed-ph,physics,2019-05,10,10
physics.ed-ph,physics,2019-06,9,9
physics.ed-ph,physics,2019-07,18,18
physics.ed-ph,physics,2019-08,11,11
physics.ed-ph,physics,2019-09,19,19
physics.ed-ph,physics,2019-10,17,17
physics.ed-ph,physics,2019-11,18,18
physics.ed-ph,physics,2019-12,21,21
physics.ed-ph,physics,2020-01,20,20
physics.ed-ph,physics,2020-02,19,19
physics.ed-ph,physics,2020-03,21,21
physics.ed-ph,physics,2020-04,20,20
physics.ed-ph,physics,2020-05,21,21
physics.ed-ph,physics,2020-06,39,39
physics.ed-ph,physics,2020-07,33,33
physics.ed-ph,physics,2020-08,31,31
physics.ed-ph,physics,2020-09,22,22
physics.ed-ph,physics,2020-10,25,25
physics.ed-ph,physics,2020-11,20,20
physics.ed-ph,physics,2020-12,21,21
physics.ed-ph,physics,2021-01,15,15
physics.ed-ph,physics,2021-02,14,14
physics.ed-ph,physics,2021-03,11,11
physics.ed-ph,physics,2021-04,17,17
physics.ed-ph,physics,2021-05,15,15
physics.ed-ph,physics,2021-06,22,22
physics.ed-ph,physics,2021-07,16,16
physics.ed-ph,physics,2021-08,26,26
physics.ed-ph,physics,2021-09,19,19
physics.ed-ph,physics,2021-10,17,17
physics.ed-ph,physics,2021-11,14,14
physics.ed-ph,physics,2021-12,12,12
physics.ed-ph,physics,2022-01,20,20
physics.ed-ph,physics,2022-02,13,13
physics.ed-ph,physics,2022-03,27,27
physics.ed-ph,physics,2022-04,12,12
physics.ed-ph,physics,2022-05,8,8
physics.ed-ph,physics,2022-06,24,24
physics.ed-ph,physics,2022-07,10,10
physics.ed-ph,physics,2022-08,10,10
physics.ed-ph,physics,2022-09,15,15
physics.ed-ph,physics,2022-10,15,15
physics.ed-ph,physics,2022-11,17,17
physics.ed-ph,physics,2022-12,15,15
physics.ed-ph,physics,2023-01,23,23
physics.ed-ph,physics,2023-02,18,18
physics.ed-ph,physics,2023-03,27,27
physics.ed-ph,physics,2023-04,21,21
physics.ed-ph,physics,2023-05,17,17
physics.ed-ph,physics,2023-06,27,27
physics.ed-ph,physics,2023-07,16,16
physics.ed-ph,physics,2023-08,22,22
physics.ed-ph,physics,2023-09,25,25
physics.ed-ph,physics,2023-10,24,24
physics.ed-ph,physics,2023-11,25,25
physics.ed-ph,physics,2023-12,12,12
physics.ed-ph,physics,2024-01,21,21
physics.ed-ph,physics,2024-02,20,20
physics.ed-ph,physics,2024-03,22,22
physics.ed-ph,physics,2024-04,17,17
physics.ed-ph,physics,2024-05,20,20
physics.ed-ph,physics,2024-06,17,17
physics.ed-ph,physics,2024-07,31,31
physics.ed-ph,physics,2024-08,21,21
physics.ed-ph,physics,2024-09,20,20
physics.ed-ph,physics,2024-10,22,22
physics.ed-ph,physics,2024-11,17,17
physics.ed-ph,physics,2024-12,26,26
physics.ed-ph,physics,2025-01,32,32
physics.ed-ph,physics,2025-02,14,14
physics.ed-ph,physics,2025-03,20,20
physics.ed-ph,physics,2025-04,27,27
physics.ed-ph,physics,2025-05,23,23
physics.ed-ph,physics,2025-06,25,25
physics.ed-ph,physics,2025-07,23,23
physics.ed-ph,physics,2025-08,47,47
physics.ed-ph,physics,2025-09,34,34
physics.ed-ph,physics,2025-10,26,26
physics.ed-ph,physics,2025-11,21,21
physics.ed-ph,physics,2025-12,35,35
physics.flu-dyn,physics,2018-01,116,50
physics.flu-dyn,physics,2018-02,110,50
physics.flu-dyn,physics,2018-03,93,50
physics.flu-dyn,physics,2018-04,111,50
physics.flu-dyn,physics,2018-05,113,50
physics.flu-dyn,physics,2018-06,114,50
physics.flu-dyn,physics,2018-07,97,50
physics.flu-dyn,physics,2018-08,101,50
physics.flu-dyn,physics,2018-09,107,50
physics.flu-dyn,physics,2018-10,111,50
physics.flu-dyn,physics,2018-11,110,50
physics.flu-dyn,physics,2018-12,112,50
physics.flu-dyn,physics,2019-01,86,50
physics.flu-dyn,physics,2019-02,112,50
physics.flu-dyn,physics,2019-03,95,50
physics.flu-dyn,physics,2019-04,88,50
physics.flu-dyn,physics,2019-05,88,50
physics.flu-dyn,physics,2019-06,98,50
physics.flu-dyn,physics,2019-07,94,50
physics.flu-dyn,physics,2019-08,93,50
physics.flu-dyn,physics,2019-09,119,50
physics.flu-dyn,physics,2019-10,102,50
physics.flu-dyn,physics,2019-11,116,50
physics.flu-dyn,physics,2019-12,131,50
physics.flu-dyn,physics,2020-01,107,50
physics.flu-dyn,physics,2020-02,104,50
physics.flu-dyn,physics,2020-03,108,50
physics.flu-dyn,physics,2020-04,147,50
physics.flu-dyn,physics,2020-05,149,50
physics.flu-dyn,physics,2020-06,160,50
physics.flu-dyn,physics,2020-07,160,50
physics.flu-dyn,physics,2020-08,128,50
physics.flu-dyn,physics,2020-09,139,50
physics.flu-dyn,physics,2020-10,150,50
physics.flu-dyn,physics,2020-11,156,50
physics.flu-dyn,physics,2020-12,156,50
physics.flu-dyn,physics,2021-01,149,50
physics.flu-dyn,physics,2021-02,162,50
physics.flu-dyn,physics,2021-03,216,50
physics.flu-dyn,physics,2021-04,141,50
physics.flu-dyn,physics,2021-05,147,50
physics.flu-dyn,physics,2021-06,180,50
physics.flu-dyn,physics,2021-07,145,50
physics.flu-dyn,physics,2021-08,151,50
physics.flu-dyn,physics,2021-09,131,50
physics.flu-dyn,physics,2021-10,142,50
physics.flu-dyn,physics,2021-11,150,50
physics.flu-dyn,physics,2021-12,158,50
physics.flu-dyn,physics,2022-01,155,50
physics.flu-dyn,physics,2022-02,162,50
physics.flu-dyn,physics,2022-03,151,50
physics.flu-dyn,physics,2022-04,119,50
physics.flu-dyn,physics,2022-05,150,50
physics.flu-dyn,physics,2022-06,141,50
physics.flu-dyn,physics,2022-07,175,50
physics.flu-dyn,physics,2022-08,166,50
physics.flu-dyn,physics,2022-09,132,50
physics.flu-dyn,physics,2022-10,161,50
physics.flu-dyn,physics,2022-11,174,50
physics.flu-dyn,physics,2022-12,157,50
physics.flu-dyn,physics,2023-01,211,50
physics.flu-dyn,physics,2023-02,164,50
physics.flu-dyn,physics,2023-03,172,50
physics.flu-dyn,physics,2023-04,171,50
physics.flu-dyn,physics,2023-05,178,50
physics.flu-dyn,physics,2023-06,184,50
physics.flu-dyn,physics,2023-07,177,50
physics.flu-dyn,physics,2023-08,181,50
physics.flu-dyn,physics,2023-09,157,50
physics.flu-dyn,physics,2023-10,233,50
physics.flu-dyn,physics,2023-11,234,50
physics.flu-dyn,physics,2023-12,185,50
physics.flu-dyn,physics,2024-01,162,50
physics.flu-dyn,physics,2024-02,162,50
physics.flu-dyn,physics,2024-03,177,50
physics.flu-dyn,physics,2024-04,169,50
physics.flu-dyn,physics,2024-05,146,50
physics.flu-dyn,physics,2024-06,177,50
physics.flu-dyn,physics,2024-07,191,50
physics.flu-dyn,physics,2024-08,162,50
physics.flu-dyn,physics,2024-09,170,50
physics.flu-dyn,physics,2024-10,180,50
physics.flu-dyn,physics,2024-11,221,50
physics.flu-dyn,physics,2024-12,144,50
physics.flu-dyn,physics,2025-01,198,50
physics.flu-dyn,physics,2025-02,170,50
physics.flu-dyn,physics,2025-03,203,50
physics.flu-dyn,physics,2025-04,207,50
physics.flu-dyn,physics,2025-05,166,50
physics.flu-dyn,physics,2025-06,162,50
physics.flu-dyn,physics,2025-07,192,50
physics.flu-dyn,physics,2025-08,173,50
physics.flu-dyn,physics,2025-09,215,50
physics.flu-dyn,physics,2025-10,214,50
physics.flu-dyn,physics,2025-11,191,50
physics.flu-dyn,physics,2025-12,249,50
physics.gen-ph,physics,2018-01,37,37
physics.gen-ph,physics,2018-02,37,37
physics.gen-ph,physics,2018-03,31,31
physics.gen-ph,physics,2018-04,34,34
physics.gen-ph,physics,2018-05,45,45
physics.gen-ph,physics,2018-06,27,27
physics.gen-ph,physics,2018-07,42,42
physics.gen-ph,physics,2018-08,27,27
physics.gen-ph,physics,2018-09,33,33
physics.gen-ph,physics,2018-10,39,39
physics.gen-ph,physics,2018-11,17,17
physics.gen-ph,physics,2018-12,32,32
physics.gen-ph,physics,2019-01,42,42
physics.gen-ph,physics,2019-02,31,31
physics.gen-ph,physics,2019-03,10,10
physics.gen-ph,physics,2019-04,49,49
physics.gen-ph,physics,2019-05,44,44
physics.gen-ph,physics,2019-06,22,22
physics.gen-ph,physics,2019-07,34,34
physics.gen-ph,physics,2019-08,20,20
physics.gen-ph,physics,2019-09,46,46
physics.gen-ph,physics,2019-10,44,44
physics.gen-ph,physics,2019-11,44,44
physics.gen-ph,physics,2019-12,16,16
physics.gen-ph,physics,2020-01,23,23
physics.gen-ph,physics,2020-02,32,32
physics.gen-ph,physics,2020-03,41,41
physics.gen-ph,physics,2020-04,25,25
physics.gen-ph,physics,2020-05,25,25
physics.gen-ph,physics,2020-06,18,18
physics.gen-ph,physics,2020-07,16,16
physics.gen-ph,physics,2020-08,23,23
physics.gen-ph,physics,2020-09,30,30
physics.gen-ph,physics,2020-10,27,27
physics.gen-ph,physics,2020-11,18,18
physics.gen-ph,physics,2020-12,22,22
physics.gen-ph,physics,2021-01,1,1
physics.gen-ph,physics,2021-02,3,3
physics.gen-ph,physics,2021-03,7,7
physics.gen-ph,physics,2021-04,46,46
physics.gen-ph,physics,2021-05,18,18
physics.gen-ph,physics,2021-06,56,50
physics.gen-ph,physics,2021-07,3,3
physics.gen-ph,physics,2021-08,72,50
physics.gen-ph,physics,2021-09,18,18
physics.gen-ph,physics,2021-10,37,37
physics.gen-ph,physics,2021-11,16,16
physics.gen-ph,physics,2021-12,11,11
physics.gen-ph,physics,2022-01,15,15
physics.gen-ph,physics,2022-02,20,20
physics.gen-ph,physics,2022-03,32,32
physics.gen-ph,physics,2022-04,17,17
physics.gen-ph,physics,2022-05,35,35
physics.gen-ph,physics,2022-06,19,19
physics.gen-ph,physics,2022-07,2,2
physics.gen-ph,physics,2022-08,10,10
physics.gen-ph,physics,2022-09,57,50
physics.gen-ph,physics,2022-10,18,18
physics.gen-ph,physics,2022-11,23,23
physics.gen-ph,physics,2022-12,19,19
physics.gen-ph,physics,2023-01,16,16
physics.gen-ph,physics,2023-02,31,31
physics.gen-ph,physics,2023-03,21,21
physics.gen-ph,physics,2023-04,18,18
physics.gen-ph,physics,2023-05,23,23
physics.gen-ph,physics,2023-06,18,18
physics.gen-ph,physics,2023-07,17,17
physics.gen-ph,physics,2023-08,35,35
physics.gen-ph,physics,2023-09,13,13
physics.gen-ph,physics,2023-10,20,20
physics.gen-ph,physics,2023-11,12,12
physics.gen-ph,physics,2023-12,27,27
physics.gen-ph,physics,2024-01,24,24
physics.gen-ph,physics,2024-02,23,23
physics.gen-ph,physics,2024-03,18,18
physics.gen-ph,physics,2024-04,15,15
physics.gen-ph,physics,2024-05,27,27
physics.gen-ph,physics,2024-06,20,20
physics.gen-ph,physics,2024-07,21,21
physics.gen-ph,physics,2024-08,12,12
physics.gen-ph,physics,2024-09,25,25
physics.gen-ph,physics,2024-10,28,28
physics.gen-ph,physics,2024-11,13,13
physics.gen-ph,physics,2024-12,12,12
physics.gen-ph,physics,2025-01,29,29
physics.gen-ph,physics,2025-02,30,30
physics.gen-ph,physics,2025-03,29,29
physics.gen-ph,physics,2025-04,35,35
physics.gen-ph,physics,2025-05,13,13
physics.gen-ph,physics,2025-06,15,15
physics.gen-ph,physics,2025-07,17,17
physics.gen-ph,physics,2025-08,22,22
physics.gen-ph,physics,2025-09,17,17
physics.gen-ph,physics,2025-10,26,26
physics.gen-ph,physics,2025-11,18,18
physics.gen-ph,physics,2025-12,32,32
physics.geo-ph,physics,2018-01,11,11
physics.geo-ph,physics,2018-02,22,22
physics.geo-ph,physics,2018-03,16,16
physics.geo-ph,physics,2018-04,21,21
physics.geo-ph,physics,2018-05,20,20
physics.geo-ph,physics,2018-06,29,29
physics.geo-ph,physics,2018-07,13,13
physics.geo-ph,physics,2018-08,21,21
physics.geo-ph,physics,2018-09,8,8
physics.geo-ph,physics,2018-10,30,30
physics.geo-ph,physics,2018-11,14,14
physics.geo-ph,physics,2018-12,34,34
physics.geo-ph,physics,2019-01,39,39
physics.geo-ph,physics,2019-02,24,24
physics.geo-ph,physics,2019-03,19,19
physics.geo-ph,physics,2019-04,26,26
physics.geo-ph,physics,2019-05,24,24
physics.geo-ph,physics,2019-06,20,20
physics.geo-ph,physics,2019-07,27,27
physics.geo-ph,physics,2019-08,23,23
physics.geo-ph,physics,2019-09,30,30
physics.geo-ph,physics,2019-10,19,19
physics.geo-ph,physics,2019-11,25,25
physics.geo-ph,physics,2019-12,27,27
physics.geo-ph,physics,2020-01,21,21
physics.geo-ph,physics,2020-02,16,16
physics.geo-ph,physics,2020-03,42,42
physics.geo-ph,physics,2020-04,25,25
physics.geo-ph,physics,2020-05,29,29
physics.geo-ph,physics,2020-06,29,29
physics.geo-ph,physics,2020-07,19,19
physics.geo-ph,physics,2020-08,21,21
physics.geo-ph,physics,2020-09,27,27
physics.geo-ph,physics,2020-10,27,27
physics.geo-ph,physics,2020-11,31,31
physics.geo-ph,physics,2020-12,27,27
physics.geo-ph,physics,2021-01,34,34
physics.geo-ph,physics,2021-02,15,15
physics.geo-ph,physics,2021-03,25,25
physics.geo-ph,physics,2021-04,41,41
physics.geo-ph,physics,2021-05,28,28
physics.geo-ph,physics,2021-06,29,29
physics.geo-ph,physics,2021-07,25,25
physics.geo-ph,physics,2021-08,25,25
physics.geo-ph,physics,2021-09,26,26
physics.geo-ph,physics,2021-10,25,25
physics.geo-ph,physics,2021-11,34,34
physics.geo-ph,physics,2021-12,21,21
physics.geo-ph,physics,2022-01,29,29
physics.geo-ph,physics,2022-02,23,23
physics.geo-ph,physics,2022-03,25,25
physics.geo-ph,physics,2022-04,32,32
physics.geo-ph,physics,2022-05,30,30
physics.geo-ph,physics,2022-06,26,26
physics.geo-ph,physics,2022-07,22,22
physics.geo-ph,physics,2022-08,26,26
physics.geo-ph,physics,2022-09,29,29
physics.geo-ph,physics,2022-10,26,26
physics.geo-ph,physics,2022-11,25,25
physics.geo-ph,physics,2022-12,37,37
physics.geo-ph,physics,2023-01,35,35
physics.geo-ph,physics,2023-02,40,40
physics.geo-ph,physics,2023-03,25,25
physics.geo-ph,physics,2023-04,41,41
physics.geo-ph,physics,2023-05,40,40
physics.geo-ph,physics,2023-06,22,22
physics.geo-ph,physics,2023-07,37,37
physics.geo-ph,physics,2023-08,22,22
physics.geo-ph,physics,2023-09,32,32
physics.geo-ph,physics,2023-10,42,42
physics.geo-ph,physics,2023-11,33,33
physics.geo-ph,physics,2023-12,25,25
physics.geo-ph,physics,2024-01,30,30
physics.geo-ph,physics,2024-02,34,34
physics.geo-ph,physics,2024-03,37,37
physics.geo-ph,physics,2024-04,39,39
physics.geo-ph,physics,2024-05,23,23
physics.geo-ph,physics,2024-06,36,36
physics.geo-ph,physics,2024-07,36,36
physics.geo-ph,physics,2024-08,32,32
physics.geo-ph,physics,2024-09,37,37
physics.geo-ph,physics,2024-10,53,50
physics.geo-ph,physics,2024-11,35,35
physics.geo-ph,physics,2024-12,38,38
physics.geo-ph,physics,2025-01,34,34
physics.geo-ph,physics,2025-02,45,45
physics.geo-ph,physics,2025-03,39,39
physics.geo-ph,physics,2025-04,43,43
physics.geo-ph,physics,2025-05,48,48
physics.geo-ph,physics,2025-06,58,50
physics.geo-ph,physics,2025-07,37,37
physics.geo-ph,physics,2025-08,34,34
physics.geo-ph,physics,2025-09,41,41
physics.geo-ph,physics,2025-10,40,40
physics.geo-ph,physics,2025-11,41,41
physics.geo-ph,physics,2025-12,47,47
physics.hist-ph,physics,2018-01,26,26
physics.hist-ph,physics,2018-02,17,17
physics.hist-ph,physics,2018-03,20,20
physics.hist-ph,physics,2018-04,21,21
physics.hist-ph,physics,2018-05,16,16
physics.hist-ph,physics,2018-06,10,10
physics.hist-ph,physics,2018-07,13,13
physics.hist-ph,physics,2018-08,13,13
physics.hist-ph,physics,2018-09,18,18
physics.hist-ph,physics,2018-10,21,21
physics.hist-ph,physics,2018-11,13,13
physics.hist-ph,physics,2018-12,18,18
physics.hist-ph,physics,2019-01,14,14
physics.hist-ph,physics,2019-02,14,14
physics.hist-ph,physics,2019-03,13,13
physics.hist-ph,physics,2019-04,14,14
physics.hist-ph,physics,2019-05,11,11
physics.hist-ph,physics,2019-06,18,18
physics.hist-ph,physics,2019-07,22,22
physics.hist-ph,physics,2019-08,12,12
physics.hist-ph,physics,2019-09,21,21
physics.hist-ph,physics,2019-10,20,20
physics.hist-ph,physics,2019-11,9,9
physics.hist-ph,physics,2019-12,20,20
physics.hist-ph,physics,2020-01,26,26
physics.hist-ph,physics,2020-02,15,15
physics.hist-ph,physics,2020-03,17,17
physics.hist-ph,physics,2020-04,21,21
physics.hist-ph,physics,2020-05,20,20
physics.hist-ph,physics,2020-06,28,28
physics.hist-ph,physics,2020-07,25,25
physics.hist-ph,physics,2020-08,19,19
physics.hist-ph,physics,2020-09,22,22
physics.hist-ph,physics,2020-10,16,16
physics.hist-ph,physics,2020-11,21,21
physics.hist-ph,physics,2020-12,18,18
physics.hist-ph,physics,2021-01,15,15
physics.hist-ph,physics,2021-02,9,9
physics.hist-ph,physics,2021-03,43,43
physics.hist-ph,physics,2021-04,18,18
physics.hist-ph,physics,2021-05,13,13
physics.hist-ph,physics,2021-06,10,10
physics.hist-ph,physics,2021-07,14,14
physics.hist-ph,physics,2021-08,11,11
physics.hist-ph,physics,2021-09,12,12
physics.hist-ph,physics,2021-10,26,26
physics.hist-ph,physics,2021-11,13,13
physics.hist-ph,physics,2021-12,16,16
physics.hist-ph,physics,2022-01,18,18
physics.hist-ph,physics,2022-02,13,13
physics.hist-ph,physics,2022-03,21,21
physics.hist-ph,physics,2022-04,20,20
physics.hist-ph,physics,2022-05,18,18
physics.hist-ph,physics,2022-06,15,15
physics.hist-ph,physics,2022-07,5,5
physics.hist-ph,physics,2022-08,17,17
physics.hist-ph,physics,2022-09,12,12
physics.hist-ph,physics,2022-10,13,13
physics.hist-ph,physics,2022-11,16,16
physics.hist-ph,physics,2022-12,14,14
physics.hist-ph,physics,2023-01,16,16
physics.hist-ph,physics,2023-02,19,19
physics.hist-ph,physics,2023-03,18,18
physics.hist-ph,physics,2023-04,15,15
physics.hist-ph,physics,2023-05,13,13
physics.hist-ph,physics,2023-06,9,9
physics.hist-ph,physics,2023-07,24,24
physics.hist-ph,physics,2023-08,17,17
physics.hist-ph,physics,2023-09,22,22
physics.hist-ph,physics,2023-10,15,15
physics.hist-ph,physics,2023-11,19,19
physics.hist-ph,physics,2023-12,8,8
physics.hist-ph,physics,2024-01,16,16
physics.hist-ph,physics,2024-02,16,16
physics.hist-ph,physics,2024-03,28,28
physics.hist-ph,physics,2024-04,23,23
physics.hist-ph,physics,2024-05,9,9
physics.hist-ph,physics,2024-06,8,8
physics.hist-ph,physics,2024-07,21,21
physics.hist-ph,physics,2024-08,9,9
physics.hist-ph,physics,2024-09,14,14
physics.hist-ph,physics,2024-10,27,27
physics.hist-ph,physics,2024-11,14,14
physics.hist-ph,physics,2024-12,14,14
physics.hist-ph,physics,2025-01,11,11
physics.hist-ph,physics,2025-02,12,12
physics.hist-ph,physics,2025-03,20,20
physics.hist-ph,physics,2025-04,11,11
physics.hist-ph,physics,2025-05,27,27
physics.hist-ph,physics,2025-06,11,11
physics.hist-ph,physics,2025-07,21,21
physics.hist-ph,physics,2025-08,16,16
physics.hist-ph,physics,2025-09,21,21
physics.hist-ph,physics,2025-10,16,16
physics.hist-ph,physics,2025-11,20,20
physics.hist-ph,physics,2025-12,25,25
physics.ins-det,physics,2018-01,79,50
physics.ins-det,physics,2018-02,69,50
physics.ins-det,physics,2018-03,87,50
physics.ins-det,physics,2018-04,87,50
physics.ins-det,physics,2018-05,82,50
physics.ins-det,physics,2018-06,196,50
physics.ins-det,physics,2018-07,100,50
physics.ins-det,physics,2018-08,79,50
physics.ins-det,physics,2018-09,83,50
physics.ins-det,physics,2018-10,81,50
physics.ins-det,physics,2018-11,78,50
physics.ins-det,physics,2018-12,97,50
physics.ins-det,physics,2019-01,87,50
physics.ins-det,physics,2019-02,64,50
physics.ins-det,physics,2019-03,92,50
physics.ins-det,physics,2019-04,91,50
physics.ins-det,physics,2019-05,73,50
physics.ins-det,physics,2019-06,72,50
physics.ins-det,physics,2019-07,75,50
physics.ins-det,physics,2019-08,80,50
physics.ins-det,physics,2019-09,95,50
physics.ins-det,physics,2019-10,125,50
physics.ins-det,physics,2019-11,99,50
physics.ins-det,physics,2019-12,95,50
physics.ins-det,physics,2020-01,73,50
physics.ins-det,physics,2020-02,114,50
physics.ins-det,physics,2020-03,116,50
physics.ins-det,physics,2020-04,115,50
physics.ins-det,physics,2020-05,127,50
physics.ins-det,physics,2020-06,113,50
physics.ins-det,physics,2020-07,90,50
physics.ins-det,physics,2020-08,65,50
physics.ins-det,physics,2020-09,89,50
physics.ins-det,physics,2020-10,107,50
physics.ins-det,physics,2020-11,89,50
physics.ins-det,physics,2020-12,83,50
physics.ins-det,physics,2021-01,74,50
physics.ins-det,physics,2021-02,76,50
physics.ins-det,physics,2021-03,92,50
physics.ins-det,physics,2021-04,72,50
physics.ins-det,physics,2021-05,91,50
physics.ins-det,physics,2021-06,83,50
physics.ins-det,physics,2021-07,96,50
physics.ins-det,physics,2021-08,59,50
physics.ins-det,physics,2021-09,84,50
physics.ins-det,physics,2021-10,86,50
physics.ins-det,physics,2021-11,110,50
physics.ins-det,physics,2021-12,133,50
physics.ins-det,physics,2022-01,89,50
physics.ins-det,physics,2022-02,110,50
physics.ins-det,physics,2022-03,136,50
physics.ins-det,physics,2022-04,71,50
physics.ins-det,physics,2022-05,88,50
physics.ins-det,physics,2022-06,74,50
physics.ins-det,physics,2022-07,60,50
physics.ins-det,physics,2022-08,68,50
physics.ins-det,physics,2022-09,106,50
physics.ins-det,physics,2022-10,91,50
physics.ins-det,physics,2022-11,90,50
physics.ins-det,physics,2022-12,93,50
physics.ins-det,physics,2023-01,80,50
physics.ins-det,physics,2023-02,77,50
physics.ins-det,physics,2023-03,87,50
physics.ins-det,physics,2023-04,61,50
physics.ins-det,physics,2023-05,65,50
physics.ins-det,physics,2023-06,57,50
physics.ins-det,physics,2023-07,63,50
physics.ins-det,physics,2023-08,60,50
physics.ins-det,physics,2023-09,71,50
physics.ins-det,physics,2023-10,77,50
physics.ins-det,physics,2023-11,90,50
physics.ins-det,physics,2023-12,58,50
physics.ins-det,physics,2024-01,82,50
physics.ins-det,physics,2024-02,91,50
physics.ins-det,physics,2024-03,73,50
physics.ins-det,physics,2024-04,54,50
physics.ins-det,physics,2024-05,72,50
physics.ins-det,physics,2024-06,94,50
physics.ins-det,physics,2024-07,80,50
physics.ins-det,physics,2024-08,54,50
physics.ins-det,physics,2024-09,81,50
physics.ins-det,physics,2024-10,90,50
physics.ins-det,physics,2024-11,79,50
physics.ins-det,physics,2024-12,78,50
physics.ins-det,physics,2025-01,85,50
physics.ins-det,physics,2025-02,90,50
physics.ins-det,physics,2025-03,131,50
physics.ins-det,physics,2025-04,79,50
physics.ins-det,physics,2025-05,88,50
physics.ins-det,physics,2025-06,85,50
physics.ins-det,physics,2025-07,74,50
physics.ins-det,physics,2025-08,74,50
physics.ins-det,physics,2025-09,113,50
physics.ins-det,physics,2025-10,115,50
physics.ins-det,physics,2025-11,114,50
physics.ins-det,physics,2025-12,119,50
physics.med-ph,physics,2018-01,20,20
physics.med-ph,physics,2018-02,27,27
physics.med-ph,physics,2018-03,30,30
physics.med-ph,physics,2018-04,32,32
physics.med-ph,physics,2018-05,25,25
physics.med-ph,physics,2018-06,33,33
physics.med-ph,physics,2018-07,23,23
physics.med-ph,physics,2018-08,23,23
physics.med-ph,physics,2018-09,39,39
physics.med-ph,physics,2018-10,26,26
physics.med-ph,physics,2018-11,41,41
physics.med-ph,physics,2018-12,33,33
physics.med-ph,physics,2019-01,35,35
physics.med-ph,physics,2019-02,39,39
physics.med-ph,physics,2019-03,48,48
physics.med-ph,physics,2019-04,27,27
physics.med-ph,physics,2019-05,30,30
physics.med-ph,physics,2019-06,33,33
physics.med-ph,physics,2019-07,32,32
physics.med-ph,physics,2019-08,38,38
physics.med-ph,physics,2019-09,33,33
physics.med-ph,physics,2019-10,51,50
physics.med-ph,physics,2019-11,31,31
physics.med-ph,physics,2019-12,33,33
physics.med-ph,physics,2020-01,41,41
physics.med-ph,physics,2020-02,29,29
physics.med-ph,physics,2020-03,49,49
physics.med-ph,physics,2020-04,37,37
physics.med-ph,physics,2020-05,49,49
physics.med-ph,physics,2020-06,44,44
physics.med-ph,physics,2020-07,49,49
physics.med-ph,physics,2020-08,41,41
physics.med-ph,physics,2020-09,50,50
physics.med-ph,physics,2020-10,49,49
physics.med-ph,physics,2020-11,49,49
physics.med-ph,physics,2020-12,47,47
physics.med-ph,physics,2021-01,55,50
physics.med-ph,physics,2021-02,53,50
physics.med-ph,physics,2021-03,43,43
physics.med-ph,physics,2021-04,38,38
physics.med-ph,physics,2021-05,41,41
physics.med-ph,physics,2021-06,40,40
physics.med-ph,physics,2021-07,43,43
physics.med-ph,physics,2021-08,48,48
physics.med-ph,physics,2021-09,44,44
physics.med-ph,physics,2021-10,35,35
physics.med-ph,physics,2021-11,53,50
physics.med-ph,physics,2021-12,42,42
physics.med-ph,physics,2022-01,37,37
physics.med-ph,physics,2022-02,42,42
physics.med-ph,physics,2022-03,44,44
physics.med-ph,physics,2022-04,44,44
physics.med-ph,physics,2022-05,46,46
physics.med-ph,physics,2022-06,31,31
physics.med-ph,physics,2022-07,29,29
physics.med-ph,physics,2022-08,37,37
physics.med-ph,physics,2022-09,40,40
physics.med-ph,physics,2022-10,49,49
physics.med-ph,physics,2022-11,48,48
physics.med-ph,physics,2022-12,43,43
physics.med-ph,physics,2023-01,38,38
physics.med-ph,physics,2023-02,29,29
physics.med-ph,physics,2023-03,43,43
physics.med-ph,physics,2023-04,49,49
physics.med-ph,physics,2023-05,51,50
physics.med-ph,physics,2023-06,53,50
physics.med-ph,physics,2023-07,36,36
physics.med-ph,physics,2023-08,49,49
physics.med-ph,physics,2023-09,54,50
physics.med-ph,physics,2023-10,53,50
physics.med-ph,physics,2023-11,49,49
physics.med-ph,physics,2023-12,53,50
physics.med-ph,physics,2024-01,46,46
physics.med-ph,physics,2024-02,43,43
physics.med-ph,physics,2024-03,62,50
physics.med-ph,physics,2024-04,39,39
physics.med-ph,physics,2024-05,41,41
physics.med-ph,physics,2024-06,67,50
physics.med-ph,physics,2024-07,51,50
physics.med-ph,physics,2024-08,48,48
physics.med-ph,physics,2024-09,56,50
physics.med-ph,physics,2024-10,64,50
physics.med-ph,physics,2024-11,67,50
physics.med-ph,physics,2024-12,57,50
physics.med-ph,physics,2025-01,61,50
physics.med-ph,physics,2025-02,55,50
physics.med-ph,physics,2025-03,65,50
physics.med-ph,physics,2025-04,61,50
physics.med-ph,physics,2025-05,54,50
physics.med-ph,physics,2025-06,57,50
physics.med-ph,physics,2025-07,54,50
physics.med-ph,physics,2025-08,71,50
physics.med-ph,physics,2025-09,86,50
physics.med-ph,physics,2025-10,74,50
physics.med-ph,physics,2025-11,63,50
physics.med-ph,physics,2025-12,62,50
physics.optics,physics,2018-01,124,50
physics.optics,physics,2018-02,143,50
physics.optics,physics,2018-03,114,50
physics.optics,physics,2018-04,114,50
physics.optics,physics,2018-05,160,50
physics.optics,physics,2018-06,131,50
physics.optics,physics,2018-07,138,50
physics.optics,physics,2018-08,127,50
physics.optics,physics,2018-09,118,50
physics.optics,physics,2018-10,182,50
physics.optics,physics,2018-11,179,50
physics.optics,physics,2018-12,152,50
physics.optics,physics,2019-01,132,50
physics.optics,physics,2019-02,146,50
physics.optics,physics,2019-03,171,50
physics.optics,physics,2019-04,169,50
physics.optics,physics,2019-05,187,50
physics.optics,physics,2019-06,144,50
physics.optics,physics,2019-07,156,50
physics.optics,physics,2019-08,130,50
physics.optics,physics,2019-09,183,50
physics.optics,physics,2019-10,182,50
physics.optics,physics,2019-11,162,50
physics.optics,physics,2019-12,172,50
physics.optics,physics,2020-01,174,50
physics.optics,physics,2020-02,160,50
physics.optics,physics,2020-03,182,50
physics.optics,physics,2020-04,191,50
physics.optics,physics,2020-05,189,50
physics.optics,physics,2020-06,183,50
physics.optics,physics,2020-07,183,50
physics.optics,physics,2020-08,183,50
physics.optics,physics,2020-09,168,50
physics.optics,physics,2020-10,192,50
physics.optics,physics,2020-11,171,50
physics.optics,physics,2020-12,217,50
physics.optics,physics,2021-01,188,50
physics.optics,physics,2021-02,192,50
physics.optics,physics,2021-03,235,50
physics.optics,physics,2021-04,220,50
physics.optics,physics,2021-05,210,50
physics.optics,physics,2021-06,202,50
physics.optics,physics,2021-07,189,50
physics.optics,physics,2021-08,205,50
physics.optics,physics,2021-09,201,50
physics.optics,physics,2021-10,171,50
physics.optics,physics,2021-11,194,50
physics.optics,physics,2021-12,202,50
physics.optics,physics,2022-01,190,50
physics.optics,physics,2022-02,179,50
physics.optics,physics,2022-03,241,50
physics.optics,physics,2022-04,181,50
physics.optics,physics,2022-05,194,50
physics.optics,physics,2022-06,215,50
physics.optics,physics,2022-07,187,50
physics.optics,physics,2022-08,242,50
physics.optics,physics,2022-09,192,50
physics.optics,physics,2022-10,202,50
physics.optics,physics,2022-11,216,50
physics.optics,physics,2022-12,199,50
physics.optics,physics,2023-01,203,50
physics.optics,physics,2023-02,154,50
physics.optics,physics,2023-03,197,50
physics.optics,physics,2023-04,176,50
physics.optics,physics,2023-05,255,50
physics.optics,physics,2023-06,242,50
physics.optics,physics,2023-07,206,50
physics.optics,physics,2023-08,209,50
physics.optics,physics,2023-09,200,50
physics.optics,physics,2023-10,285,50
physics.optics,physics,2023-11,245,50
physics.optics,physics,2023-12,184,50
physics.optics,physics,2024-01,225,50
physics.optics,physics,2024-02,243,50
physics.optics,physics,2024-03,244,50
physics.optics,physics,2024-04,256,50
physics.optics,physics,2024-05,231,50
physics.optics,physics,2024-06,218,50
physics.optics,physics,2024-07,245,50
physics.optics,physics,2024-08,224,50
physics.optics,physics,2024-09,247,50
physics.optics,physics,2024-10,288,50
physics.optics,physics,2024-11,293,50
physics.optics,physics,2024-12,311,50
physics.optics,physics,2025-01,273,50
physics.optics,physics,2025-02,249,50
physics.optics,physics,2025-03,280,50
physics.optics,physics,2025-04,283,50
physics.optics,physics,2025-05,295,50
physics.optics,physics,2025-06,275,50
physics.optics,physics,2025-07,333,50
physics.optics,physics,2025-08,268,50
physics.optics,physics,2025-09,343,50
physics.optics,physics,2025-10,357,50
physics.optics,physics,2025-11,289,50
physics.optics,physics,2025-12,382,50
physics.plasm-ph,physics,2018-01,65,50
physics.plasm-ph,physics,2018-02,68,50
physics.plasm-ph,physics,2018-03,58,50
physics.plasm-ph,physics,2018-04,59,50
physics.plasm-ph,physics,2018-05,54,50
physics.plasm-ph,physics,2018-06,57,50
physics.plasm-ph,physics,2018-07,56,50
physics.plasm-ph,physics,2018-08,55,50
physics.plasm-ph,physics,2018-09,65,50
physics.plasm-ph,physics,2018-10,69,50
physics.plasm-ph,physics,2018-11,60,50
physics.plasm-ph,physics,2018-12,49,49
physics.plasm-ph,physics,2019-01,64,50
physics.plasm-ph,physics,2019-02,44,44
physics.plasm-ph,physics,2019-03,64,50
physics.plasm-ph,physics,2019-04,67,50
physics.plasm-ph,physics,2019-05,40,40
physics.plasm-ph,physics,2019-06,55,50
physics.plasm-ph,physics,2019-07,64,50
physics.plasm-ph,physics,2019-08,52,50
physics.plasm-ph,physics,2019-09,61,50
physics.plasm-ph,physics,2019-10,62,50
physics.plasm-ph,physics,2019-11,66,50
physics.plasm-ph,physics,2019-12,61,50
physics.plasm-ph,physics,2020-01,51,50
physics.plasm-ph,physics,2020-02,58,50
physics.plasm-ph,physics,2020-03,64,50
physics.plasm-ph,physics,2020-04,59,50
physics.plasm-ph,physics,2020-05,69,50
physics.plasm-ph,physics,2020-06,65,50
physics.plasm-ph,physics,2020-07,73,50
physics.plasm-ph,physics,2020-08,58,50
physics.plasm-ph,physics,2020-09,70,50
physics.plasm-ph,physics,2020-10,74,50
physics.plasm-ph,physics,2020-11,94,50
physics.plasm-ph,physics,2020-12,83,50
physics.plasm-ph,physics,2021-01,59,50
physics.plasm-ph,physics,2021-02,66,50
physics.plasm-ph,physics,2021-03,89,50
physics.plasm-ph,physics,2021-04,101,50
physics.plasm-ph,physics,2021-05,69,50
physics.plasm-ph,physics,2021-06,82,50
physics.plasm-ph,physics,2021-07,68,50
physics.plasm-ph,physics,2021-08,64,50
physics.plasm-ph,physics,2021-09,82,50
physics.plasm-ph,physics,2021-10,66,50
physics.plasm-ph,physics,2021-11,71,50
physics.plasm-ph,physics,2021-12,61,50
physics.plasm-ph,physics,2022-01,72,50
physics.plasm-ph,physics,2022-02,54,50
physics.plasm-ph,physics,2022-03,76,50
physics.plasm-ph,physics,2022-04,66,50
physics.plasm-ph,physics,2022-05,61,50
physics.plasm-ph,physics,2022-06,52,50
physics.plasm-ph,physics,2022-07,53,50
physics.plasm-ph,physics,2022-08,77,50
physics.plasm-ph,physics,2022-09,71,50
physics.plasm-ph,physics,2022-10,63,50
physics.plasm-ph,physics,2022-11,91,50
physics.plasm-ph,physics,2022-12,69,50
physics.plasm-ph,physics,2023-01,69,50
physics.plasm-ph,physics,2023-02,80,50
physics.plasm-ph,physics,2023-03,71,50
physics.plasm-ph,physics,2023-04,73,50
physics.plasm-ph,physics,2023-05,77,50
physics.plasm-ph,physics,2023-06,91,50
physics.plasm-ph,physics,2023-07,60,50
physics.plasm-ph,physics,2023-08,60,50
physics.plasm-ph,physics,2023-09,70,50
physics.plasm-ph,physics,2023-10,89,50
physics.plasm-ph,physics,2023-11,81,50
physics.plasm-ph,physics,2023-12,68,50
physics.plasm-ph,physics,2024-01,79,50
physics.plasm-ph,physics,2024-02,80,50
physics.plasm-ph,physics,2024-03,68,50
physics.plasm-ph,physics,2024-04,88,50
physics.plasm-ph,physics,2024-05,98,50
physics.plasm-ph,physics,2024-06,83,50
physics.plasm-ph,physics,2024-07,87,50
physics.plasm-ph,physics,2024-08,76,50
physics.plasm-ph,physics,2024-09,84,50
physics.plasm-ph,physics,2024-10,103,50
physics.plasm-ph,physics,2024-11,88,50
physics.plasm-ph,physics,2024-12,96,50
physics.plasm-ph,physics,2025-01,77,50
physics.plasm-ph,physics,2025-02,89,50
physics.plasm-ph,physics,2025-03,75,50
physics.plasm-ph,physics,2025-04,98,50
physics.plasm-ph,physics,2025-05,90,50
physics.plasm-ph,physics,2025-06,113,50
physics.plasm-ph,physics,2025-07,96,50
physics.plasm-ph,physics,2025-08,79,50
physics.plasm-ph,physics,2025-09,107,50
physics.plasm-ph,physics,2025-10,91,50
physics.plasm-ph,physics,2025-11,89,50
physics.plasm-ph,physics,2025-12,119,50
physics.pop-ph,physics,2018-01,10,10
physics.pop-ph,physics,2018-02,13,13
physics.pop-ph,physics,2018-03,14,14
physics.pop-ph,physics,2018-04,12,12
physics.pop-ph,physics,2018-05,7,7
physics.pop-ph,physics,2018-06,17,17
physics.pop-ph,physics,2018-07,12,12
physics.pop-ph,physics,2018-08,8,8
physics.pop-ph,physics,2018-09,4,4
physics.pop-ph,physics,2018-10,6,6
physics.pop-ph,physics,2018-11,8,8
physics.pop-ph,physics,2018-12,2,2
physics.pop-ph,physics,2019-01,8,8
physics.pop-ph,physics,2019-02,4,4
physics.pop-ph,physics,2019-03,14,14
physics.pop-ph,physics,2019-04,6,6
physics.pop-ph,physics,2019-05,6,6
physics.pop-ph,physics,2019-06,6,6
physics.pop-ph,physics,2019-07,7,7
physics.pop-ph,physics,2019-08,9,9
physics.pop-ph,physics,2019-09,7,7
physics.pop-ph,physics,2019-10,10,10
physics.pop-ph,physics,2019-11,2,2
physics.pop-ph,physics,2019-12,8,8
physics.pop-ph,physics,2020-01,12,12
physics.pop-ph,physics,2020-02,7,7
physics.pop-ph,physics,2020-03,12,12
physics.pop-ph,physics,2020-04,10,10
physics.pop-ph,physics,2020-05,12,12
physics.pop-ph,physics,2020-06,9,9
physics.pop-ph,physics,2020-07,10,10
physics.pop-ph,physics,2020-08,7,7
physics.pop-ph,physics,2020-09,15,15
physics.pop-ph,physics,2020-10,8,8
physics.pop-ph,physics,2020-11,9,9
physics.pop-ph,physics,2020-12,5,5
physics.pop-ph,physics,2021-01,6,6
physics.pop-ph,physics,2021-02,3,3
physics.pop-ph,physics,2021-03,14,14
physics.pop-ph,physics,2021-04,11,11
physics.pop-ph,physics,2021-05,10,10
physics.pop-ph,physics,2021-06,8,8
physics.pop-ph,physics,2021-07,2,2
physics.pop-ph,physics,2021-08,8,8
physics.pop-ph,physics,2021-09,4,4
physics.pop-ph,physics,2021-10,15,15
physics.pop-ph,physics,2021-11,2,2
physics.pop-ph,physics,2021-12,3,3
physics.pop-ph,physics,2022-01,10,10
physics.pop-ph,physics,2022-02,3,3
physics.pop-ph,physics,2022-03,11,11
physics.pop-ph,physics,2022-04,5,5
physics.pop-ph,physics,2022-05,6,6
physics.pop-ph,physics,2022-06,4,4
physics.pop-ph,physics,2022-07,2,2
physics.pop-ph,physics,2022-08,7,7
physics.pop-ph,physics,2022-09,4,4
physics.pop-ph,physics,2022-10,8,8
physics.pop-ph,physics,2022-11,7,7
physics.pop-ph,physics,2022-12,3,3
physics.pop-ph,physics,2023-01,7,7
physics.pop-ph,physics,2023-02,3,3
physics.pop-ph,physics,2023-03,4,4
physics.pop-ph,physics,2023-04,1,1
physics.pop-ph,physics,2023-05,4,4
physics.pop-ph,physics,2023-06,6,6
physics.pop-ph,physics,2023-07,3,3
physics.pop-ph,physics,2023-08,6,6
physics.pop-ph,physics,2023-09,11,11
physics.pop-ph,physics,2023-10,4,4
physics.pop-ph,physics,2023-11,4,4
physics.pop-ph,physics,2023-12,2,2
physics.pop-ph,physics,2024-01,5,5
physics.pop-ph,physics,2024-02,4,4
physics.pop-ph,physics,2024-03,7,7
physics.pop-ph,physics,2024-04,2,2
physics.pop-ph,physics,2024-05,13,13
physics.pop-ph,physics,2024-06,3,3
physics.pop-ph,physics,2024-07,3,3
physics.pop-ph,physics,2024-08,8,8
physics.pop-ph,physics,2024-09,1,1
physics.pop-ph,physics,2024-10,7,7
physics.pop-ph,physics,2024-11,6,6
physics.pop-ph,physics,2024-12,5,5
physics.pop-ph,physics,2025-01,4,4
physics.pop-ph,physics,2025-02,2,2
physics.pop-ph,physics,2025-03,10,10
physics.pop-ph,physics,2025-04,3,3
physics.pop-ph,physics,2025-05,3,3
physics.pop-ph,physics,2025-06,2,2
physics.pop-ph,physics,2025-07,2,2
physics.pop-ph,physics,2025-08,2,2
physics.pop-ph,physics,2025-09,2,2
physics.pop-ph,physics,2025-10,6,6
physics.pop-ph,physics,2025-11,4,4
physics.pop-ph,physics,2025-12,6,6
physics.soc-ph,physics,2018-01,63,50
physics.soc-ph,physics,2018-02,70,50
physics.soc-ph,physics,2018-03,69,50
physics.soc-ph,physics,2018-04,56,50
physics.soc-ph,physics,2018-05,75,50
physics.soc-ph,physics,2018-06,61,50
physics.soc-ph,physics,2018-07,57,50
physics.soc-ph,physics,2018-08,61,50
physics.soc-ph,physics,2018-09,64,50
physics.soc-ph,physics,2018-10,62,50
physics.soc-ph,physics,2018-11,63,50
physics.soc-ph,physics,2018-12,60,50
physics.soc-ph,physics,2019-01,68,50
physics.soc-ph,physics,2019-02,42,42
physics.soc-ph,physics,2019-03,55,50
physics.soc-ph,physics,2019-04,60,50
physics.soc-ph,physics,2019-05,58,50
physics.soc-ph,physics,2019-06,55,50
physics.soc-ph,physics,2019-07,59,50
physics.soc-ph,physics,2019-08,63,50
physics.soc-ph,physics,2019-09,69,50
physics.soc-ph,physics,2019-10,73,50
physics.soc-ph,physics,2019-11,64,50
physics.soc-ph,physics,2019-12,60,50
physics.soc-ph,physics,2020-01,78,50
physics.soc-ph,physics,2020-02,79,50
physics.soc-ph,physics,2020-03,103,50
physics.soc-ph,physics,2020-04,122,50
physics.soc-ph,physics,2020-05,133,50
physics.soc-ph,physics,2020-06,132,50
physics.soc-ph,physics,2020-07,120,50
physics.soc-ph,physics,2020-08,98,50
physics.soc-ph,physics,2020-09,91,50
physics.soc-ph,physics,2020-10,78,50
physics.soc-ph,physics,2020-11,87,50
physics.soc-ph,physics,2020-12,71,50
physics.soc-ph,physics,2021-01,75,50
physics.soc-ph,physics,2021-02,60,50
physics.soc-ph,physics,2021-03,89,50
physics.soc-ph,physics,2021-04,88,50
physics.soc-ph,physics,2021-05,60,50
physics.soc-ph,physics,2021-06,79,50
physics.soc-ph,physics,2021-07,101,50
physics.soc-ph,physics,2021-08,81,50
physics.soc-ph,physics,2021-09,87,50
physics.soc-ph,physics,2021-10,61,50
physics.soc-ph,physics,2021-11,94,50
physics.soc-ph,physics,2021-12,73,50
physics.soc-ph,physics,2022-01,86,50
physics.soc-ph,physics,2022-02,65,50
physics.soc-ph,physics,2022-03,66,50
physics.soc-ph,physics,2022-04,50,50
physics.soc-ph,physics,2022-05,77,50
physics.soc-ph,physics,2022-06,70,50
physics.soc-ph,physics,2022-07,63,50
physics.soc-ph,physics,2022-08,78,50
physics.soc-ph,physics,2022-09,68,50
physics.soc-ph,physics,2022-10,68,50
physics.soc-ph,physics,2022-11,74,50
physics.soc-ph,physics,2022-12,76,50
physics.soc-ph,physics,2023-01,55,50
physics.soc-ph,physics,2023-02,44,44
physics.soc-ph,physics,2023-03,86,50
physics.soc-ph,physics,2023-04,63,50
physics.soc-ph,physics,2023-05,85,50
physics.soc-ph,physics,2023-06,83,50
physics.soc-ph,physics,2023-07,110,50
physics.soc-ph,physics,2023-08,76,50
physics.soc-ph,physics,2023-09,57,50
physics.soc-ph,physics,2023-10,89,50
physics.soc-ph,physics,2023-11,97,50
physics.soc-ph,physics,2023-12,69,50
physics.soc-ph,physics,2024-01,88,50
physics.soc-ph,physics,2024-02,84,50
physics.soc-ph,physics,2024-03,100,50
physics.soc-ph,physics,2024-04,87,50
physics.soc-ph,physics,2024-05,83,50
physics.soc-ph,physics,2024-06,79,50
physics.soc-ph,physics,2024-07,75,50
physics.soc-ph,physics,2024-08,62,50
physics.soc-ph,physics,2024-09,80,50
physics.soc-ph,physics,2024-10,100,50
physics.soc-ph,physics,2024-11,64,50
physics.soc-ph,physics,2024-12,75,50
physics.soc-ph,physics,2025-01,105,50
physics.soc-ph,physics,2025-02,74,50
physics.soc-ph,physics,2025-03,78,50
physics.soc-ph,physics,2025-04,82,50
physics.soc-ph,physics,2025-05,89,50
physics.soc-ph,physics,2025-06,93,50
physics.soc-ph,physics,2025-07,95,50
physics.soc-ph,physics,2025-08,85,50
physics.soc-ph,physics,2025-09,96,50
physics.soc-ph,physics,2025-10,128,50
physics.soc-ph,physics,2025-11,102,50
physics.soc-ph,physics,2025-12,105,50
physics.space-ph,physics,2018-01,16,16
physics.space-ph,physics,2018-02,16,16
physics.space-ph,physics,2018-03,18,18
physics.space-ph,physics,2018-04,14,14
physics.space-ph,physics,2018-05,8,8
physics.space-ph,physics,2018-06,14,14
physics.space-ph,physics,2018-07,20,20
physics.space-ph,physics,2018-08,20,20
physics.space-ph,physics,2018-09,15,15
physics.space-ph,physics,2018-10,13,13
physics.space-ph,physics,2018-11,16,16
physics.space-ph,physics,2018-12,14,14
physics.space-ph,physics,2019-01,23,23
physics.space-ph,physics,2019-02,20,20
physics.space-ph,physics,2019-03,21,21
physics.space-ph,physics,2019-04,18,18
physics.space-ph,physics,2019-05,21,21
physics.space-ph,physics,2019-06,13,13
physics.space-ph,physics,2019-07,17,17
physics.space-ph,physics,2019-08,30,30
physics.space-ph,physics,2019-09,14,14
physics.space-ph,physics,2019-10,18,18
physics.space-ph,physics,2019-11,8,8
physics.space-ph,physics,2019-12,32,32
physics.space-ph,physics,2020-01,16,16
physics.space-ph,physics,2020-02,10,10
physics.space-ph,physics,2020-03,12,12
physics.space-ph,physics,2020-04,20,20
physics.space-ph,physics,2020-05,15,15
physics.space-ph,physics,2020-06,20,20
physics.space-ph,physics,2020-07,13,13
physics.space-ph,physics,2020-08,18,18
physics.space-ph,physics,2020-09,18,18
physics.space-ph,physics,2020-10,16,16
physics.space-ph,physics,2020-11,14,14
physics.space-ph,physics,2020-12,20,20
physics.space-ph,physics,2021-01,12,12
physics.space-ph,physics,2021-02,8,8
physics.space-ph,physics,2021-03,14,14
physics.space-ph,physics,2021-04,11,11
physics.space-ph,physics,2021-05,15,15
physics.space-ph,physics,2021-06,9,9
physics.space-ph,physics,2021-07,17,17
physics.space-ph,physics,2021-08,21,21
physics.space-ph,physics,2021-09,11,11
physics.space-ph,physics,2021-10,10,10
physics.space-ph,physics,2021-11,12,12
physics.space-ph,physics,2021-12,17,17
physics.space-ph,physics,2022-01,18,18
physics.space-ph,physics,2022-02,9,9
physics.space-ph,physics,2022-03,14,14
physics.space-ph,physics,2022-04,9,9
physics.space-ph,physics,2022-05,18,18
physics.space-ph,physics,2022-06,12,12
physics.space-ph,physics,2022-07,10,10
physics.space-ph,physics,2022-08,15,15
physics.space-ph,physics,2022-09,18,18
physics.space-ph,physics,2022-10,17,17
physics.space-ph,physics,2022-11,16,16
physics.space-ph,physics,2022-12,6,6
physics.space-ph,physics,2023-01,10,10
physics.space-ph,physics,2023-02,14,14
physics.space-ph,physics,2023-03,21,21
physics.space-ph,physics,2023-04,9,9
physics.space-ph,physics,2023-05,17,17
physics.space-ph,physics,2023-06,8,8
physics.space-ph,physics,2023-07,17,17
physics.space-ph,physics,2023-08,11,11
physics.space-ph,physics,2023-09,13,13
physics.space-ph,physics,2023-10,9,9
physics.space-ph,physics,2023-11,9,9
physics.space-ph,physics,2023-12,13,13
physics.space-ph,physics,2024-01,10,10
physics.space-ph,physics,2024-02,17,17
physics.space-ph,physics,2024-03,15,15
physics.space-ph,physics,2024-04,9,9
physics.space-ph,physics,2024-05,14,14
physics.space-ph,physics,2024-06,18,18
physics.space-ph,physics,2024-07,12,12
physics.space-ph,physics,2024-08,16,16
physics.space-ph,physics,2024-09,21,21
physics.space-ph,physics,2024-10,19,19
physics.space-ph,physics,2024-11,14,14
physics.space-ph,physics,2024-12,16,16
physics.space-ph,physics,2025-01,11,11
physics.space-ph,physics,2025-02,17,17
physics.space-ph,physics,2025-03,11,11
physics.space-ph,physics,2025-04,12,12
physics.space-ph,physics,2025-05,20,20
physics.space-ph,physics,2025-06,15,15
physics.space-ph,physics,2025-07,15,15
physics.space-ph,physics,2025-08,12,12
physics.space-ph,physics,2025-09,14,14
physics.space-ph,physics,2025-10,7,7
physics.space-ph,physics,2025-11,14,14
physics.space-ph,physics,2025-12,19,19
q-bio.BM,q-bio,2018-01,7,7
q-bio.BM,q-bio,2018-02,14,14
q-bio.BM,q-bio,2018-03,11,11
q-bio.BM,q-bio,2018-04,4,4
q-bio.BM,q-bio,2018-05,4,4
q-bio.BM,q-bio,2018-06,11,11
q-bio.BM,q-bio,2018-07,9,9
q-bio.BM,q-bio,2018-08,11,11
q-bio.BM,q-bio,2018-09,13,13
q-bio.BM,q-bio,2018-10,6,6
q-bio.BM,q-bio,2018-11,10,10
q-bio.BM,q-bio,2018-12,10,10
q-bio.BM,q-bio,2019-01,6,6
q-bio.BM,q-bio,2019-02,12,12
q-bio.BM,q-bio,2019-03,11,11
q-bio.BM,q-bio,2019-04,11,11
q-bio.BM,q-bio,2019-05,9,9
q-bio.BM,q-bio,2019-06,17,17
q-bio.BM,q-bio,2019-07,12,12
q-bio.BM,q-bio,2019-08,10,10
q-bio.BM,q-bio,2019-09,10,10
q-bio.BM,q-bio,2019-10,13,13
q-bio.BM,q-bio,2019-11,21,21
q-bio.BM,q-bio,2019-12,18,18
q-bio.BM,q-bio,2020-01,15,15
q-bio.BM,q-bio,2020-02,16,16
q-bio.BM,q-bio,2020-03,16,16
q-bio.BM,q-bio,2020-04,25,25
q-bio.BM,q-bio,2020-05,30,30
q-bio.BM,q-bio,2020-06,16,16
q-bio.BM,q-bio,2020-07,19,19
q-bio.BM,q-bio,2020-08,16,16
q-bio.BM,q-bio,2020-09,20,20
q-bio.BM,q-bio,2020-10,17,17
q-bio.BM,q-bio,2020-11,15,15
q-bio.BM,q-bio,2020-12,18,18
q-bio.BM,q-bio,2021-01,11,11
q-bio.BM,q-bio,2021-02,16,16
q-bio.BM,q-bio,2021-03,15,15
q-bio.BM,q-bio,2021-04,12,12
q-bio.BM,q-bio,2021-05,16,16
q-bio.BM,q-bio,2021-06,12,12
q-bio.BM,q-bio,2021-07,13,13
q-bio.BM,q-bio,2021-08,13,13
q-bio.BM,q-bio,2021-09,13,13
q-bio.BM,q-bio,2021-10,10,10
q-bio.BM,q-bio,2021-11,19,19
q-bio.BM,q-bio,2021-12,7,7
q-bio.BM,q-bio,2022-01,17,17
q-bio.BM,q-bio,2022-02,15,15
q-bio.BM,q-bio,2022-03,13,13
q-bio.BM,q-bio,2022-04,21,21
q-bio.BM,q-bio,2022-05,10,10
q-bio.BM,q-bio,2022-06,14,14
q-bio.BM,q-bio,2022-07,13,13
q-bio.BM,q-bio,2022-08,14,14
q-bio.BM,q-bio,2022-09,18,18
q-bio.BM,q-bio,2022-10,23,23
q-bio.BM,q-bio,2022-11,17,17
q-bio.BM,q-bio,2022-12,20,20
q-bio.BM,q-bio,2023-01,15,15
q-bio.BM,q-bio,2023-02,18,18
q-bio.BM,q-bio,2023-03,24,24
q-bio.BM,q-bio,2023-04,14,14
q-bio.BM,q-bio,2023-05,34,34
q-bio.BM,q-bio,2023-06,19,19
q-bio.BM,q-bio,2023-07,28,28
q-bio.BM,q-bio,2023-08,28,28
q-bio.BM,q-bio,2023-09,19,19
q-bio.BM,q-bio,2023-10,30,30
q-bio.BM,q-bio,2023-11,36,36
q-bio.BM,q-bio,2023-12,19,19
q-bio.BM,q-bio,2024-01,33,33
q-bio.BM,q-bio,2024-02,33,33
q-bio.BM,q-bio,2024-03,34,34
q-bio.BM,q-bio,2024-04,20,20
q-bio.BM,q-bio,2024-05,39,39
q-bio.BM,q-bio,2024-06,21,21
q-bio.BM,q-bio,2024-07,36,36
q-bio.BM,q-bio,2024-08,18,18
q-bio.BM,q-bio,2024-09,29,29
q-bio.BM,q-bio,2024-10,33,33
q-bio.BM,q-bio,2024-11,34,34
q-bio.BM,q-bio,2024-12,33,33
q-bio.BM,q-bio,2025-01,17,17
q-bio.BM,q-bio,2025-02,25,25
q-bio.BM,q-bio,2025-03,32,32
q-bio.BM,q-bio,2025-04,21,21
q-bio.BM,q-bio,2025-05,30,30
q-bio.BM,q-bio,2025-06,41,41
q-bio.BM,q-bio,2025-07,34,34
q-bio.BM,q-bio,2025-08,27,27
q-bio.BM,q-bio,2025-09,22,22
q-bio.BM,q-bio,2025-10,28,28
q-bio.BM,q-bio,2025-11,27,27
q-bio.BM,q-bio,2025-12,25,25
q-bio.CB,q-bio,2018-01,5,5
q-bio.CB,q-bio,2018-02,3,3
q-bio.CB,q-bio,2018-03,8,8
q-bio.CB,q-bio,2018-04,8,8
q-bio.CB,q-bio,2018-05,6,6
q-bio.CB,q-bio,2018-06,7,7
q-bio.CB,q-bio,2018-07,6,6
q-bio.CB,q-bio,2018-08,6,6
q-bio.CB,q-bio,2018-09,5,5
q-bio.CB,q-bio,2018-10,8,8
q-bio.CB,q-bio,2018-11,4,4
q-bio.CB,q-bio,2018-12,7,7
q-bio.CB,q-bio,2019-01,11,11
q-bio.CB,q-bio,2019-02,3,3
q-bio.CB,q-bio,2019-03,9,9
q-bio.CB,q-bio,2019-04,10,10
q-bio.CB,q-bio,2019-05,6,6
q-bio.CB,q-bio,2019-06,6,6
q-bio.CB,q-bio,2019-07,5,5
q-bio.CB,q-bio,2019-08,8,8
q-bio.CB,q-bio,2019-09,6,6
q-bio.CB,q-bio,2019-10,2,2
q-bio.CB,q-bio,2019-11,6,6
q-bio.CB,q-bio,2019-12,3,3
q-bio.CB,q-bio,2020-01,3,3
q-bio.CB,q-bio,2020-02,5,5
q-bio.CB,q-bio,2020-03,5,5
q-bio.CB,q-bio,2020-04,9,9
q-bio.CB,q-bio,2020-05,9,9
q-bio.CB,q-bio,2020-06,4,4
q-bio.CB,q-bio,2020-07,7,7
q-bio.CB,q-bio,2020-08,5,5
q-bio.CB,q-bio,2020-09,4,4
q-bio.CB,q-bio,2020-10,7,7
q-bio.CB,q-bio,2020-11,4,4
q-bio.CB,q-bio,2020-12,2,2
q-bio.CB,q-bio,2021-01,4,4
q-bio.CB,q-bio,2021-02,4,4
q-bio.CB,q-bio,2021-03,3,3
q-bio.CB,q-bio,2021-04,6,6
q-bio.CB,q-bio,2021-05,5,5
q-bio.CB,q-bio,2021-06,3,3
q-bio.CB,q-bio,2021-07,6,6
q-bio.CB,q-bio,2021-09,7,7
q-bio.CB,q-bio,2021-10,4,4
q-bio.CB,q-bio,2021-11,3,3
q-bio.CB,q-bio,2021-12,4,4
q-bio.CB,q-bio,2022-01,4,4
q-bio.CB,q-bio,2022-02,5,5
q-bio.CB,q-bio,2022-03,5,5
q-bio.CB,q-bio,2022-04,2,2
q-bio.CB,q-bio,2022-05,5,5
q-bio.CB,q-bio,2022-06,1,1
q-bio.CB,q-bio,2022-07,2,2
q-bio.CB,q-bio,2022-08,7,7
q-bio.CB,q-bio,2022-09,2,2
q-bio.CB,q-bio,2022-10,1,1
q-bio.CB,q-bio,2022-11,4,4
q-bio.CB,q-bio,2022-12,5,5
q-bio.CB,q-bio,2023-01,6,6
q-bio.CB,q-bio,2023-02,4,4
q-bio.CB,q-bio,2023-03,3,3
q-bio.CB,q-bio,2023-04,2,2
q-bio.CB,q-bio,2023-06,8,8
q-bio.CB,q-bio,2023-07,5,5
q-bio.CB,q-bio,2023-08,2,2
q-bio.CB,q-bio,2023-09,4,4
q-bio.CB,q-bio,2023-10,4,4
q-bio.CB,q-bio,2023-11,2,2
q-bio.CB,q-bio,2023-12,2,2
q-bio.CB,q-bio,2024-01,7,7
q-bio.CB,q-bio,2024-02,2,2
q-bio.CB,q-bio,2024-03,4,4
q-bio.CB,q-bio,2024-04,10,10
q-bio.CB,q-bio,2024-05,6,6
q-bio.CB,q-bio,2024-06,5,5
q-bio.CB,q-bio,2024-07,5,5
q-bio.CB,q-bio,2024-08,2,2
q-bio.CB,q-bio,2024-09,4,4
q-bio.CB,q-bio,2024-10,5,5
q-bio.CB,q-bio,2024-11,4,4
q-bio.CB,q-bio,2024-12,5,5
q-bio.CB,q-bio,2025-01,5,5
q-bio.CB,q-bio,2025-02,3,3
q-bio.CB,q-bio,2025-03,4,4
q-bio.CB,q-bio,2025-04,7,7
q-bio.CB,q-bio,2025-05,3,3
q-bio.CB,q-bio,2025-06,6,6
q-bio.CB,q-bio,2025-07,2,2
q-bio.CB,q-bio,2025-08,3,3
q-bio.CB,q-bio,2025-09,6,6
q-bio.CB,q-bio,2025-10,5,5
q-bio.CB,q-bio,2025-11,6,6
q-bio.CB,q-bio,2025-12,2,2
q-bio.GN,q-bio,2018-01,6,6
q-bio.GN,q-bio,2018-02,5,5
q-bio.GN,q-bio,2018-03,4,4
q-bio.GN,q-bio,2018-04,7,7
q-bio.GN,q-bio,2018-05,10,10
q-bio.GN,q-bio,2018-06,7,7
q-bio.GN,q-bio,2018-07,6,6
q-bio.GN,q-bio,2018-08,6,6
q-bio.GN,q-bio,2018-09,10,10
q-bio.GN,q-bio,2018-10,8,8
q-bio.GN,q-bio,2018-11,13,13
q-bio.GN,q-bio,2018-12,4,4
q-bio.GN,q-bio,2019-01,7,7
q-bio.GN,q-bio,2019-02,6,6
q-bio.GN,q-bio,2019-03,3,3
q-bio.GN,q-bio,2019-04,6,6
q-bio.GN,q-bio,2019-05,9,9
q-bio.GN,q-bio,2019-06,6,6
q-bio.GN,q-bio,2019-07,5,5
q-bio.GN,q-bio,2019-08,6,6
q-bio.GN,q-bio,2019-09,11,11
q-bio.GN,q-bio,2019-10,14,14
q-bio.GN,q-bio,2019-11,19,19
q-bio.GN,q-bio,2019-12,8,8
q-bio.GN,q-bio,2020-01,6,6
q-bio.GN,q-bio,2020-02,6,6
q-bio.GN,q-bio,2020-03,13,13
q-bio.GN,q-bio,2020-04,12,12
q-bio.GN,q-bio,2020-05,10,10
q-bio.GN,q-bio,2020-06,11,11
q-bio.GN,q-bio,2020-07,10,10
q-bio.GN,q-bio,2020-08,8,8
q-bio.GN,q-bio,2020-09,6,6
q-bio.GN,q-bio,2020-10,10,10
q-bio.GN,q-bio,2020-11,13,13
q-bio.GN,q-bio,2020-12,8,8
q-bio.GN,q-bio,2021-01,18,18
q-bio.GN,q-bio,2021-02,13,13
q-bio.GN,q-bio,2021-03,7,7
q-bio.GN,q-bio,2021-04,7,7
q-bio.GN,q-bio,2021-05,11,11
q-bio.GN,q-bio,2021-06,11,11
q-bio.GN,q-bio,2021-07,14,14
q-bio.GN,q-bio,2021-08,6,6
q-bio.GN,q-bio,2021-09,9,9
q-bio.GN,q-bio,2021-10,8,8
q-bio.GN,q-bio,2021-11,11,11
q-bio.GN,q-bio,2021-12,18,18
q-bio.GN,q-bio,2022-01,10,10
q-bio.GN,q-bio,2022-02,6,6
q-bio.GN,q-bio,2022-03,5,5
q-bio.GN,q-bio,2022-04,5,5
q-bio.GN,q-bio,2022-05,8,8
q-bio.GN,q-bio,2022-06,7,7
q-bio.GN,q-bio,2022-07,8,8
q-bio.GN,q-bio,2022-08,7,7
q-bio.GN,q-bio,2022-09,9,9
q-bio.GN,q-bio,2022-10,13,13
q-bio.GN,q-bio,2022-11,10,10
q-bio.GN,q-bio,2022-12,11,11
q-bio.GN,q-bio,2023-01,14,14
q-bio.GN,q-bio,2023-02,12,12
q-bio.GN,q-bio,2023-03,16,16
q-bio.GN,q-bio,2023-04,11,11
q-bio.GN,q-bio,2023-05,13,13
q-bio.GN,q-bio,2023-06,11,11
q-bio.GN,q-bio,2023-07,8,8
q-bio.GN,q-bio,2023-08,10,10
q-bio.GN,q-bio,2023-09,10,10
q-bio.GN,q-bio,2023-10,8,8
q-bio.GN,q-bio,2023-11,22,22
q-bio.GN,q-bio,2023-12,10,10
q-bio.GN,q-bio,2024-01,9,9
q-bio.GN,q-bio,2024-02,20,20
q-bio.GN,q-bio,2024-03,13,13
q-bio.GN,q-bio,2024-04,4,4
q-bio.GN,q-bio,2024-05,13,13
q-bio.GN,q-bio,2024-06,9,9
q-bio.GN,q-bio,2024-07,16,16
q-bio.GN,q-bio,2024-08,15,15
q-bio.GN,q-bio,2024-09,18,18
q-bio.GN,q-bio,2024-10,21,21
q-bio.GN,q-bio,2024-11,23,23
q-bio.GN,q-bio,2024-12,19,19
q-bio.GN,q-bio,2025-01,17,17
q-bio.GN,q-bio,2025-02,12,12
q-bio.GN,q-bio,2025-03,14,14
q-bio.GN,q-bio,2025-04,14,14
q-bio.GN,q-bio,2025-05,20,20
q-bio.GN,q-bio,2025-06,25,25
q-bio.GN,q-bio,2025-07,18,18
q-bio.GN,q-bio,2025-08,18,18
q-bio.GN,q-bio,2025-09,23,23
q-bio.GN,q-bio,2025-10,18,18
q-bio.GN,q-bio,2025-11,22,22
q-bio.GN,q-bio,2025-12,13,13
q-bio.MN,q-bio,2018-01,11,11
q-bio.MN,q-bio,2018-02,12,12
q-bio.MN,q-bio,2018-03,13,13
q-bio.MN,q-bio,2018-04,7,7
q-bio.MN,q-bio,2018-05,13,13
q-bio.MN,q-bio,2018-06,4,4
q-bio.MN,q-bio,2018-07,9,9
q-bio.MN,q-bio,2018-08,11,11
q-bio.MN,q-bio,2018-09,7,7
q-bio.MN,q-bio,2018-10,14,14
q-bio.MN,q-bio,2018-11,11,11
q-bio.MN,q-bio,2018-12,8,8
q-bio.MN,q-bio,2019-01,6,6
q-bio.MN,q-bio,2019-02,16,16
q-bio.MN,q-bio,2019-03,10,10
q-bio.MN,q-bio,2019-04,7,7
q-bio.MN,q-bio,2019-05,7,7
q-bio.MN,q-bio,2019-06,10,10
q-bio.MN,q-bio,2019-07,8,8
q-bio.MN,q-bio,2019-08,8,8
q-bio.MN,q-bio,2019-09,10,10
q-bio.MN,q-bio,2019-10,13,13
q-bio.MN,q-bio,2019-11,11,11
q-bio.MN,q-bio,2019-12,8,8
q-bio.MN,q-bio,2020-01,12,12
q-bio.MN,q-bio,2020-02,10,10
q-bio.MN,q-bio,2020-03,15,15
q-bio.MN,q-bio,2020-04,12,12
q-bio.MN,q-bio,2020-05,14,14
q-bio.MN,q-bio,2020-06,11,11
q-bio.MN,q-bio,2020-07,10,10
q-bio.MN,q-bio,2020-08,4,4
q-bio.MN,q-bio,2020-09,13,13
q-bio.MN,q-bio,2020-10,12,12
q-bio.MN,q-bio,2020-11,8,8
q-bio.MN,q-bio,2020-12,8,8
q-bio.MN,q-bio,2021-01,8,8
q-bio.MN,q-bio,2021-02,8,8
q-bio.MN,q-bio,2021-03,11,11
q-bio.MN,q-bio,2021-04,11,11
q-bio.MN,q-bio,2021-05,11,11
q-bio.MN,q-bio,2021-06,13,13
q-bio.MN,q-bio,2021-07,12,12
q-bio.MN,q-bio,2021-08,6,6
q-bio.MN,q-bio,2021-09,12,12
q-bio.MN,q-bio,2021-10,5,5
q-bio.MN,q-bio,2021-11,5,5
q-bio.MN,q-bio,2021-12,5,5
q-bio.MN,q-bio,2022-01,7,7
q-bio.MN,q-bio,2022-02,7,7
q-bio.MN,q-bio,2022-03,8,8
q-bio.MN,q-bio,2022-04,8,8
q-bio.MN,q-bio,2022-05,8,8
q-bio.MN,q-bio,2022-06,7,7
q-bio.MN,q-bio,2022-07,6,6
q-bio.MN,q-bio,2022-08,8,8
q-bio.MN,q-bio,2022-09,5,5
q-bio.MN,q-bio,2022-10,5,5
q-bio.MN,q-bio,2022-11,6,6
q-bio.MN,q-bio,2022-12,8,8
q-bio.MN,q-bio,2023-01,12,12
q-bio.MN,q-bio,2023-02,14,14
q-bio.MN,q-bio,2023-03,10,10
q-bio.MN,q-bio,2023-04,11,11
q-bio.MN,q-bio,2023-05,12,12
q-bio.MN,q-bio,2023-06,6,6
q-bio.MN,q-bio,2023-07,8,8
q-bio.MN,q-bio,2023-08,12,12
q-bio.MN,q-bio,2023-09,12,12
q-bio.MN,q-bio,2023-10,8,8
q-bio.MN,q-bio,2023-11,5,5
q-bio.MN,q-bio,2023-12,12,12
q-bio.MN,q-bio,2024-01,17,17
q-bio.MN,q-bio,2024-02,10,10
q-bio.MN,q-bio,2024-03,9,9
q-bio.MN,q-bio,2024-04,6,6
q-bio.MN,q-bio,2024-05,12,12
q-bio.MN,q-bio,2024-06,8,8
q-bio.MN,q-bio,2024-07,5,5
q-bio.MN,q-bio,2024-08,10,10
q-bio.MN,q-bio,2024-09,10,10
q-bio.MN,q-bio,2024-10,13,13
q-bio.MN,q-bio,2024-11,7,7
q-bio.MN,q-bio,2024-12,8,8
q-bio.MN,q-bio,2025-01,7,7
q-bio.MN,q-bio,2025-02,7,7
q-bio.MN,q-bio,2025-03,14,14
q-bio.MN,q-bio,2025-04,9,9
q-bio.MN,q-bio,2025-05,12,12
q-bio.MN,q-bio,2025-06,12,12
q-bio.MN,q-bio,2025-07,11,11
q-bio.MN,q-bio,2025-08,14,14
q-bio.MN,q-bio,2025-09,16,16
q-bio.MN,q-bio,2025-10,3,3
q-bio.MN,q-bio,2025-11,12,12
q-bio.MN,q-bio,2025-12,23,23
q-bio.NC,q-bio,2018-01,51,50
q-bio.NC,q-bio,2018-02,31,31
q-bio.NC,q-bio,2018-03,39,39
q-bio.NC,q-bio,2018-04,39,39
q-bio.NC,q-bio,2018-05,48,48
q-bio.NC,q-bio,2018-06,38,38
q-bio.NC,q-bio,2018-07,45,45
q-bio.NC,q-bio,2018-08,30,30
q-bio.NC,q-bio,2018-09,40,40
q-bio.NC,q-bio,2018-10,37,37
q-bio.NC,q-bio,2018-11,43,43
q-bio.NC,q-bio,2018-12,43,43
q-bio.NC,q-bio,2019-01,27,27
q-bio.NC,q-bio,2019-02,47,47
q-bio.NC,q-bio,2019-03,42,42
q-bio.NC,q-bio,2019-04,41,41
q-bio.NC,q-bio,2019-05,41,41
q-bio.NC,q-bio,2019-06,48,48
q-bio.NC,q-bio,2019-07,48,48
q-bio.NC,q-bio,2019-08,34,34
q-bio.NC,q-bio,2019-09,36,36
q-bio.NC,q-bio,2019-10,31,31
q-bio.NC,q-bio,2019-11,42,42
q-bio.NC,q-bio,2019-12,35,35
q-bio.NC,q-bio,2020-01,40,40
q-bio.NC,q-bio,2020-02,42,42
q-bio.NC,q-bio,2020-03,42,42
q-bio.NC,q-bio,2020-04,37,37
q-bio.NC,q-bio,2020-05,41,41
q-bio.NC,q-bio,2020-06,63,50
q-bio.NC,q-bio,2020-07,46,46
q-bio.NC,q-bio,2020-08,38,38
q-bio.NC,q-bio,2020-09,40,40
q-bio.NC,q-bio,2020-10,47,47
q-bio.NC,q-bio,2020-11,47,47
q-bio.NC,q-bio,2020-12,39,39
q-bio.NC,q-bio,2021-01,27,27
q-bio.NC,q-bio,2021-02,37,37
q-bio.NC,q-bio,2021-03,48,48
q-bio.NC,q-bio,2021-04,39,39
q-bio.NC,q-bio,2021-05,31,31
q-bio.NC,q-bio,2021-06,52,50
q-bio.NC,q-bio,2021-07,33,33
q-bio.NC,q-bio,2021-08,34,34
q-bio.NC,q-bio,2021-09,41,41
q-bio.NC,q-bio,2021-10,50,50
q-bio.NC,q-bio,2021-11,40,40
q-bio.NC,q-bio,2021-12,50,50
q-bio.NC,q-bio,2022-01,39,39
q-bio.NC,q-bio,2022-02,36,36
q-bio.NC,q-bio,2022-03,37,37
q-bio.NC,q-bio,2022-04,42,42
q-bio.NC,q-bio,2022-05,50,50
q-bio.NC,q-bio,2022-06,46,46
q-bio.NC,q-bio,2022-07,38,38
q-bio.NC,q-bio,2022-08,45,45
q-bio.NC,q-bio,2022-09,43,43
q-bio.NC,q-bio,2022-10,55,50
q-bio.NC,q-bio,2022-11,59,50
q-bio.NC,q-bio,2022-12,47,47
q-bio.NC,q-bio,2023-01,50,50
q-bio.NC,q-bio,2023-02,32,32
q-bio.NC,q-bio,2023-03,37,37
q-bio.NC,q-bio,2023-04,41,41
q-bio.NC,q-bio,2023-05,62,50
q-bio.NC,q-bio,2023-06,47,47
q-bio.NC,q-bio,2023-07,42,42
q-bio.NC,q-bio,2023-08,36,36
q-bio.NC,q-bio,2023-09,54,50
q-bio.NC,q-bio,2023-10,58,50
q-bio.NC,q-bio,2023-11,62,50
q-bio.NC,q-bio,2023-12,40,40
q-bio.NC,q-bio,2024-01,49,49
q-bio.NC,q-bio,2024-02,49,49
q-bio.NC,q-bio,2024-03,47,47
q-bio.NC,q-bio,2024-04,52,50
q-bio.NC,q-bio,2024-05,69,50
q-bio.NC,q-bio,2024-06,53,50
q-bio.NC,q-bio,2024-07,76,50
q-bio.NC,q-bio,2024-08,59,50
q-bio.NC,q-bio,2024-09,61,50
q-bio.NC,q-bio,2024-10,82,50
q-bio.NC,q-bio,2024-11,54,50
q-bio.NC,q-bio,2024-12,64,50
q-bio.NC,q-bio,2025-01,48,48
q-bio.NC,q-bio,2025-02,78,50
q-bio.NC,q-bio,2025-03,58,50
q-bio.NC,q-bio,2025-04,57,50
q-bio.NC,q-bio,2025-05,76,50
q-bio.NC,q-bio,2025-06,89,50
q-bio.NC,q-bio,2025-07,78,50
q-bio.NC,q-bio,2025-08,73,50
q-bio.NC,q-bio,2025-09,92,50
q-bio.NC,q-bio,2025-10,111,50
q-bio.NC,q-bio,2025-11,78,50
q-bio.NC,q-bio,2025-12,90,50
q-bio.OT,q-bio,2018-01,4,4
q-bio.OT,q-bio,2018-02,5,5
q-bio.OT,q-bio,2018-03,5,5
q-bio.OT,q-bio,2018-04,5,5
q-bio.OT,q-bio,2018-05,5,5
q-bio.OT,q-bio,2018-06,5,5
q-bio.OT,q-bio,2018-07,7,7
q-bio.OT,q-bio,2018-08,3,3
q-bio.OT,q-bio,2018-09,2,2
q-bio.OT,q-bio,2018-10,6,6
q-bio.OT,q-bio,2018-11,3,3
q-bio.OT,q-bio,2018-12,3,3
q-bio.OT,q-bio,2019-01,3,3
q-bio.OT,q-bio,2019-02,6,6
q-bio.OT,q-bio,2019-03,3,3
q-bio.OT,q-bio,2019-04,3,3
q-bio.OT,q-bio,2019-05,4,4
q-bio.OT,q-bio,2019-06,2,2
q-bio.OT,q-bio,2019-07,2,2
q-bio.OT,q-bio,2019-08,4,4
q-bio.OT,q-bio,2019-09,5,5
q-bio.OT,q-bio,2019-10,3,3
q-bio.OT,q-bio,2019-11,6,6
q-bio.OT,q-bio,2019-12,8,8
q-bio.OT,q-bio,2020-01,4,4
q-bio.OT,q-bio,2020-02,5,5
q-bio.OT,q-bio,2020-03,8,8
q-bio.OT,q-bio,2020-04,9,9
q-bio.OT,q-bio,2020-05,11,11
q-bio.OT,q-bio,2020-06,13,13
q-bio.OT,q-bio,2020-07,9,9
q-bio.OT,q-bio,2020-08,11,11
q-bio.OT,q-bio,2020-09,5,5
q-bio.OT,q-bio,2020-10,5,5
q-bio.OT,q-bio,2020-11,13,13
q-bio.OT,q-bio,2020-12,6,6
q-bio.OT,q-bio,2021-01,7,7
q-bio.OT,q-bio,2021-02,4,4
q-bio.OT,q-bio,2021-03,3,3
q-bio.OT,q-bio,2021-04,2,2
q-bio.OT,q-bio,2021-05,6,6
q-bio.OT,q-bio,2021-06,4,4
q-bio.OT,q-bio,2021-07,8,8
q-bio.OT,q-bio,2021-08,5,5
q-bio.OT,q-bio,2021-09,4,4
q-bio.OT,q-bio,2021-10,4,4
q-bio.OT,q-bio,2021-11,5,5
q-bio.OT,q-bio,2021-12,11,11
q-bio.OT,q-bio,2022-01,9,9
q-bio.OT,q-bio,2022-02,4,4
q-bio.OT,q-bio,2022-03,4,4
q-bio.OT,q-bio,2022-04,7,7
q-bio.OT,q-bio,2022-05,2,2
q-bio.OT,q-bio,2022-07,3,3
q-bio.OT,q-bio,2022-08,6,6
q-bio.OT,q-bio,2022-09,3,3
q-bio.OT,q-bio,2022-10,3,3
q-bio.OT,q-bio,2022-11,1,1
q-bio.OT,q-bio,2022-12,3,3
q-bio.OT,q-bio,2023-01,4,4
q-bio.OT,q-bio,2023-02,7,7
q-bio.OT,q-bio,2023-03,7,7
q-bio.OT,q-bio,2023-04,5,5
q-bio.OT,q-bio,2023-05,4,4
q-bio.OT,q-bio,2023-06,8,8
q-bio.OT,q-bio,2023-07,11,11
q-bio.OT,q-bio,2023-08,5,5
q-bio.OT,q-bio,2023-09,11,11
q-bio.OT,q-bio,2023-10,9,9
q-bio.OT,q-bio,2023-11,8,8
q-bio.OT,q-bio,2023-12,3,3
q-bio.OT,q-bio,2024-01,8,8
q-bio.OT,q-bio,2024-02,11,11
q-bio.OT,q-bio,2024-03,9,9
q-bio.OT,q-bio,2024-04,8,8
q-bio.OT,q-bio,2024-05,12,12
q-bio.OT,q-bio,2024-06,7,7
q-bio.OT,q-bio,2024-07,15,15
q-bio.OT,q-bio,2024-08,13,13
q-bio.OT,q-bio,2024-09,10,10
q-bio.OT,q-bio,2024-10,3,3
q-bio.OT,q-bio,2024-11,7,7
q-bio.OT,q-bio,2024-12,5,5
q-bio.OT,q-bio,2025-01,11,11
q-bio.OT,q-bio,2025-02,12,12
q-bio.OT,q-bio,2025-03,10,10
q-bio.OT,q-bio,2025-04,6,6
q-bio.OT,q-bio,2025-05,10,10
q-bio.OT,q-bio,2025-06,8,8
q-bio.OT,q-bio,2025-07,14,14
q-bio.OT,q-bio,2025-08,12,12
q-bio.OT,q-bio,2025-09,9,9
q-bio.OT,q-bio,2025-10,20,20
q-bio.OT,q-bio,2025-11,15,15
q-bio.OT,q-bio,2025-12,21,21
q-bio.PE,q-bio,2018-01,26,26
q-bio.PE,q-bio,2018-02,32,32
q-bio.PE,q-bio,2018-03,42,42
q-bio.PE,q-bio,2018-04,33,33
q-bio.PE,q-bio,2018-05,26,26
q-bio.PE,q-bio,2018-06,40,40
q-bio.PE,q-bio,2018-07,23,23
q-bio.PE,q-bio,2018-08,32,32
q-bio.PE,q-bio,2018-09,29,29
q-bio.PE,q-bio,2018-10,42,42
q-bio.PE,q-bio,2018-11,30,30
q-bio.PE,q-bio,2018-12,31,31
q-bio.PE,q-bio,2019-01,29,29
q-bio.PE,q-bio,2019-02,31,31
q-bio.PE,q-bio,2019-03,35,35
q-bio.PE,q-bio,2019-04,29,29
q-bio.PE,q-bio,2019-05,25,25
q-bio.PE,q-bio,2019-06,28,28
q-bio.PE,q-bio,2019-07,36,36
q-bio.PE,q-bio,2019-08,41,41
q-bio.PE,q-bio,2019-09,29,29
q-bio.PE,q-bio,2019-10,39,39
q-bio.PE,q-bio,2019-11,36,36
q-bio.PE,q-bio,2019-12,31,31
q-bio.PE,q-bio,2020-01,30,30
q-bio.PE,q-bio,2020-02,43,43
q-bio.PE,q-bio,2020-03,117,50
q-bio.PE,q-bio,2020-04,196,50
q-bio.PE,q-bio,2020-05,120,50
q-bio.PE,q-bio,2020-06,101,50
q-bio.PE,q-bio,2020-07,98,50
q-bio.PE,q-bio,2020-08,68,50
q-bio.PE,q-bio,2020-09,54,50
q-bio.PE,q-bio,2020-10,54,50
q-bio.PE,q-bio,2020-11,56,50
q-bio.PE,q-bio,2020-12,61,50
q-bio.PE,q-bio,2021-01,40,40
q-bio.PE,q-bio,2021-02,52,50
q-bio.PE,q-bio,2021-03,60,50
q-bio.PE,q-bio,2021-04,41,41
q-bio.PE,q-bio,2021-05,38,38
q-bio.PE,q-bio,2021-06,37,37
q-bio.PE,q-bio,2021-07,43,43
q-bio.PE,q-bio,2021-08,33,33
q-bio.PE,q-bio,2021-09,52,50
q-bio.PE,q-bio,2021-10,42,42
q-bio.PE,q-bio,2021-11,60,50
q-bio.PE,q-bio,2021-12,46,46
q-bio.PE,q-bio,2022-01,36,36
q-bio.PE,q-bio,2022-02,56,50
q-bio.PE,q-bio,2022-03,26,26
q-bio.PE,q-bio,2022-04,23,23
q-bio.PE,q-bio,2022-05,41,41
q-bio.PE,q-bio,2022-06,28,28
q-bio.PE,q-bio,2022-07,39,39
q-bio.PE,q-bio,2022-08,35,35
q-bio.PE,q-bio,2022-09,33,33
q-bio.PE,q-bio,2022-10,35,35
q-bio.PE,q-bio,2022-11,39,39
q-bio.PE,q-bio,2022-12,32,32
q-bio.PE,q-bio,2023-01,43,43
q-bio.PE,q-bio,2023-02,30,30
q-bio.PE,q-bio,2023-03,50,50
q-bio.PE,q-bio,2023-04,41,41
q-bio.PE,q-bio,2023-05,37,37
q-bio.PE,q-bio,2023-06,45,45
q-bio.PE,q-bio,2023-07,33,33
q-bio.PE,q-bio,2023-08,27,27
q-bio.PE,q-bio,2023-09,40,40
q-bio.PE,q-bio,2023-10,44,44
q-bio.PE,q-bio,2023-11,47,47
q-bio.PE,q-bio,2023-12,30,30
q-bio.PE,q-bio,2024-01,37,37
q-bio.PE,q-bio,2024-02,30,30
q-bio.PE,q-bio,2024-03,30,30
q-bio.PE,q-bio,2024-04,36,36
q-bio.PE,q-bio,2024-05,43,43
q-bio.PE,q-bio,2024-06,25,25
q-bio.PE,q-bio,2024-07,33,33
q-bio.PE,q-bio,2024-08,33,33
q-bio.PE,q-bio,2024-09,55,50
q-bio.PE,q-bio,2024-10,56,50
q-bio.PE,q-bio,2024-11,59,50
q-bio.PE,q-bio,2024-12,47,47
q-bio.PE,q-bio,2025-01,36,36
q-bio.PE,q-bio,2025-02,38,38
q-bio.PE,q-bio,2025-03,48,48
q-bio.PE,q-bio,2025-04,50,50
q-bio.PE,q-bio,2025-05,32,32
q-bio.PE,q-bio,2025-06,51,50
q-bio.PE,q-bio,2025-07,50,50
q-bio.PE,q-bio,2025-08,45,45
q-bio.PE,q-bio,2025-09,56,50
q-bio.PE,q-bio,2025-10,48,48
q-bio.PE,q-bio,2025-11,50,50
q-bio.PE,q-bio,2025-12,52,50
q-bio.QM,q-bio,2018-01,37,37
q-bio.QM,q-bio,2018-02,25,25
q-bio.QM,q-bio,2018-03,25,25
q-bio.QM,q-bio,2018-04,16,16
q-bio.QM,q-bio,2018-05,23,23
q-bio.QM,q-bio,2018-06,19,19
q-bio.QM,q-bio,2018-07,25,25
q-bio.QM,q-bio,2018-08,28,28
q-bio.QM,q-bio,2018-09,28,28
q-bio.QM,q-bio,2018-10,28,28
q-bio.QM,q-bio,2018-11,30,30
q-bio.QM,q-bio,2018-12,31,31
q-bio.QM,q-bio,2019-01,25,25
q-bio.QM,q-bio,2019-02,34,34
q-bio.QM,q-bio,2019-03,31,31
q-bio.QM,q-bio,2019-04,31,31
q-bio.QM,q-bio,2019-05,22,22
q-bio.QM,q-bio,2019-06,25,25
q-bio.QM,q-bio,2019-07,27,27
q-bio.QM,q-bio,2019-08,25,25
q-bio.QM,q-bio,2019-09,33,33
q-bio.QM,q-bio,2019-10,43,43
q-bio.QM,q-bio,2019-11,43,43
q-bio.QM,q-bio,2019-12,34,34
q-bio.QM,q-bio,2020-01,23,23
q-bio.QM,q-bio,2020-02,35,35
q-bio.QM,q-bio,2020-03,35,35
q-bio.QM,q-bio,2020-04,42,42
q-bio.QM,q-bio,2020-05,62,50
q-bio.QM,q-bio,2020-06,32,32
q-bio.QM,q-bio,2020-07,41,41
q-bio.QM,q-bio,2020-08,32,32
q-bio.QM,q-bio,2020-09,35,35
q-bio.QM,q-bio,2020-10,44,44
q-bio.QM,q-bio,2020-11,42,42
q-bio.QM,q-bio,2020-12,34,34
q-bio.QM,q-bio,2021-01,39,39
q-bio.QM,q-bio,2021-02,33,33
q-bio.QM,q-bio,2021-03,34,34
q-bio.QM,q-bio,2021-04,30,30
q-bio.QM,q-bio,2021-05,32,32
q-bio.QM,q-bio,2021-06,28,28
q-bio.QM,q-bio,2021-07,31,31
q-bio.QM,q-bio,2021-08,41,41
q-bio.QM,q-bio,2021-09,36,36
q-bio.QM,q-bio,2021-10,53,50
q-bio.QM,q-bio,2021-11,45,45
q-bio.QM,q-bio,2021-12,35,35
q-bio.QM,q-bio,2022-01,36,36
q-bio.QM,q-bio,2022-02,32,32
q-bio.QM,q-bio,2022-03,31,31
q-bio.QM,q-bio,2022-04,34,34
q-bio.QM,q-bio,2022-05,38,38
q-bio.QM,q-bio,2022-06,40,40
q-bio.QM,q-bio,2022-07,36,36
q-bio.QM,q-bio,2022-08,37,37
q-bio.QM,q-bio,2022-09,29,29
q-bio.QM,q-bio,2022-10,52,50
q-bio.QM,q-bio,2022-11,41,41
q-bio.QM,q-bio,2022-12,25,25
q-bio.QM,q-bio,2023-01,33,33
q-bio.QM,q-bio,2023-02,30,30
q-bio.QM,q-bio,2023-03,42,42
q-bio.QM,q-bio,2023-04,29,29
q-bio.QM,q-bio,2023-05,40,40
q-bio.QM,q-bio,2023-06,40,40
q-bio.QM,q-bio,2023-07,42,42
q-bio.QM,q-bio,2023-08,39,39
q-bio.QM,q-bio,2023-09,44,44
q-bio.QM,q-bio,2023-10,41,41
q-bio.QM,q-bio,2023-11,44,44
q-bio.QM,q-bio,2023-12,42,42
q-bio.QM,q-bio,2024-01,50,50
q-bio.QM,q-bio,2024-02,56,50
q-bio.QM,q-bio,2024-03,47,47
q-bio.QM,q-bio,2024-04,40,40
q-bio.QM,q-bio,2024-05,53,50
q-bio.QM,q-bio,2024-06,52,50
q-bio.QM,q-bio,2024-07,58,50
q-bio.QM,q-bio,2024-08,39,39
q-bio.QM,q-bio,2024-09,67,50
q-bio.QM,q-bio,2024-10,60,50
q-bio.QM,q-bio,2024-11,55,50
q-bio.QM,q-bio,2024-12,54,50
q-bio.QM,q-bio,2025-01,57,50
q-bio.QM,q-bio,2025-02,51,50
q-bio.QM,q-bio,2025-03,57,50
q-bio.QM,q-bio,2025-04,61,50
q-bio.QM,q-bio,2025-05,67,50
q-bio.QM,q-bio,2025-06,61,50
q-bio.QM,q-bio,2025-07,51,50
q-bio.QM,q-bio,2025-08,58,50
q-bio.QM,q-bio,2025-09,52,50
q-bio.QM,q-bio,2025-10,84,50
q-bio.QM,q-bio,2025-11,65,50
q-bio.QM,q-bio,2025-12,72,50
q-bio.SC,q-bio,2018-01,5,5
q-bio.SC,q-bio,2018-02,3,3
q-bio.SC,q-bio,2018-03,4,4
q-bio.SC,q-bio,2018-04,5,5
q-bio.SC,q-bio,2018-05,1,1
q-bio.SC,q-bio,2018-06,3,3
q-bio.SC,q-bio,2018-07,9,9
q-bio.SC,q-bio,2018-08,1,1
q-bio.SC,q-bio,2018-09,6,6
q-bio.SC,q-bio,2018-10,6,6
q-bio.SC,q-bio,2018-11,7,7
q-bio.SC,q-bio,2018-12,3,3
q-bio.SC,q-bio,2019-01,4,4
q-bio.SC,q-bio,2019-02,4,4
q-bio.SC,q-bio,2019-04,3,3
q-bio.SC,q-bio,2019-05,6,6
q-bio.SC,q-bio,2019-06,3,3
q-bio.SC,q-bio,2019-07,3,3
q-bio.SC,q-bio,2019-08,5,5
q-bio.SC,q-bio,2019-09,3,3
q-bio.SC,q-bio,2019-10,3,3
q-bio.SC,q-bio,2019-11,3,3
q-bio.SC,q-bio,2019-12,8,8
q-bio.SC,q-bio,2020-01,4,4
q-bio.SC,q-bio,2020-02,2,2
q-bio.SC,q-bio,2020-03,1,1
q-bio.SC,q-bio,2020-04,4,4
q-bio.SC,q-bio,2020-05,7,7
q-bio.SC,q-bio,2020-06,3,3
q-bio.SC,q-bio,2020-07,5,5
q-bio.SC,q-bio,2020-08,4,4
q-bio.SC,q-bio,2020-09,5,5
q-bio.SC,q-bio,2020-10,1,1
q-bio.SC,q-bio,2020-12,1,1
q-bio.SC,q-bio,2021-01,2,2
q-bio.SC,q-bio,2021-02,2,2
q-bio.SC,q-bio,2021-03,4,4
q-bio.SC,q-bio,2021-04,2,2
q-bio.SC,q-bio,2021-05,3,3
q-bio.SC,q-bio,2021-06,1,1
q-bio.SC,q-bio,2021-07,3,3
q-bio.SC,q-bio,2021-09,1,1
q-bio.SC,q-bio,2021-10,1,1
q-bio.SC,q-bio,2021-11,2,2
q-bio.SC,q-bio,2022-01,1,1
q-bio.SC,q-bio,2022-03,1,1
q-bio.SC,q-bio,2022-04,1,1
q-bio.SC,q-bio,2022-06,1,1
q-bio.SC,q-bio,2022-07,2,2
q-bio.SC,q-bio,2022-09,2,2
q-bio.SC,q-bio,2022-10,2,2
q-bio.SC,q-bio,2022-12,1,1
q-bio.SC,q-bio,2023-02,2,2
q-bio.SC,q-bio,2023-03,4,4
q-bio.SC,q-bio,2023-04,2,2
q-bio.SC,q-bio,2023-05,3,3
q-bio.SC,q-bio,2023-07,2,2
q-bio.SC,q-bio,2023-08,2,2
q-bio.SC,q-bio,2023-11,3,3
q-bio.SC,q-bio,2023-12,1,1
q-bio.SC,q-bio,2024-01,2,2
q-bio.SC,q-bio,2024-02,2,2
q-bio.SC,q-bio,2024-03,1,1
q-bio.SC,q-bio,2024-05,3,3
q-bio.SC,q-bio,2024-06,2,2
q-bio.SC,q-bio,2024-07,2,2
q-bio.SC,q-bio,2024-08,1,1
q-bio.SC,q-bio,2024-09,1,1
q-bio.SC,q-bio,2024-10,2,2
q-bio.SC,q-bio,2024-11,1,1
q-bio.SC,q-bio,2024-12,3,3
q-bio.SC,q-bio,2025-01,2,2
q-bio.SC,q-bio,2025-02,1,1
q-bio.SC,q-bio,2025-03,2,2
q-bio.SC,q-bio,2025-06,2,2
q-bio.SC,q-bio,2025-07,6,6
q-bio.SC,q-bio,2025-08,1,1
q-bio.SC,q-bio,2025-09,1,1
q-bio.SC,q-bio,2025-10,2,2
q-bio.SC,q-bio,2025-11,3,3
q-bio.SC,q-bio,2025-12,1,1
q-bio.TO,q-bio,2018-01,4,4
q-bio.TO,q-bio,2018-02,6,6
q-bio.TO,q-bio,2018-03,8,8
q-bio.TO,q-bio,2018-04,7,7
q-bio.TO,q-bio,2018-05,9,9
q-bio.TO,q-bio,2018-06,13,13
q-bio.TO,q-bio,2018-07,10,10
q-bio.TO,q-bio,2018-08,13,13
q-bio.TO,q-bio,2018-09,9,9
q-bio.TO,q-bio,2018-10,9,9
q-bio.TO,q-bio,2018-11,6,6
q-bio.TO,q-bio,2018-12,7,7
q-bio.TO,q-bio,2019-01,9,9
q-bio.TO,q-bio,2019-02,6,6
q-bio.TO,q-bio,2019-03,13,13
q-bio.TO,q-bio,2019-04,10,10
q-bio.TO,q-bio,2019-05,6,6
q-bio.TO,q-bio,2019-06,5,5
q-bio.TO,q-bio,2019-07,9,9
q-bio.TO,q-bio,2019-08,6,6
q-bio.TO,q-bio,2019-09,3,3
q-bio.TO,q-bio,2019-10,8,8
q-bio.TO,q-bio,2019-11,7,7
q-bio.TO,q-bio,2019-12,4,4
q-bio.TO,q-bio,2020-01,9,9
q-bio.TO,q-bio,2020-02,5,5
q-bio.TO,q-bio,2020-03,12,12
q-bio.TO,q-bio,2020-04,11,11
q-bio.TO,q-bio,2020-05,13,13
q-bio.TO,q-bio,2020-06,13,13
q-bio.TO,q-bio,2020-07,12,12
q-bio.TO,q-bio,2020-08,9,9
q-bio.TO,q-bio,2020-09,11,11
q-bio.TO,q-bio,2020-10,8,8
q-bio.TO,q-bio,2020-11,9,9
q-bio.TO,q-bio,2020-12,11,11
q-bio.TO,q-bio,2021-01,15,15
q-bio.TO,q-bio,2021-02,6,6
q-bio.TO,q-bio,2021-03,21,21
q-bio.TO,q-bio,2021-04,16,16
q-bio.TO,q-bio,2021-05,8,8
q-bio.TO,q-bio,2021-06,3,3
q-bio.TO,q-bio,2021-07,4,4
q-bio.TO,q-bio,2021-08,2,2
q-bio.TO,q-bio,2021-09,5,5
q-bio.TO,q-bio,2021-10,10,10
q-bio.TO,q-bio,2021-11,7,7
q-bio.TO,q-bio,2021-12,3,3
q-bio.TO,q-bio,2022-01,11,11
q-bio.TO,q-bio,2022-02,4,4
q-bio.TO,q-bio,2022-03,3,3
q-bio.TO,q-bio,2022-04,1,1
q-bio.TO,q-bio,2022-05,6,6
q-bio.TO,q-bio,2022-06,5,5
q-bio.TO,q-bio,2022-07,5,5
q-bio.TO,q-bio,2022-08,9,9
q-bio.TO,q-bio,2022-09,6,6
q-bio.TO,q-bio,2022-10,6,6
q-bio.TO,q-bio,2022-11,6,6
q-bio.TO,q-bio,2022-12,7,7
q-bio.TO,q-bio,2023-01,8,8
q-bio.TO,q-bio,2023-02,6,6
q-bio.TO,q-bio,2023-03,9,9
q-bio.TO,q-bio,2023-04,6,6
q-bio.TO,q-bio,2023-05,5,5
q-bio.TO,q-bio,2023-06,5,5
q-bio.TO,q-bio,2023-07,9,9
q-bio.TO,q-bio,2023-08,13,13
q-bio.TO,q-bio,2023-09,7,7
q-bio.TO,q-bio,2023-10,8,8
q-bio.TO,q-bio,2023-11,11,11
q-bio.TO,q-bio,2023-12,8,8
q-bio.TO,q-bio,2024-01,11,11
q-bio.TO,q-bio,2024-02,3,3
q-bio.TO,q-bio,2024-03,11,11
q-bio.TO,q-bio,2024-04,5,5
q-bio.TO,q-bio,2024-05,7,7
q-bio.TO,q-bio,2024-06,5,5
q-bio.TO,q-bio,2024-07,12,12
q-bio.TO,q-bio,2024-08,6,6
q-bio.TO,q-bio,2024-09,6,6
q-bio.TO,q-bio,2024-10,9,9
q-bio.TO,q-bio,2024-11,8,8
q-bio.TO,q-bio,2024-12,6,6
q-bio.TO,q-bio,2025-01,8,8
q-bio.TO,q-bio,2025-02,8,8
q-bio.TO,q-bio,2025-03,13,13
q-bio.TO,q-bio,2025-04,4,4
q-bio.TO,q-bio,2025-05,5,5
q-bio.TO,q-bio,2025-06,8,8
q-bio.TO,q-bio,2025-07,7,7
q-bio.TO,q-bio,2025-08,9,9
q-bio.TO,q-bio,2025-09,18,18
q-bio.TO,q-bio,2025-10,10,10
q-bio.TO,q-bio,2025-11,11,11
q-bio.TO,q-bio,2025-12,4,4
q-fin.CP,q-fin,2018-01,2,2
q-fin.CP,q-fin,2018-02,4,4
q-fin.CP,q-fin,2018-03,2,2
q-fin.CP,q-fin,2018-04,1,1
q-fin.CP,q-fin,2018-05,3,3
q-fin.CP,q-fin,2018-06,1,1
q-fin.CP,q-fin,2018-07,1,1
q-fin.CP,q-fin,2018-08,4,4
q-fin.CP,q-fin,2018-09,4,4
q-fin.CP,q-fin,2018-10,5,5
q-fin.CP,q-fin,2018-11,5,5
q-fin.CP,q-fin,2018-12,1,1
q-fin.CP,q-fin,2019-01,2,2
q-fin.CP,q-fin,2019-02,2,2
q-fin.CP,q-fin,2019-03,4,4
q-fin.CP,q-fin,2019-04,5,5
q-fin.CP,q-fin,2019-06,1,1
q-fin.CP,q-fin,2019-07,1,1
q-fin.CP,q-fin,2019-08,2,2
q-fin.CP,q-fin,2019-09,1,1
q-fin.CP,q-fin,2019-10,3,3
q-fin.CP,q-fin,2019-11,6,6
q-fin.CP,q-fin,2019-12,3,3
q-fin.CP,q-fin,2020-01,2,2
q-fin.CP,q-fin,2020-02,4,4
q-fin.CP,q-fin,2020-03,8,8
q-fin.CP,q-fin,2020-04,7,7
q-fin.CP,q-fin,2020-05,5,5
q-fin.CP,q-fin,2020-06,3,3
q-fin.CP,q-fin,2020-08,3,3
q-fin.CP,q-fin,2020-09,2,2
q-fin.CP,q-fin,2020-10,3,3
q-fin.CP,q-fin,2020-11,3,3
q-fin.CP,q-fin,2020-12,3,3
q-fin.CP,q-fin,2021-01,1,1
q-fin.CP,q-fin,2021-02,3,3
q-fin.CP,q-fin,2021-03,8,8
q-fin.CP,q-fin,2021-04,3,3
q-fin.CP,q-fin,2021-05,5,5
q-fin.CP,q-fin,2021-07,5,5
q-fin.CP,q-fin,2021-08,5,5
q-fin.CP,q-fin,2021-09,4,4
q-fin.CP,q-fin,2021-10,4,4
q-fin.CP,q-fin,2021-11,3,3
q-fin.CP,q-fin,2021-12,3,3
q-fin.CP,q-fin,2022-01,2,2
q-fin.CP,q-fin,2022-02,4,4
q-fin.CP,q-fin,2022-03,7,7
q-fin.CP,q-fin,2022-04,1,1
q-fin.CP,q-fin,2022-05,6,6
q-fin.CP,q-fin,2022-06,3,3
q-fin.CP,q-fin,2022-07,7,7
q-fin.CP,q-fin,2022-08,2,2
q-fin.CP,q-fin,2022-09,5,5
q-fin.CP,q-fin,2022-10,10,10
q-fin.CP,q-fin,2022-11,8,8
q-fin.CP,q-fin,2022-12,9,9
q-fin.CP,q-fin,2023-01,7,7
q-fin.CP,q-fin,2023-02,5,5
q-fin.CP,q-fin,2023-03,4,4
q-fin.CP,q-fin,2023-04,3,3
q-fin.CP,q-fin,2023-05,4,4
q-fin.CP,q-fin,2023-06,3,3
q-fin.CP,q-fin,2023-07,3,3
q-fin.CP,q-fin,2023-08,2,2
q-fin.CP,q-fin,2023-09,7,7
q-fin.CP,q-fin,2023-10,7,7
q-fin.CP,q-fin,2023-11,3,3
q-fin.CP,q-fin,2023-12,1,1
q-fin.CP,q-fin,2024-01,4,4
q-fin.CP,q-fin,2024-02,7,7
q-fin.CP,q-fin,2024-03,6,6
q-fin.CP,q-fin,2024-04,7,7
q-fin.CP,q-fin,2024-05,6,6
q-fin.CP,q-fin,2024-06,7,7
q-fin.CP,q-fin,2024-07,10,10
q-fin.CP,q-fin,2024-08,9,9
q-fin.CP,q-fin,2024-09,8,8
q-fin.CP,q-fin,2024-10,10,10
q-fin.CP,q-fin,2024-11,8,8
q-fin.CP,q-fin,2024-12,11,11
q-fin.CP,q-fin,2025-01,4,4
q-fin.CP,q-fin,2025-02,9,9
q-fin.CP,q-fin,2025-03,4,4
q-fin.CP,q-fin,2025-04,4,4
q-fin.CP,q-fin,2025-05,4,4
q-fin.CP,q-fin,2025-06,3,3
q-fin.CP,q-fin,2025-07,6,6
q-fin.CP,q-fin,2025-08,7,7
q-fin.CP,q-fin,2025-09,4,4
q-fin.CP,q-fin,2025-10,21,21
q-fin.CP,q-fin,2025-11,9,9
q-fin.CP,q-fin,2025-12,11,11
q-fin.EC,q-fin,2018-02,1,1
q-fin.EC,q-fin,2018-03,1,1
q-fin.GN,q-fin,2018-01,5,5
q-fin.GN,q-fin,2018-02,2,2
q-fin.GN,q-fin,2018-03,1,1
q-fin.GN,q-fin,2018-04,3,3
q-fin.GN,q-fin,2018-05,2,2
q-fin.GN,q-fin,2018-06,1,1
q-fin.GN,q-fin,2018-08,1,1
q-fin.GN,q-fin,2018-09,3,3
q-fin.GN,q-fin,2018-10,1,1
q-fin.GN,q-fin,2018-11,3,3
q-fin.GN,q-fin,2018-12,3,3
q-fin.GN,q-fin,2019-01,4,4
q-fin.GN,q-fin,2019-02,4,4
q-fin.GN,q-fin,2019-03,5,5
q-fin.GN,q-fin,2019-04,1,1
q-fin.GN,q-fin,2019-05,3,3
q-fin.GN,q-fin,2019-06,4,4
q-fin.GN,q-fin,2019-07,5,5
q-fin.GN,q-fin,2019-08,2,2
q-fin.GN,q-fin,2019-09,3,3
q-fin.GN,q-fin,2019-10,3,3
q-fin.GN,q-fin,2019-11,4,4
q-fin.GN,q-fin,2019-12,2,2
q-fin.GN,q-fin,2020-01,3,3
q-fin.GN,q-fin,2020-02,5,5
q-fin.GN,q-fin,2020-03,4,4
q-fin.GN,q-fin,2020-04,1,1
q-fin.GN,q-fin,2020-05,8,8
q-fin.GN,q-fin,2020-06,6,6
q-fin.GN,q-fin,2020-07,6,6
q-fin.GN,q-fin,2020-08,4,4
q-fin.GN,q-fin,2020-09,6,6
q-fin.GN,q-fin,2020-10,3,3
q-fin.GN,q-fin,2020-11,1,1
q-fin.GN,q-fin,2020-12,2,2
q-fin.GN,q-fin,2021-01,2,2
q-fin.GN,q-fin,2021-02,1,1
q-fin.GN,q-fin,2021-03,3,3
q-fin.GN,q-fin,2021-05,1,1
q-fin.GN,q-fin,2021-06,3,3
q-fin.GN,q-fin,2021-07,1,1
q-fin.GN,q-fin,2021-08,3,3
q-fin.GN,q-fin,2021-09,4,4
q-fin.GN,q-fin,2021-10,1,1
q-fin.GN,q-fin,2021-11,1,1
q-fin.GN,q-fin,2021-12,2,2
q-fin.GN,q-fin,2022-01,3,3
q-fin.GN,q-fin,2022-02,2,2
q-fin.GN,q-fin,2022-03,2,2
q-fin.GN,q-fin,2022-04,1,1
q-fin.GN,q-fin,2022-05,1,1
q-fin.GN,q-fin,2022-06,1,1
q-fin.GN,q-fin,2022-07,4,4
q-fin.GN,q-fin,2022-08,1,1
q-fin.GN,q-fin,2022-09,2,2
q-fin.GN,q-fin,2022-10,1,1
q-fin.GN,q-fin,2022-12,5,5
q-fin.GN,q-fin,2023-02,1,1
q-fin.GN,q-fin,2023-04,2,2
q-fin.GN,q-fin,2023-05,2,2
q-fin.GN,q-fin,2023-06,2,2
q-fin.GN,q-fin,2023-07,2,2
q-fin.GN,q-fin,2023-08,1,1
q-fin.GN,q-fin,2023-09,6,6
q-fin.GN,q-fin,2023-11,8,8
q-fin.GN,q-fin,2024-01,4,4
q-fin.GN,q-fin,2024-02,2,2
q-fin.GN,q-fin,2024-03,3,3
q-fin.GN,q-fin,2024-05,1,1
q-fin.GN,q-fin,2024-06,1,1
q-fin.GN,q-fin,2024-10,3,3
q-fin.GN,q-fin,2024-12,4,4
q-fin.GN,q-fin,2025-01,3,3
q-fin.GN,q-fin,2025-02,4,4
q-fin.GN,q-fin,2025-03,4,4
q-fin.GN,q-fin,2025-05,3,3
q-fin.GN,q-fin,2025-06,1,1
q-fin.GN,q-fin,2025-07,6,6
q-fin.GN,q-fin,2025-08,3,3
q-fin.GN,q-fin,2025-09,1,1
q-fin.GN,q-fin,2025-10,6,6
q-fin.GN,q-fin,2025-11,4,4
q-fin.GN,q-fin,2025-12,3,3
q-fin.MF,q-fin,2018-01,3,3
q-fin.MF,q-fin,2018-02,6,6
q-fin.MF,q-fin,2018-03,5,5
q-fin.MF,q-fin,2018-04,4,4
q-fin.MF,q-fin,2018-05,3,3
q-fin.MF,q-fin,2018-06,4,4
q-fin.MF,q-fin,2018-07,2,2
q-fin.MF,q-fin,2018-08,4,4
q-fin.MF,q-fin,2018-09,7,7
q-fin.MF,q-fin,2018-10,2,2
q-fin.MF,q-fin,2018-11,5,5
q-fin.MF,q-fin,2018-12,1,1
q-fin.MF,q-fin,2019-01,5,5
q-fin.MF,q-fin,2019-02,2,2
q-fin.MF,q-fin,2019-03,3,3
q-fin.MF,q-fin,2019-04,4,4
q-fin.MF,q-fin,2019-05,2,2
q-fin.MF,q-fin,2019-06,4,4
q-fin.MF,q-fin,2019-07,11,11
q-fin.MF,q-fin,2019-08,5,5
q-fin.MF,q-fin,2019-09,4,4
q-fin.MF,q-fin,2019-10,5,5
q-fin.MF,q-fin,2019-11,2,2
q-fin.MF,q-fin,2019-12,4,4
q-fin.MF,q-fin,2020-01,4,4
q-fin.MF,q-fin,2020-02,1,1
q-fin.MF,q-fin,2020-03,6,6
q-fin.MF,q-fin,2020-04,4,4
q-fin.MF,q-fin,2020-05,4,4
q-fin.MF,q-fin,2020-06,10,10
q-fin.MF,q-fin,2020-07,3,3
q-fin.MF,q-fin,2020-08,1,1
q-fin.MF,q-fin,2020-09,1,1
q-fin.MF,q-fin,2020-10,1,1
q-fin.MF,q-fin,2020-11,3,3
q-fin.MF,q-fin,2020-12,2,2
q-fin.MF,q-fin,2021-01,6,6
q-fin.MF,q-fin,2021-02,1,1
q-fin.MF,q-fin,2021-03,5,5
q-fin.MF,q-fin,2021-04,4,4
q-fin.MF,q-fin,2021-05,3,3
q-fin.MF,q-fin,2021-06,7,7
q-fin.MF,q-fin,2021-07,3,3
q-fin.MF,q-fin,2021-08,2,2
q-fin.MF,q-fin,2021-09,1,1
q-fin.MF,q-fin,2021-10,3,3
q-fin.MF,q-fin,2021-11,3,3
q-fin.MF,q-fin,2021-12,4,4
q-fin.MF,q-fin,2022-01,3,3
q-fin.MF,q-fin,2022-02,2,2
q-fin.MF,q-fin,2022-03,4,4
q-fin.MF,q-fin,2022-04,5,5
q-fin.MF,q-fin,2022-05,2,2
q-fin.MF,q-fin,2022-06,3,3
q-fin.MF,q-fin,2022-07,7,7
q-fin.MF,q-fin,2022-08,2,2
q-fin.MF,q-fin,2022-09,5,5
q-fin.MF,q-fin,2022-10,4,4
q-fin.MF,q-fin,2022-11,6,6
q-fin.MF,q-fin,2022-12,5,5
q-fin.MF,q-fin,2023-01,3,3
q-fin.MF,q-fin,2023-02,3,3
q-fin.MF,q-fin,2023-03,6,6
q-fin.MF,q-fin,2023-04,3,3
q-fin.MF,q-fin,2023-05,6,6
q-fin.MF,q-fin,2023-06,4,4
q-fin.MF,q-fin,2023-07,8,8
q-fin.MF,q-fin,2023-08,2,2
q-fin.MF,q-fin,2023-09,3,3
q-fin.MF,q-fin,2023-10,3,3
q-fin.MF,q-fin,2023-11,9,9
q-fin.MF,q-fin,2023-12,5,5
q-fin.MF,q-fin,2024-01,2,2
q-fin.MF,q-fin,2024-02,3,3
q-fin.MF,q-fin,2024-03,4,4
q-fin.MF,q-fin,2024-04,3,3
q-fin.MF,q-fin,2024-05,4,4
q-fin.MF,q-fin,2024-06,4,4
q-fin.MF,q-fin,2024-07,5,5
q-fin.MF,q-fin,2024-08,4,4
q-fin.MF,q-fin,2024-09,4,4
q-fin.MF,q-fin,2024-10,6,6
q-fin.MF,q-fin,2024-11,6,6
q-fin.MF,q-fin,2024-12,8,8
q-fin.MF,q-fin,2025-01,1,1
q-fin.MF,q-fin,2025-02,3,3
q-fin.MF,q-fin,2025-03,7,7
q-fin.MF,q-fin,2025-04,7,7
q-fin.MF,q-fin,2025-05,6,6
q-fin.MF,q-fin,2025-06,3,3
q-fin.MF,q-fin,2025-07,6,6
q-fin.MF,q-fin,2025-08,2,2
q-fin.MF,q-fin,2025-09,9,9
q-fin.MF,q-fin,2025-10,5,5
q-fin.MF,q-fin,2025-11,6,6
q-fin.MF,q-fin,2025-12,8,8
q-fin.PM,q-fin,2018-01,1,1
q-fin.PM,q-fin,2018-02,3,3
q-fin.PM,q-fin,2018-03,3,3
q-fin.PM,q-fin,2018-04,1,1
q-fin.PM,q-fin,2018-05,2,2
q-fin.PM,q-fin,2018-06,2,2
q-fin.PM,q-fin,2018-07,3,3
q-fin.PM,q-fin,2018-08,6,6
q-fin.PM,q-fin,2018-09,2,2
q-fin.PM,q-fin,2018-10,2,2
q-fin.PM,q-fin,2018-11,1,1
q-fin.PM,q-fin,2018-12,1,1
q-fin.PM,q-fin,2019-01,5,5
q-fin.PM,q-fin,2019-03,3,3
q-fin.PM,q-fin,2019-04,2,2
q-fin.PM,q-fin,2019-05,1,1
q-fin.PM,q-fin,2019-06,2,2
q-fin.PM,q-fin,2019-07,3,3
q-fin.PM,q-fin,2019-08,4,4
q-fin.PM,q-fin,2019-09,2,2
q-fin.PM,q-fin,2019-10,2,2
q-fin.PM,q-fin,2019-11,3,3
q-fin.PM,q-fin,2020-01,2,2
q-fin.PM,q-fin,2020-02,4,4
q-fin.PM,q-fin,2020-03,2,2
q-fin.PM,q-fin,2020-04,2,2
q-fin.PM,q-fin,2020-05,7,7
q-fin.PM,q-fin,2020-06,5,5
q-fin.PM,q-fin,2020-07,1,1
q-fin.PM,q-fin,2020-08,2,2
q-fin.PM,q-fin,2020-09,4,4
q-fin.PM,q-fin,2020-10,3,3
q-fin.PM,q-fin,2020-11,1,1
q-fin.PM,q-fin,2020-12,5,5
q-fin.PM,q-fin,2021-01,3,3
q-fin.PM,q-fin,2021-02,2,2
q-fin.PM,q-fin,2021-03,5,5
q-fin.PM,q-fin,2021-04,2,2
q-fin.PM,q-fin,2021-05,3,3
q-fin.PM,q-fin,2021-06,3,3
q-fin.PM,q-fin,2021-07,4,4
q-fin.PM,q-fin,2021-08,1,1
q-fin.PM,q-fin,2021-09,3,3
q-fin.PM,q-fin,2021-11,4,4
q-fin.PM,q-fin,2021-12,4,4
q-fin.PM,q-fin,2022-01,3,3
q-fin.PM,q-fin,2022-02,3,3
q-fin.PM,q-fin,2022-03,3,3
q-fin.PM,q-fin,2022-04,4,4
q-fin.PM,q-fin,2022-05,1,1
q-fin.PM,q-fin,2022-06,5,5
q-fin.PM,q-fin,2022-07,2,2
q-fin.PM,q-fin,2022-08,6,6
q-fin.PM,q-fin,2022-09,4,4
q-fin.PM,q-fin,2022-10,3,3
q-fin.PM,q-fin,2022-11,3,3
q-fin.PM,q-fin,2022-12,1,1
q-fin.PM,q-fin,2023-01,2,2
q-fin.PM,q-fin,2023-02,5,5
q-fin.PM,q-fin,2023-03,2,2
q-fin.PM,q-fin,2023-04,2,2
q-fin.PM,q-fin,2023-05,3,3
q-fin.PM,q-fin,2023-06,6,6
q-fin.PM,q-fin,2023-07,9,9
q-fin.PM,q-fin,2023-08,7,7
q-fin.PM,q-fin,2023-09,5,5
q-fin.PM,q-fin,2023-10,4,4
q-fin.PM,q-fin,2023-11,7,7
q-fin.PM,q-fin,2023-12,4,4
q-fin.PM,q-fin,2024-01,7,7
q-fin.PM,q-fin,2024-02,3,3
q-fin.PM,q-fin,2024-03,2,2
q-fin.PM,q-fin,2024-04,3,3
q-fin.PM,q-fin,2024-05,3,3
q-fin.PM,q-fin,2024-06,7,7
q-fin.PM,q-fin,2024-07,11,11
q-fin.PM,q-fin,2024-08,3,3
q-fin.PM,q-fin,2024-09,7,7
q-fin.PM,q-fin,2024-10,8,8
q-fin.PM,q-fin,2024-11,5,5
q-fin.PM,q-fin,2024-12,3,3
q-fin.PM,q-fin,2025-01,3,3
q-fin.PM,q-fin,2025-02,4,4
q-fin.PM,q-fin,2025-03,4,4
q-fin.PM,q-fin,2025-04,5,5
q-fin.PM,q-fin,2025-05,3,3
q-fin.PM,q-fin,2025-06,4,4
q-fin.PM,q-fin,2025-07,12,12
q-fin.PM,q-fin,2025-08,8,8
q-fin.PM,q-fin,2025-09,5,5
q-fin.PM,q-fin,2025-10,13,13
q-fin.PM,q-fin,2025-11,6,6
q-fin.PM,q-fin,2025-12,5,5
q-fin.PR,q-fin,2018-01,2,2
q-fin.PR,q-fin,2018-02,2,2
q-fin.PR,q-fin,2018-03,2,2
q-fin.PR,q-fin,2018-04,1,1
q-fin.PR,q-fin,2018-05,3,3
q-fin.PR,q-fin,2018-06,2,2
q-fin.PR,q-fin,2018-07,1,1
q-fin.PR,q-fin,2018-08,4,4
q-fin.PR,q-fin,2018-10,4,4
q-fin.PR,q-fin,2018-11,2,2
q-fin.PR,q-fin,2019-02,1,1
q-fin.PR,q-fin,2019-04,1,1
q-fin.PR,q-fin,2019-06,5,5
q-fin.PR,q-fin,2019-09,1,1
q-fin.PR,q-fin,2019-10,2,2
q-fin.PR,q-fin,2019-12,2,2
q-fin.PR,q-fin,2020-01,1,1
q-fin.PR,q-fin,2020-02,1,1
q-fin.PR,q-fin,2020-04,2,2
q-fin.PR,q-fin,2020-05,1,1
q-fin.PR,q-fin,2020-06,3,3
q-fin.PR,q-fin,2020-07,2,2
q-fin.PR,q-fin,2020-08,1,1
q-fin.PR,q-fin,2020-10,1,1
q-fin.PR,q-fin,2020-11,1,1
q-fin.PR,q-fin,2021-01,2,2
q-fin.PR,q-fin,2021-03,2,2
q-fin.PR,q-fin,2021-04,4,4
q-fin.PR,q-fin,2021-05,2,2
q-fin.PR,q-fin,2021-07,1,1
q-fin.PR,q-fin,2021-08,1,1
q-fin.PR,q-fin,2021-09,3,3
q-fin.PR,q-fin,2021-11,1,1
q-fin.PR,q-fin,2021-12,4,4
q-fin.PR,q-fin,2022-01,1,1
q-fin.PR,q-fin,2022-02,2,2
q-fin.PR,q-fin,2022-03,3,3
q-fin.PR,q-fin,2022-04,1,1
q-fin.PR,q-fin,2022-05,4,4
q-fin.PR,q-fin,2022-06,1,1
q-fin.PR,q-fin,2022-07,1,1
q-fin.PR,q-fin,2022-08,2,2
q-fin.PR,q-fin,2022-09,1,1
q-fin.PR,q-fin,2022-10,1,1
q-fin.PR,q-fin,2022-12,2,2
q-fin.PR,q-fin,2023-01,2,2
q-fin.PR,q-fin,2023-02,1,1
q-fin.PR,q-fin,2023-03,2,2
q-fin.PR,q-fin,2023-04,3,3
q-fin.PR,q-fin,2023-05,3,3
q-fin.PR,q-fin,2023-06,1,1
q-fin.PR,q-fin,2023-07,3,3
q-fin.PR,q-fin,2023-08,1,1
q-fin.PR,q-fin,2023-09,1,1
q-fin.PR,q-fin,2023-10,1,1
q-fin.PR,q-fin,2023-11,3,3
q-fin.PR,q-fin,2023-12,1,1
q-fin.PR,q-fin,2024-02,1,1
q-fin.PR,q-fin,2024-03,1,1
q-fin.PR,q-fin,2024-04,1,1
q-fin.PR,q-fin,2024-05,2,2
q-fin.PR,q-fin,2024-07,1,1
q-fin.PR,q-fin,2024-08,2,2
q-fin.PR,q-fin,2024-09,2,2
q-fin.PR,q-fin,2024-10,2,2
q-fin.PR,q-fin,2024-12,1,1
q-fin.PR,q-fin,2025-03,1,1
q-fin.PR,q-fin,2025-05,1,1
q-fin.PR,q-fin,2025-06,1,1
q-fin.PR,q-fin,2025-07,2,2
q-fin.PR,q-fin,2025-08,3,3
q-fin.PR,q-fin,2025-09,3,3
q-fin.PR,q-fin,2025-10,4,4
q-fin.PR,q-fin,2025-12,2,2
q-fin.RM,q-fin,2018-01,4,4
q-fin.RM,q-fin,2018-02,1,1
q-fin.RM,q-fin,2018-03,4,4
q-fin.RM,q-fin,2018-04,2,2
q-fin.RM,q-fin,2018-05,4,4
q-fin.RM,q-fin,2018-06,2,2
q-fin.RM,q-fin,2018-08,1,1
q-fin.RM,q-fin,2018-09,4,4
q-fin.RM,q-fin,2018-10,1,1
q-fin.RM,q-fin,2018-11,3,3
q-fin.RM,q-fin,2018-12,6,6
q-fin.RM,q-fin,2019-01,1,1
q-fin.RM,q-fin,2019-02,2,2
q-fin.RM,q-fin,2019-03,2,2
q-fin.RM,q-fin,2019-04,4,4
q-fin.RM,q-fin,2019-05,1,1
q-fin.RM,q-fin,2019-06,1,1
q-fin.RM,q-fin,2019-07,3,3
q-fin.RM,q-fin,2019-08,3,3
q-fin.RM,q-fin,2019-09,2,2
q-fin.RM,q-fin,2019-10,1,1
q-fin.RM,q-fin,2019-11,1,1
q-fin.RM,q-fin,2019-12,7,7
q-fin.RM,q-fin,2020-01,1,1
q-fin.RM,q-fin,2020-02,3,3
q-fin.RM,q-fin,2020-03,5,5
q-fin.RM,q-fin,2020-04,5,5
q-fin.RM,q-fin,2020-05,6,6
q-fin.RM,q-fin,2020-06,2,2
q-fin.RM,q-fin,2020-07,4,4
q-fin.RM,q-fin,2020-08,3,3
q-fin.RM,q-fin,2020-09,1,1
q-fin.RM,q-fin,2020-10,2,2
q-fin.RM,q-fin,2020-12,7,7
q-fin.RM,q-fin,2021-01,2,2
q-fin.RM,q-fin,2021-02,2,2
q-fin.RM,q-fin,2021-03,2,2
q-fin.RM,q-fin,2021-04,4,4
q-fin.RM,q-fin,2021-05,3,3
q-fin.RM,q-fin,2021-06,2,2
q-fin.RM,q-fin,2021-07,7,7
q-fin.RM,q-fin,2021-08,4,4
q-fin.RM,q-fin,2021-09,3,3
q-fin.RM,q-fin,2021-10,3,3
q-fin.RM,q-fin,2021-11,4,4
q-fin.RM,q-fin,2022-01,4,4
q-fin.RM,q-fin,2022-02,4,4
q-fin.RM,q-fin,2022-03,2,2
q-fin.RM,q-fin,2022-04,1,1
q-fin.RM,q-fin,2022-05,4,4
q-fin.RM,q-fin,2022-06,3,3
q-fin.RM,q-fin,2022-07,2,2
q-fin.RM,q-fin,2022-08,3,3
q-fin.RM,q-fin,2022-09,4,4
q-fin.RM,q-fin,2022-10,5,5
q-fin.RM,q-fin,2022-11,4,4
q-fin.RM,q-fin,2022-12,4,4
q-fin.RM,q-fin,2023-01,3,3
q-fin.RM,q-fin,2023-02,2,2
q-fin.RM,q-fin,2023-03,2,2
q-fin.RM,q-fin,2023-04,5,5
q-fin.RM,q-fin,2023-05,3,3
q-fin.RM,q-fin,2023-06,3,3
q-fin.RM,q-fin,2023-07,2,2
q-fin.RM,q-fin,2023-08,1,1
q-fin.RM,q-fin,2023-09,7,7
q-fin.RM,q-fin,2023-10,10,10
q-fin.RM,q-fin,2023-11,4,4
q-fin.RM,q-fin,2023-12,2,2
q-fin.RM,q-fin,2024-01,6,6
q-fin.RM,q-fin,2024-02,7,7
q-fin.RM,q-fin,2024-03,5,5
q-fin.RM,q-fin,2024-04,4,4
q-fin.RM,q-fin,2024-05,10,10
q-fin.RM,q-fin,2024-06,3,3
q-fin.RM,q-fin,2024-07,2,2
q-fin.RM,q-fin,2024-08,7,7
q-fin.RM,q-fin,2024-09,6,6
q-fin.RM,q-fin,2024-10,12,12
q-fin.RM,q-fin,2024-11,6,6
q-fin.RM,q-fin,2024-12,4,4
q-fin.RM,q-fin,2025-01,3,3
q-fin.RM,q-fin,2025-02,5,5
q-fin.RM,q-fin,2025-03,6,6
q-fin.RM,q-fin,2025-04,8,8
q-fin.RM,q-fin,2025-05,5,5
q-fin.RM,q-fin,2025-06,5,5
q-fin.RM,q-fin,2025-07,10,10
q-fin.RM,q-fin,2025-08,4,4
q-fin.RM,q-fin,2025-09,4,4
q-fin.RM,q-fin,2025-10,2,2
q-fin.RM,q-fin,2025-11,9,9
q-fin.RM,q-fin,2025-12,12,12
q-fin.ST,q-fin,2018-01,4,4
q-fin.ST,q-fin,2018-02,1,1
q-fin.ST,q-fin,2018-03,4,4
q-fin.ST,q-fin,2018-04,3,3
q-fin.ST,q-fin,2018-05,3,3
q-fin.ST,q-fin,2018-06,3,3
q-fin.ST,q-fin,2018-07,7,7
q-fin.ST,q-fin,2018-08,2,2
q-fin.ST,q-fin,2018-09,10,10
q-fin.ST,q-fin,2018-10,1,1
q-fin.ST,q-fin,2018-11,5,5
q-fin.ST,q-fin,2018-12,7,7
q-fin.ST,q-fin,2019-01,2,2
q-fin.ST,q-fin,2019-02,7,7
q-fin.ST,q-fin,2019-03,3,3
q-fin.ST,q-fin,2019-04,6,6
q-fin.ST,q-fin,2019-05,4,4
q-fin.ST,q-fin,2019-06,8,8
q-fin.ST,q-fin,2019-07,8,8
q-fin.ST,q-fin,2019-08,5,5
q-fin.ST,q-fin,2019-09,7,7
q-fin.ST,q-fin,2019-10,5,5
q-fin.ST,q-fin,2019-11,4,4
q-fin.ST,q-fin,2019-12,3,3
q-fin.ST,q-fin,2020-01,6,6
q-fin.ST,q-fin,2020-02,10,10
q-fin.ST,q-fin,2020-03,3,3
q-fin.ST,q-fin,2020-04,13,13
q-fin.ST,q-fin,2020-05,6,6
q-fin.ST,q-fin,2020-06,8,8
q-fin.ST,q-fin,2020-07,8,8
q-fin.ST,q-fin,2020-08,10,10
q-fin.ST,q-fin,2020-09,7,7
q-fin.ST,q-fin,2020-10,14,14
q-fin.ST,q-fin,2020-11,5,5
q-fin.ST,q-fin,2020-12,2,2
q-fin.ST,q-fin,2021-01,8,8
q-fin.ST,q-fin,2021-02,5,5
q-fin.ST,q-fin,2021-03,13,13
q-fin.ST,q-fin,2021-04,9,9
q-fin.ST,q-fin,2021-05,5,5
q-fin.ST,q-fin,2021-06,11,11
q-fin.ST,q-fin,2021-07,18,18
q-fin.ST,q-fin,2021-08,3,3
q-fin.ST,q-fin,2021-09,5,5
q-fin.ST,q-fin,2021-10,10,10
q-fin.ST,q-fin,2021-11,8,8
q-fin.ST,q-fin,2021-12,9,9
q-fin.ST,q-fin,2022-01,10,10
q-fin.ST,q-fin,2022-02,8,8
q-fin.ST,q-fin,2022-03,11,11
q-fin.ST,q-fin,2022-04,16,16
q-fin.ST,q-fin,2022-05,8,8
q-fin.ST,q-fin,2022-06,6,6
q-fin.ST,q-fin,2022-07,7,7
q-fin.ST,q-fin,2022-08,12,12
q-fin.ST,q-fin,2022-09,7,7
q-fin.ST,q-fin,2022-10,10,10
q-fin.ST,q-fin,2022-11,6,6
q-fin.ST,q-fin,2022-12,8,8
q-fin.ST,q-fin,2023-01,5,5
q-fin.ST,q-fin,2023-02,7,7
q-fin.ST,q-fin,2023-03,13,13
q-fin.ST,q-fin,2023-04,10,10
q-fin.ST,q-fin,2023-05,10,10
q-fin.ST,q-fin,2023-06,14,14
q-fin.ST,q-fin,2023-07,9,9
q-fin.ST,q-fin,2023-08,10,10
q-fin.ST,q-fin,2023-09,8,8
q-fin.ST,q-fin,2023-10,2,2
q-fin.ST,q-fin,2023-11,12,12
q-fin.ST,q-fin,2023-12,5,5
q-fin.ST,q-fin,2024-01,12,12
q-fin.ST,q-fin,2024-02,11,11
q-fin.ST,q-fin,2024-03,10,10
q-fin.ST,q-fin,2024-04,12,12
q-fin.ST,q-fin,2024-05,8,8
q-fin.ST,q-fin,2024-06,6,6
q-fin.ST,q-fin,2024-07,5,5
q-fin.ST,q-fin,2024-08,9,9
q-fin.ST,q-fin,2024-09,9,9
q-fin.ST,q-fin,2024-10,16,16
q-fin.ST,q-fin,2024-11,20,20
q-fin.ST,q-fin,2024-12,5,5
q-fin.ST,q-fin,2025-01,4,4
q-fin.ST,q-fin,2025-02,14,14
q-fin.ST,q-fin,2025-03,5,5
q-fin.ST,q-fin,2025-04,11,11
q-fin.ST,q-fin,2025-05,1,1
q-fin.ST,q-fin,2025-06,15,15
q-fin.ST,q-fin,2025-07,15,15
q-fin.ST,q-fin,2025-08,14,14
q-fin.ST,q-fin,2025-09,10,10
q-fin.ST,q-fin,2025-10,12,12
q-fin.ST,q-fin,2025-11,8,8
q-fin.ST,q-fin,2025-12,14,14
q-fin.TR,q-fin,2018-01,1,1
q-fin.TR,q-fin,2018-02,1,1
q-fin.TR,q-fin,2018-05,1,1
q-fin.TR,q-fin,2018-06,1,1
q-fin.TR,q-fin,2018-07,2,2
q-fin.TR,q-fin,2018-09,2,2
q-fin.TR,q-fin,2018-10,1,1
q-fin.TR,q-fin,2018-11,1,1
q-fin.TR,q-fin,2018-12,3,3
q-fin.TR,q-fin,2019-01,1,1
q-fin.TR,q-fin,2019-02,2,2
q-fin.TR,q-fin,2019-03,1,1
q-fin.TR,q-fin,2019-04,1,1
q-fin.TR,q-fin,2019-05,1,1
q-fin.TR,q-fin,2019-06,6,6
q-fin.TR,q-fin,2019-08,4,4
q-fin.TR,q-fin,2019-09,1,1
q-fin.TR,q-fin,2019-11,4,4
q-fin.TR,q-fin,2019-12,4,4
q-fin.TR,q-fin,2020-01,1,1
q-fin.TR,q-fin,2020-02,5,5
q-fin.TR,q-fin,2020-03,4,4
q-fin.TR,q-fin,2020-04,6,6
q-fin.TR,q-fin,2020-05,1,1
q-fin.TR,q-fin,2020-06,2,2
q-fin.TR,q-fin,2020-07,1,1
q-fin.TR,q-fin,2020-08,1,1
q-fin.TR,q-fin,2020-09,3,3
q-fin.TR,q-fin,2020-10,7,7
q-fin.TR,q-fin,2020-11,2,2
q-fin.TR,q-fin,2020-12,6,6
q-fin.TR,q-fin,2021-01,4,4
q-fin.TR,q-fin,2021-02,2,2
q-fin.TR,q-fin,2021-03,6,6
q-fin.TR,q-fin,2021-04,1,1
q-fin.TR,q-fin,2021-05,6,6
q-fin.TR,q-fin,2021-06,4,4
q-fin.TR,q-fin,2021-07,5,5
q-fin.TR,q-fin,2021-08,1,1
q-fin.TR,q-fin,2021-09,1,1
q-fin.TR,q-fin,2021-10,7,7
q-fin.TR,q-fin,2021-11,2,2
q-fin.TR,q-fin,2021-12,4,4
q-fin.TR,q-fin,2022-01,3,3
q-fin.TR,q-fin,2022-03,1,1
q-fin.TR,q-fin,2022-04,4,4
q-fin.TR,q-fin,2022-05,2,2
q-fin.TR,q-fin,2022-06,3,3
q-fin.TR,q-fin,2022-07,4,4
q-fin.TR,q-fin,2022-08,4,4
q-fin.TR,q-fin,2022-09,2,2
q-fin.TR,q-fin,2022-10,5,5
q-fin.TR,q-fin,2022-11,7,7
q-fin.TR,q-fin,2022-12,2,2
q-fin.TR,q-fin,2023-01,4,4
q-fin.TR,q-fin,2023-02,1,1
q-fin.TR,q-fin,2023-03,3,3
q-fin.TR,q-fin,2023-04,2,2
q-fin.TR,q-fin,2023-05,1,1
q-fin.TR,q-fin,2023-06,5,5
q-fin.TR,q-fin,2023-07,3,3
q-fin.TR,q-fin,2023-08,3,3
q-fin.TR,q-fin,2023-09,7,7
q-fin.TR,q-fin,2023-10,2,2
q-fin.TR,q-fin,2023-11,3,3
q-fin.TR,q-fin,2023-12,4,4
q-fin.TR,q-fin,2024-01,5,5
q-fin.TR,q-fin,2024-02,4,4
q-fin.TR,q-fin,2024-03,8,8
q-fin.TR,q-fin,2024-04,1,1
q-fin.TR,q-fin,2024-05,2,2
q-fin.TR,q-fin,2024-06,2,2
q-fin.TR,q-fin,2024-07,12,12
q-fin.TR,q-fin,2024-08,2,2
q-fin.TR,q-fin,2024-09,4,4
q-fin.TR,q-fin,2024-10,4,4
q-fin.TR,q-fin,2024-11,9,9
q-fin.TR,q-fin,2024-12,1,1
q-fin.TR,q-fin,2025-01,8,8
q-fin.TR,q-fin,2025-02,3,3
q-fin.TR,q-fin,2025-03,4,4
q-fin.TR,q-fin,2025-04,2,2
q-fin.TR,q-fin,2025-05,4,4
q-fin.TR,q-fin,2025-06,3,3
q-fin.TR,q-fin,2025-07,6,6
q-fin.TR,q-fin,2025-08,6,6
q-fin.TR,q-fin,2025-09,6,6
q-fin.TR,q-fin,2025-10,7,7
q-fin.TR,q-fin,2025-11,9,9
q-fin.TR,q-fin,2025-12,5,5
quant-ph,quant-ph,2018-01,96,50
quant-ph,quant-ph,2018-02,81,50
quant-ph,quant-ph,2018-03,120,50
quant-ph,quant-ph,2018-04,103,50
quant-ph,quant-ph,2018-05,113,50
quant-ph,quant-ph,2018-06,99,50
quant-ph,quant-ph,2018-07,104,50
quant-ph,quant-ph,2018-08,90,50
quant-ph,quant-ph,2018-09,108,50
quant-ph,quant-ph,2018-10,132,50
quant-ph,quant-ph,2018-11,93,50
quant-ph,quant-ph,2018-12,103,50
quant-ph,quant-ph,2019-01,92,50
quant-ph,quant-ph,2019-02,113,50
quant-ph,quant-ph,2019-03,90,50
quant-ph,quant-ph,2019-04,127,50
quant-ph,quant-ph,2019-05,144,50
quant-ph,quant-ph,2019-06,112,50
quant-ph,quant-ph,2019-07,157,50
quant-ph,quant-ph,2019-08,116,50
quant-ph,quant-ph,2019-09,143,50
quant-ph,quant-ph,2019-10,154,50
quant-ph,quant-ph,2019-11,132,50
quant-ph,quant-ph,2019-12,155,50
quant-ph,quant-ph,2020-01,135,50
quant-ph,quant-ph,2020-02,117,50
quant-ph,quant-ph,2020-03,132,50
quant-ph,quant-ph,2020-04,154,50
quant-ph,quant-ph,2020-05,147,50
quant-ph,quant-ph,2020-06,157,50
quant-ph,quant-ph,2020-07,155,50
quant-ph,quant-ph,2020-08,129,50
quant-ph,quant-ph,2020-09,139,50
quant-ph,quant-ph,2020-10,153,50
quant-ph,quant-ph,2020-11,175,50
quant-ph,quant-ph,2020-12,180,50
quant-ph,quant-ph,2021-01,137,50
quant-ph,quant-ph,2021-02,163,50
quant-ph,quant-ph,2021-03,220,50
quant-ph,quant-ph,2021-04,161,50
quant-ph,quant-ph,2021-05,204,50
quant-ph,quant-ph,2021-06,198,50
quant-ph,quant-ph,2021-07,167,50
quant-ph,quant-ph,2021-08,169,50
quant-ph,quant-ph,2021-09,178,50
quant-ph,quant-ph,2021-10,195,50
quant-ph,quant-ph,2021-11,204,50
quant-ph,quant-ph,2021-12,225,50
quant-ph,quant-ph,2022-01,144,50
quant-ph,quant-ph,2022-02,186,50
quant-ph,quant-ph,2022-03,208,50
quant-ph,quant-ph,2022-04,177,50
quant-ph,quant-ph,2022-05,201,50
quant-ph,quant-ph,2022-06,208,50
quant-ph,quant-ph,2022-07,183,50
quant-ph,quant-ph,2022-08,203,50
quant-ph,quant-ph,2022-09,224,50
quant-ph,quant-ph,2022-10,226,50
quant-ph,quant-ph,2022-11,208,50
quant-ph,quant-ph,2022-12,241,50
quant-ph,quant-ph,2023-01,214,50
quant-ph,quant-ph,2023-02,195,50
quant-ph,quant-ph,2023-03,242,50
quant-ph,quant-ph,2023-04,209,50
quant-ph,quant-ph,2023-05,213,50
quant-ph,quant-ph,2023-06,233,50
quant-ph,quant-ph,2023-07,236,50
quant-ph,quant-ph,2023-08,206,50
quant-ph,quant-ph,2023-09,229,50
quant-ph,quant-ph,2023-10,263,50
quant-ph,quant-ph,2023-11,259,50
quant-ph,quant-ph,2023-12,246,50
quant-ph,quant-ph,2024-01,205,50
quant-ph,quant-ph,2024-02,249,50
quant-ph,quant-ph,2024-03,222,50
quant-ph,quant-ph,2024-04,269,50
quant-ph,quant-ph,2024-05,266,50
quant-ph,quant-ph,2024-06,226,50
quant-ph,quant-ph,2024-07,261,50
quant-ph,quant-ph,2024-08,258,50
quant-ph,quant-ph,2024-09,267,50
quant-ph,quant-ph,2024-10,331,50
quant-ph,quant-ph,2024-11,315,50
quant-ph,quant-ph,2024-12,273,50
quant-ph,quant-ph,2025-01,263,50
quant-ph,quant-ph,2025-02,242,50
quant-ph,quant-ph,2025-03,265,50
quant-ph,quant-ph,2025-04,319,50
quant-ph,quant-ph,2025-05,288,50
quant-ph,quant-ph,2025-06,307,50
quant-ph,quant-ph,2025-07,317,50
quant-ph,quant-ph,2025-08,276,50
quant-ph,quant-ph,2025-09,375,50
quant-ph,quant-ph,2025-10,396,50
quant-ph,quant-ph,2025-11,262,50
quant-ph,quant-ph,2025-12,379,50
stat.AP,stat,2018-01,60,50
stat.AP,stat,2018-02,55,50
stat.AP,stat,2018-03,68,50
stat.AP,stat,2018-04,59,50
stat.AP,stat,2018-05,76,50
stat.AP,stat,2018-06,66,50
stat.AP,stat,2018-07,72,50
stat.AP,stat,2018-08,66,50
stat.AP,stat,2018-09,53,50
stat.AP,stat,2018-10,84,50
stat.AP,stat,2018-11,62,50
stat.AP,stat,2018-12,59,50
stat.AP,stat,2019-01,63,50
stat.AP,stat,2019-02,67,50
stat.AP,stat,2019-03,78,50
stat.AP,stat,2019-04,75,50
stat.AP,stat,2019-05,62,50
stat.AP,stat,2019-06,84,50
stat.AP,stat,2019-07,69,50
stat.AP,stat,2019-08,72,50
stat.AP,stat,2019-09,67,50
stat.AP,stat,2019-10,91,50
stat.AP,stat,2019-11,88,50
stat.AP,stat,2019-12,84,50
stat.AP,stat,2020-01,69,50
stat.AP,stat,2020-02,59,50
stat.AP,stat,2020-03,81,50
stat.AP,stat,2020-04,81,50
stat.AP,stat,2020-05,92,50
stat.AP,stat,2020-06,95,50
stat.AP,stat,2020-07,108,50
stat.AP,stat,2020-08,84,50
stat.AP,stat,2020-09,91,50
stat.AP,stat,2020-10,75,50
stat.AP,stat,2020-11,80,50
stat.AP,stat,2020-12,84,50
stat.AP,stat,2021-01,74,50
stat.AP,stat,2021-02,79,50
stat.AP,stat,2021-03,83,50
stat.AP,stat,2021-04,59,50
stat.AP,stat,2021-05,62,50
stat.AP,stat,2021-06,92,50
stat.AP,stat,2021-07,55,50
stat.AP,stat,2021-08,56,50
stat.AP,stat,2021-09,62,50
stat.AP,stat,2021-10,74,50
stat.AP,stat,2021-11,91,50
stat.AP,stat,2021-12,66,50
stat.AP,stat,2022-01,59,50
stat.AP,stat,2022-02,63,50
stat.AP,stat,2022-03,66,50
stat.AP,stat,2022-04,46,46
stat.AP,stat,2022-05,55,50
stat.AP,stat,2022-06,67,50
stat.AP,stat,2022-07,53,50
stat.AP,stat,2022-08,69,50
stat.AP,stat,2022-09,58,50
stat.AP,stat,2022-10,90,50
stat.AP,stat,2022-11,73,50
stat.AP,stat,2022-12,53,50
stat.AP,stat,2023-01,59,50
stat.AP,stat,2023-02,57,50
stat.AP,stat,2023-03,85,50
stat.AP,stat,2023-04,55,50
stat.AP,stat,2023-05,82,50
stat.AP,stat,2023-06,71,50
stat.AP,stat,2023-07,68,50
stat.AP,stat,2023-08,57,50
stat.AP,stat,2023-09,56,50
stat.AP,stat,2023-10,80,50
stat.AP,stat,2023-11,71,50
stat.AP,stat,2023-12,66,50
stat.AP,stat,2024-01,71,50
stat.AP,stat,2024-02,67,50
stat.AP,stat,2024-03,55,50
stat.AP,stat,2024-04,72,50
stat.AP,stat,2024-05,69,50
stat.AP,stat,2024-06,59,50
stat.AP,stat,2024-07,70,50
stat.AP,stat,2024-08,68,50
stat.AP,stat,2024-09,78,50
stat.AP,stat,2024-10,73,50
stat.AP,stat,2024-11,84,50
stat.AP,stat,2024-12,75,50
stat.AP,stat,2025-01,81,50
stat.AP,stat,2025-02,82,50
stat.AP,stat,2025-03,109,50
stat.AP,stat,2025-04,71,50
stat.AP,stat,2025-05,83,50
stat.AP,stat,2025-06,107,50
stat.AP,stat,2025-07,88,50
stat.AP,stat,2025-08,74,50
stat.AP,stat,2025-09,102,50
stat.AP,stat,2025-10,111,50
stat.AP,stat,2025-11,87,50
stat.AP,stat,2025-12,91,50
stat.CO,stat,2018-01,24,24
stat.CO,stat,2018-02,23,23
stat.CO,stat,2018-03,34,34
stat.CO,stat,2018-04,26,26
stat.CO,stat,2018-05,21,21
stat.CO,stat,2018-06,38,38
stat.CO,stat,2018-07,22,22
stat.CO,stat,2018-08,22,22
stat.CO,stat,2018-09,27,27
stat.CO,stat,2018-10,31,31
stat.CO,stat,2018-11,28,28
stat.CO,stat,2018-12,28,28
stat.CO,stat,2019-01,18,18
stat.CO,stat,2019-02,24,24
stat.CO,stat,2019-03,36,36
stat.CO,stat,2019-04,24,24
stat.CO,stat,2019-05,39,39
stat.CO,stat,2019-06,28,28
stat.CO,stat,2019-07,26,26
stat.CO,stat,2019-08,21,21
stat.CO,stat,2019-09,21,21
stat.CO,stat,2019-10,27,27
stat.CO,stat,2019-11,28,28
stat.CO,stat,2019-12,23,23
stat.CO,stat,2020-01,32,32
stat.CO,stat,2020-02,26,26
stat.CO,stat,2020-03,20,20
stat.CO,stat,2020-04,34,34
stat.CO,stat,2020-05,20,20
stat.CO,stat,2020-06,23,23
stat.CO,stat,2020-07,24,24
stat.CO,stat,2020-08,15,15
stat.CO,stat,2020-09,24,24
stat.CO,stat,2020-10,25,25
stat.CO,stat,2020-11,23,23
stat.CO,stat,2020-12,24,24
stat.CO,stat,2021-01,28,28
stat.CO,stat,2021-02,22,22
stat.CO,stat,2021-03,22,22
stat.CO,stat,2021-04,21,21
stat.CO,stat,2021-05,27,27
stat.CO,stat,2021-06,31,31
stat.CO,stat,2021-07,23,23
stat.CO,stat,2021-08,22,22
stat.CO,stat,2021-09,22,22
stat.CO,stat,2021-10,30,30
stat.CO,stat,2021-11,18,18
stat.CO,stat,2021-12,27,27
stat.CO,stat,2022-01,20,20
stat.CO,stat,2022-02,19,19
stat.CO,stat,2022-03,25,25
stat.CO,stat,2022-04,22,22
stat.CO,stat,2022-05,29,29
stat.CO,stat,2022-06,34,34
stat.CO,stat,2022-07,20,20
stat.CO,stat,2022-08,25,25
stat.CO,stat,2022-09,22,22
stat.CO,stat,2022-10,32,32
stat.CO,stat,2022-11,31,31
stat.CO,stat,2022-12,12,12
stat.CO,stat,2023-01,15,15
stat.CO,stat,2023-02,20,20
stat.CO,stat,2023-03,29,29
stat.CO,stat,2023-04,16,16
stat.CO,stat,2023-05,20,20
stat.CO,stat,2023-06,20,20
stat.CO,stat,2023-07,18,18
stat.CO,stat,2023-08,19,19
stat.CO,stat,2023-09,21,21
stat.CO,stat,2023-10,31,31
stat.CO,stat,2023-11,19,19
stat.CO,stat,2023-12,19,19
stat.CO,stat,2024-01,21,21
stat.CO,stat,2024-02,18,18
stat.CO,stat,2024-03,22,22
stat.CO,stat,2024-04,28,28
stat.CO,stat,2024-05,27,27
stat.CO,stat,2024-06,24,24
stat.CO,stat,2024-07,25,25
stat.CO,stat,2024-08,28,28
stat.CO,stat,2024-09,28,28
stat.CO,stat,2024-10,36,36
stat.CO,stat,2024-11,28,28
stat.CO,stat,2024-12,24,24
stat.CO,stat,2025-01,38,38
stat.CO,stat,2025-02,25,25
stat.CO,stat,2025-03,24,24
stat.CO,stat,2025-04,27,27
stat.CO,stat,2025-05,28,28
stat.CO,stat,2025-06,26,26
stat.CO,stat,2025-07,25,25
stat.CO,stat,2025-08,22,22
stat.CO,stat,2025-09,18,18
stat.CO,stat,2025-10,29,29
stat.CO,stat,2025-11,37,37
stat.CO,stat,2025-12,27,27
stat.ME,stat,2018-01,112,50
stat.ME,stat,2018-02,110,50
stat.ME,stat,2018-03,125,50
stat.ME,stat,2018-04,115,50
stat.ME,stat,2018-05,123,50
stat.ME,stat,2018-06,117,50
stat.ME,stat,2018-07,113,50
stat.ME,stat,2018-08,106,50
stat.ME,stat,2018-09,98,50
stat.ME,stat,2018-10,117,50
stat.ME,stat,2018-11,82,50
stat.ME,stat,2018-12,103,50
stat.ME,stat,2019-01,104,50
stat.ME,stat,2019-02,89,50
stat.ME,stat,2019-03,90,50
stat.ME,stat,2019-04,110,50
stat.ME,stat,2019-05,103,50
stat.ME,stat,2019-06,116,50
stat.ME,stat,2019-07,124,50
stat.ME,stat,2019-08,108,50
stat.ME,stat,2019-09,109,50
stat.ME,stat,2019-10,154,50
stat.ME,stat,2019-11,139,50
stat.ME,stat,2019-12,110,50
stat.ME,stat,2020-01,97,50
stat.ME,stat,2020-02,132,50
stat.ME,stat,2020-03,142,50
stat.ME,stat,2020-04,161,50
stat.ME,stat,2020-05,165,50
stat.ME,stat,2020-06,223,50
stat.ME,stat,2020-07,195,50
stat.ME,stat,2020-08,160,50
stat.ME,stat,2020-09,155,50
stat.ME,stat,2020-10,166,50
stat.ME,stat,2020-11,186,50
stat.ME,stat,2020-12,176,50
stat.ME,stat,2021-01,152,50
stat.ME,stat,2021-02,151,50
stat.ME,stat,2021-03,221,50
stat.ME,stat,2021-04,178,50
stat.ME,stat,2021-05,189,50
stat.ME,stat,2021-06,190,50
stat.ME,stat,2021-07,184,50
stat.ME,stat,2021-08,155,50
stat.ME,stat,2021-09,183,50
stat.ME,stat,2021-10,206,50
stat.ME,stat,2021-11,168,50
stat.ME,stat,2021-12,183,50
stat.ME,stat,2022-01,153,50
stat.ME,stat,2022-02,170,50
stat.ME,stat,2022-03,229,50
stat.ME,stat,2022-04,155,50
stat.ME,stat,2022-05,187,50
stat.ME,stat,2022-06,205,50
stat.ME,stat,2022-07,169,50
stat.ME,stat,2022-08,218,50
stat.ME,stat,2022-09,199,50
stat.ME,stat,2022-10,224,50
stat.ME,stat,2022-11,198,50
stat.ME,stat,2022-12,173,50
stat.ME,stat,2023-01,174,50
stat.ME,stat,2023-02,195,50
stat.ME,stat,2023-03,195,50
stat.ME,stat,2023-04,165,50
stat.ME,stat,2023-05,229,50
stat.ME,stat,2023-06,250,50
stat.ME,stat,2023-07,190,50
stat.ME,stat,2023-08,167,50
stat.ME,stat,2023-09,200,50
stat.ME,stat,2023-10,229,50
stat.ME,stat,2023-11,220,50
stat.ME,stat,2023-12,195,50
stat.ME,stat,2024-01,268,50
stat.ME,stat,2024-02,220,50
stat.ME,stat,2024-03,221,50
stat.ME,stat,2024-04,217,50
stat.ME,stat,2024-05,251,50
stat.ME,stat,2024-06,232,50
stat.ME,stat,2024-07,242,50
stat.ME,stat,2024-08,182,50
stat.ME,stat,2024-09,213,50
stat.ME,stat,2024-10,297,50
stat.ME,stat,2024-11,227,50
stat.ME,stat,2024-12,216,50
stat.ME,stat,2025-01,213,50
stat.ME,stat,2025-02,246,50
stat.ME,stat,2025-03,257,50
stat.ME,stat,2025-04,254,50
stat.ME,stat,2025-05,275,50
stat.ME,stat,2025-06,290,50
stat.ME,stat,2025-07,286,50
stat.ME,stat,2025-08,219,50
stat.ME,stat,2025-09,304,50
stat.ME,stat,2025-10,308,50
stat.ME,stat,2025-11,295,50
stat.ME,stat,2025-12,311,50
stat.ML,stat,2018-01,99,50
stat.ML,stat,2018-02,241,50
stat.ML,stat,2018-03,185,50
stat.ML,stat,2018-04,131,50
stat.ML,stat,2018-05,265,50
stat.ML,stat,2018-06,252,50
stat.ML,stat,2018-07,129,50
stat.ML,stat,2018-08,90,50
stat.ML,stat,2018-09,95,50
stat.ML,stat,2018-10,186,50
stat.ML,stat,2018-11,138,50
stat.ML,stat,2018-12,121,50
stat.ML,stat,2019-01,138,50
stat.ML,stat,2019-02,143,50
stat.ML,stat,2019-03,116,50
stat.ML,stat,2019-04,108,50
stat.ML,stat,2019-05,197,50
stat.ML,stat,2019-06,210,50
stat.ML,stat,2019-07,111,50
stat.ML,stat,2019-08,95,50
stat.ML,stat,2019-09,129,50
stat.ML,stat,2019-10,202,50
stat.ML,stat,2019-11,113,50
stat.ML,stat,2019-12,129,50
stat.ML,stat,2020-01,98,50
stat.ML,stat,2020-02,222,50
stat.ML,stat,2020-03,126,50
stat.ML,stat,2020-04,98,50
stat.ML,stat,2020-05,99,50
stat.ML,stat,2020-06,353,50
stat.ML,stat,2020-07,188,50
stat.ML,stat,2020-08,102,50
stat.ML,stat,2020-09,104,50
stat.ML,stat,2020-10,181,50
stat.ML,stat,2020-11,136,50
stat.ML,stat,2020-12,117,50
stat.ML,stat,2021-01,87,50
stat.ML,stat,2021-02,166,50
stat.ML,stat,2021-03,143,50
stat.ML,stat,2021-04,113,50
stat.ML,stat,2021-05,125,50
stat.ML,stat,2021-06,215,50
stat.ML,stat,2021-07,109,50
stat.ML,stat,2021-08,76,50
stat.ML,stat,2021-09,107,50
stat.ML,stat,2021-10,179,50
stat.ML,stat,2021-11,122,50
stat.ML,stat,2021-12,94,50
stat.ML,stat,2022-01,100,50
stat.ML,stat,2022-02,188,50
stat.ML,stat,2022-03,129,50
stat.ML,stat,2022-04,77,50
stat.ML,stat,2022-05,175,50
stat.ML,stat,2022-06,184,50
stat.ML,stat,2022-07,107,50
stat.ML,stat,2022-08,89,50
stat.ML,stat,2022-09,108,50
stat.ML,stat,2022-10,174,50
stat.ML,stat,2022-11,136,50
stat.ML,stat,2022-12,82,50
stat.ML,stat,2023-01,121,50
stat.ML,stat,2023-02,177,50
stat.ML,stat,2023-03,116,50
stat.ML,stat,2023-04,84,50
stat.ML,stat,2023-05,206,50
stat.ML,stat,2023-06,190,50
stat.ML,stat,2023-07,104,50
stat.ML,stat,2023-08,96,50
stat.ML,stat,2023-09,124,50
stat.ML,stat,2023-10,231,50
stat.ML,stat,2023-11,112,50
stat.ML,stat,2023-12,101,50
stat.ML,stat,2024-01,96,50
stat.ML,stat,2024-02,204,50
stat.ML,stat,2024-03,133,50
stat.ML,stat,2024-04,102,50
stat.ML,stat,2024-05,216,50
stat.ML,stat,2024-06,166,50
stat.ML,stat,2024-07,110,50
stat.ML,stat,2024-08,120,50
stat.ML,stat,2024-09,140,50
stat.ML,stat,2024-10,253,50
stat.ML,stat,2024-11,145,50
stat.ML,stat,2024-12,122,50
stat.ML,stat,2025-01,146,50
stat.ML,stat,2025-02,230,50
stat.ML,stat,2025-03,174,50
stat.ML,stat,2025-04,125,50
stat.ML,stat,2025-05,261,50
stat.ML,stat,2025-06,193,50
stat.ML,stat,2025-07,159,50
stat.ML,stat,2025-08,117,50
stat.ML,stat,2025-09,198,50
stat.ML,stat,2025-10,265,50
stat.ML,stat,2025-11,164,50
stat.ML,stat,2025-12,164,50
stat.OT,stat,2018-01,6,6
stat.OT,stat,2018-02,7,7
stat.OT,stat,2018-03,5,5
stat.OT,stat,2018-04,6,6
stat.OT,stat,2018-05,6,6
stat.OT,stat,2018-06,5,5
stat.OT,stat,2018-08,3,3
stat.OT,stat,2018-09,6,6
stat.OT,stat,2018-10,6,6
stat.OT,stat,2018-11,9,9
stat.OT,stat,2018-12,4,4
stat.OT,stat,2019-01,8,8
stat.OT,stat,2019-02,5,5
stat.OT,stat,2019-03,7,7
stat.OT,stat,2019-04,9,9
stat.OT,stat,2019-05,8,8
stat.OT,stat,2019-06,2,2
stat.OT,stat,2019-07,3,3
stat.OT,stat,2019-08,5,5
stat.OT,stat,2019-09,9,9
stat.OT,stat,2019-10,9,9
stat.OT,stat,2019-11,5,5
stat.OT,stat,2019-12,3,3
stat.OT,stat,2020-01,9,9
stat.OT,stat,2020-02,8,8
stat.OT,stat,2020-03,11,11
stat.OT,stat,2020-04,5,5
stat.OT,stat,2020-05,1,1
stat.OT,stat,2020-06,3,3
stat.OT,stat,2020-07,9,9
stat.OT,stat,2020-08,4,4
stat.OT,stat,2020-09,2,2
stat.OT,stat,2020-10,6,6
stat.OT,stat,2020-11,3,3
stat.OT,stat,2020-12,5,5
stat.OT,stat,2021-01,6,6
stat.OT,stat,2021-02,5,5
stat.OT,stat,2021-03,4,4
stat.OT,stat,2021-04,4,4
stat.OT,stat,2021-05,6,6
stat.OT,stat,2021-06,3,3
stat.OT,stat,2021-07,2,2
stat.OT,stat,2021-08,5,5
stat.OT,stat,2021-09,2,2
stat.OT,stat,2021-10,2,2
stat.OT,stat,2021-11,2,2
stat.OT,stat,2021-12,4,4
stat.OT,stat,2022-01,4,4
stat.OT,stat,2022-02,6,6
stat.OT,stat,2022-03,1,1
stat.OT,stat,2022-04,8,8
stat.OT,stat,2022-05,7,7
stat.OT,stat,2022-06,4,4
stat.OT,stat,2022-07,1,1
stat.OT,stat,2022-08,2,2
stat.OT,stat,2022-09,1,1
stat.OT,stat,2022-10,2,2
stat.OT,stat,2022-11,5,5
stat.OT,stat,2022-12,1,1
stat.OT,stat,2023-01,5,5
stat.OT,stat,2023-02,3,3
stat.OT,stat,2023-03,2,2
stat.OT,stat,2023-04,7,7
stat.OT,stat,2023-05,8,8
stat.OT,stat,2023-06,2,2
stat.OT,stat,2023-07,12,12
stat.OT,stat,2023-08,1,1
stat.OT,stat,2023-09,9,9
stat.OT,stat,2023-10,7,7
stat.OT,stat,2023-12,2,2
stat.OT,stat,2024-01,4,4
stat.OT,stat,2024-02,4,4
stat.OT,stat,2024-03,4,4
stat.OT,stat,2024-04,2,2
stat.OT,stat,2024-05,4,4
stat.OT,stat,2024-06,1,1
stat.OT,stat,2024-07,11,11
stat.OT,stat,2024-09,5,5
stat.OT,stat,2024-10,5,5
stat.OT,stat,2024-11,3,3
stat.OT,stat,2024-12,9,9
stat.OT,stat,2025-01,4,4
stat.OT,stat,2025-02,9,9
stat.OT,stat,2025-03,9,9
stat.OT,stat,2025-04,7,7
stat.OT,stat,2025-05,4,4
stat.OT,stat,2025-06,7,7
stat.OT,stat,2025-07,2,2
stat.OT,stat,2025-08,7,7
stat.OT,stat,2025-09,10,10
stat.OT,stat,2025-10,6,6
stat.OT,stat,2025-11,9,9
stat.OT,stat,2025-12,7,7
