row_id,topic_cluster
0,-1
2,-1
3,-1
4,-1
6,-1
11,-1
12,3
13,-1
19,-1
22,-1
23,-1
24,-1
25,-1
26,-1
27,-1
29,-1
32,3
33,-1
34,3
35,-1
36,3
37,3
39,3
41,-1
42,-1
43,3
44,3
46,-1
47,3
48,-1
49,3
51,3
52,-1
53,-1
54,0
55,-1
56,3
57,-1
58,3
59,-1
60,-1
63,1
64,-1
65,-1
66,-1
67,3
68,-1
69,-1
72,-1
73,3
76,3
79,-1
80,-1
81,3
83,-1
86,3
87,3
88,-1
90,1
92,3
94,3
96,3
97,3
99,-1
102,-1
103,-1
104,-1
105,-1
106,-1
109,-1
111,3
112,-1
113,0
114,-1
116,3
118,-1
119,-1
120,-1
122,-1
123,3
124,-1
127,3
129,-1
132,3
136,-1
137,-1
140,-1
141,3
143,3
144,-1
147,-1
148,-1
149,3
150,-1
154,3
155,3
157,-1
158,-1
160,-1
161,3
162,-1
163,3
165,-1
167,-1
168,-1
172,-1
174,3
177,-1
179,3
182,-1
187,-1
188,-1
190,-1
191,3
194,-1
195,-1
196,3
197,3
198,-1
199,-1
200,-1
203,-1
205,3
206,-1
207,3
208,3
209,3
210,3
214,3
215,-1
216,-1
217,3
218,-1
219,3
220,3
224,-1
226,-1
227,-1
228,-1
231,-1
232,-1
233,-1
234,3
239,-1
240,-1
242,-1
243,3
244,-1
246,-1
248,-1
249,3
251,-1
253,-1
254,-1
256,-1
258,-1
261,-1
265,-1
266,-1
267,3
268,-1
270,3
272,-1
275,-1
276,-1
277,-1
278,-1
280,-1
281,3
282,-1
283,-1
284,-1
285,-1
286,-1
287,-1
288,-1
289,3
290,3
291,-1
292,-1
293,-1
294,-1
295,3
297,-1
298,3
299,-1
301,3
302,-1
303,-1
305,-1
306,-1
308,-1
310,-1
311,-1
313,-1
314,-1
315,3
318,3
319,3
320,-1
322,-1
323,3
325,-1
326,-1
327,-1
329,-1
330,-1
331,-1
332,-1
333,3
334,-1
337,-1
338,-1
339,-1
340,3
341,3
342,-1
343,-1
345,-1
346,-1
347,-1
349,-1
350,-1
351,-1
352,-1
353,-1
355,-1
356,-1
359,-1
360,-1
361,-1
362,-1
363,3
364,-1
365,3
366,3
367,-1
368,3
369,-1
371,-1
372,-1
374,-1
376,3
377,3
378,3
380,-1
381,-1
384,3
388,-1
389,-1
391,-1
394,-1
395,-1
396,-1
398,-1
399,3
400,-1
403,-1
404,-1
406,-1
407,-1
411,3
412,3
413,3
415,-1
418,3
419,-1
420,-1
421,-1
425,3
426,-1
427,-1
428,-1
430,-1
431,3
432,3
434,-1
435,-1
436,-1
438,-1
439,-1
441,-1
442,3
443,-1
444,-1
445,-1
446,-1
447,-1
448,3
449,-1
453,3
454,-1
455,-1
456,-1
458,3
461,-1
462,-1
464,-1
465,-1
466,3
467,-1
468,-1
469,-1
470,3
473,-1
475,-1
477,3
479,-1
480,-1
484,-1
485,3
486,-1
488,-1
491,-1
492,-1
493,3
495,-1
496,3
497,-1
498,3
499,-1
500,-1
502,-1
504,-1
505,-1
507,-1
508,3
511,-1
512,-1
514,2
515,-1
516,-1
517,3
519,3
520,3
522,-1
523,-1
524,-1
525,0
526,3
527,-1
529,3
531,-1
532,-1
534,3
535,-1
536,-1
539,-1
540,3
542,-1
543,-1
546,3
548,3
551,-1
552,-1
554,-1
556,-1
557,-1
561,-1
562,-1
563,-1
564,-1
567,-1
568,-1
569,-1
571,-1
573,-1
574,-1
575,-1
577,3
578,-1
579,3
581,-1
582,-1
583,-1
584,3
585,-1
586,-1
587,-1
589,3
590,-1
591,3
592,-1
593,-1
594,-1
595,-1
601,-1
602,-1
603,3
604,3
605,3
610,-1
612,-1
614,-1
616,-1
618,3
619,-1
621,3
623,-1
627,-1
629,-1
630,3
634,-1
636,-1
637,-1
639,2
641,-1
642,-1
644,-1
648,-1
649,-1
650,-1
653,-1
655,-1
657,-1
659,-1
663,3
664,-1
666,-1
667,3
672,3
674,-1
675,3
676,3
677,3
678,-1
681,-1
682,-1
683,-1
685,3
686,3
687,3
688,3
689,-1
692,-1
693,-1
694,3
696,-1
698,3
699,3
700,-1
701,-1
702,-1
704,-1
706,3
707,-1
708,3
709,-1
710,-1
712,-1
714,-1
715,3
716,-1
717,3
719,-1
720,3
721,-1
723,3
724,-1
725,-1
727,-1
728,-1
729,-1
731,-1
732,-1
736,-1
738,3
739,-1
740,-1
742,-1
743,-1
744,3
745,-1
748,3
749,0
750,3
752,-1
755,-1
757,3
758,-1
759,-1
768,-1
769,3
772,3
773,3
778,-1
781,3
783,3
785,3
786,-1
787,-1
791,-1
793,-1
794,-1
796,3
798,-1
800,3
801,-1
803,3
804,-1
805,-1
806,3
807,-1
810,-1
811,-1
814,3
816,-1
819,3
821,-1
822,-1
823,-1
824,-1
826,3
829,-1
830,-1
832,3
835,-1
837,-1
842,-1
843,-1
844,-1
846,-1
847,3
849,-1
850,3
851,-1
852,-1
854,-1
857,-1
858,-1
862,-1
865,-1
867,-1
868,3
870,-1
873,3
874,-1
875,3
876,1
877,-1
878,3
879,3
880,-1
881,3
883,-1
884,-1
885,3
887,-1
890,3
891,-1
892,-1
893,3
894,-1
895,3
897,3
899,-1
903,-1
904,1
906,3
907,-1
908,-1
909,-1
910,-1
913,-1
914,-1
915,-1
916,3
918,-1
920,3
922,3
923,-1
926,-1
927,-1
929,-1
930,-1
932,3
934,-1
935,-1
936,-1
937,-1
938,-1
940,3
941,-1
945,-1
946,-1
947,-1
948,-1
949,-1
953,3
954,3
955,-1
957,-1
958,3
959,3
960,-1
965,3
967,3
968,-1
969,-1
970,-1
971,-1
972,-1
973,-1
974,3
975,-1
977,-1
979,-1
980,3
981,-1
982,-1
983,-1
984,-1
986,-1
987,-1
988,-1
989,-1
991,-1
992,-1
993,3
994,3
995,-1
998,3
999,0
1000,3
1001,-1
1002,3
1003,3
1004,3
1005,-1
1006,-1
1009,-1
1010,-1
1011,-1
1018,-1
1019,3
1020,3
1021,0
1022,-1
1023,-1
1024,-1
1025,-1
1026,-1
1028,-1
1029,-1
1030,0
1033,-1
1036,3
1037,-1
1038,-1
1039,-1
1040,3
1041,-1
1042,3
1043,3
1046,-1
1047,-1
1048,3
1050,-1
1051,-1
1055,3
1056,-1
1061,-1
1062,-1
1064,-1
1065,-1
1066,-1
1067,-1
1068,3
1069,-1
1073,-1
1076,-1
1078,-1
1079,-1
1081,-1
1083,3
1084,-1
1085,3
1086,-1
1089,-1
1091,-1
1092,-1
1093,-1
1095,3
1097,-1
1100,-1
1105,3
1107,-1
1108,-1
1109,-1
1111,-1
1114,3
1119,3
1120,-1
1121,-1
1122,-1
1124,3
1125,-1
1128,-1
1129,-1
1131,3
1134,3
1135,-1
1136,-1
1139,3
1143,3
1145,-1
1149,3
1152,3
1153,-1
1154,-1
1155,-1
1157,-1
1158,-1
1160,-1
1161,-1
1162,3
1163,3
1167,-1
1169,-1
1170,-1
1172,-1
1175,-1
1178,-1
1179,-1
1180,-1
1181,-1
1186,-1
1188,-1
1189,2
1191,3
1192,-1
1193,3
1194,-1
1195,-1
1196,2
1198,3
1200,-1
1203,3
1204,-1
1205,3
1206,3
1208,-1
1209,-1
1211,-1
1212,-1
1213,3
1214,-1
1216,-1
1217,-1
1219,3
1220,-1
1224,3
1226,-1
1227,-1
1231,3
1233,-1
1234,-1
1235,-1
1237,3
1239,-1
1240,-1
1241,3
1243,3
1245,-1
1246,3
1250,3
1251,3
1252,-1
1255,3
1256,-1
1258,-1
1261,3
1263,-1
1264,3
1266,-1
1267,-1
1269,-1
1272,-1
1273,-1
1277,-1
1278,-1
1279,-1
1280,-1
1281,-1
1282,-1
1283,-1
1285,-1
1287,-1
1290,3
1292,-1
1293,3
1295,3
1298,-1
1299,-1
1301,-1
1303,-1
1304,3
1306,-1
1307,-1
1309,3
1310,-1
1312,3
1313,3
1314,3
1315,-1
1316,3
1317,3
1318,3
1319,-1
1322,-1
1323,-1
1324,-1
1327,-1
1328,-1
1331,3
1332,-1
1335,-1
1337,-1
1338,-1
1339,-1
1340,-1
1345,-1
1346,3
1348,3
1349,3
1351,-1
1352,-1
1353,3
1354,-1
1355,3
1356,-1
1357,-1
1359,3
1360,3
1363,-1
1365,3
1366,-1
1367,3
1368,-1
1369,-1
1371,-1
1372,-1
1374,3
1375,-1
1376,3
1377,3
1379,-1
1380,-1
1382,-1
1383,3
1384,-1
1385,3
1388,3
1389,2
1391,-1
1393,3
1395,3
1396,-1
1398,-1
1399,-1
1401,-1
1402,3
1403,3
1405,-1
1406,-1
1407,3
1408,-1
1409,-1
1411,-1
1412,-1
1413,-1
1415,-1
1418,-1
1419,3
1420,-1
1421,-1
1422,-1
1424,-1
1425,-1
1426,-1
1427,-1
1429,3
1430,-1
1431,-1
1432,-1
1436,-1
1437,-1
1441,-1
1442,-1
1443,-1
1444,3
1446,-1
1448,-1
1451,-1
1453,-1
1454,-1
1455,-1
1456,-1
1457,-1
1459,-1
1460,-1
1461,-1
1465,-1
1468,-1
1469,-1
1471,-1
1472,-1
1474,-1
1475,-1
1477,-1
1478,-1
1482,-1
1484,-1
1485,-1
1486,3
1487,-1
1488,-1
1489,3
1490,-1
1491,-1
1492,-1
1493,3
1495,3
1496,-1
1498,-1
1499,-1
1500,-1
1501,3
1502,-1
1503,-1
1504,-1
1506,-1
1507,-1
1508,-1
1509,-1
1510,-1
1511,3
1513,-1
1514,3
1515,-1
1516,-1
1518,-1
1519,3
1520,3
1522,-1
1523,-1
1524,-1
1525,-1
1527,-1
1528,3
1531,-1
1532,-1
1533,-1
1534,-1
1535,-1
1539,-1
1540,3
1541,3
1543,-1
1545,3
1547,3
1551,-1
1552,-1
1553,3
1556,3
1557,-1
1558,-1
1559,-1
1560,3
1561,-1
1563,-1
1565,3
1567,3
1570,3
1571,-1
1572,-1
1574,3
1575,3
1576,3
1577,3
1578,-1
1581,-1
1582,-1
1584,-1
1585,-1
1586,-1
1587,3
1588,-1
1590,-1
1591,-1
1594,0
1596,3
1597,-1
1600,-1
1601,-1
1603,3
1605,3
1606,-1
1609,3
1610,-1
1611,-1
1613,-1
1614,-1
1615,3
1618,3
1620,-1
1623,-1
1624,-1
1625,2
1630,-1
1631,-1
1632,-1
1634,3
1637,-1
1638,-1
1639,-1
1640,-1
1642,3
1643,-1
1644,-1
1646,-1
1648,-1
1649,-1
1650,-1
1652,-1
1653,3
1656,3
1658,3
1660,-1
1661,-1
1662,-1
1663,3
1664,-1
1665,-1
1666,-1
1667,-1
1668,3
1669,-1
1670,3
1675,-1
1676,-1
1677,3
1680,-1
1681,-1
1682,-1
1683,3
1685,3
1687,-1
1688,-1
1689,3
1690,-1
1691,-1
1693,3
1694,-1
1695,3
1696,-1
1698,-1
1699,3
1701,-1
1702,3
1704,2
1707,-1
1708,-1
1709,3
1710,-1
1711,-1
1712,-1
1716,-1
1717,-1
1719,-1
1720,3
1723,3
1724,-1
1725,-1
1727,-1
1728,-1
1729,-1
1730,-1
1731,-1
1734,-1
1735,-1
1736,-1
1737,-1
1739,-1
1740,-1
1741,3
1742,-1
1744,-1
1748,3
1749,-1
1751,3
1752,-1
1754,3
1755,-1
1757,-1
1758,-1
1761,-1
1762,-1
1764,-1
1765,3
1768,-1
1770,-1
1771,-1
1773,-1
1774,-1
1775,-1
1777,3
1778,3
1779,-1
1781,-1
1782,-1
1785,3
1787,-1
1788,3
1789,-1
1790,-1
1793,-1
1794,-1
1795,3
1796,3
1797,-1
1798,3
1800,-1
1802,-1
1804,-1
1805,-1
1807,-1
1808,-1
1811,3
1813,3
1814,-1
1815,-1
1816,3
1818,3
1819,3
1820,3
1821,-1
1822,-1
1823,-1
1824,3
1825,3
1826,-1
1827,-1
1828,3
1829,3
1830,-1
1831,-1
1834,-1
1835,-1
1837,3
1840,-1
1841,-1
1842,-1
1843,-1
1844,-1
1845,-1
1846,-1
1851,3
1852,-1
1855,-1
1857,-1
1861,3
1862,-1
1863,3
1864,-1
1866,-1
1867,3
1871,3
1872,-1
1873,-1
1874,-1
1875,-1
1876,3
1878,3
1879,-1
1880,-1
1881,-1
1883,-1
1884,-1
1885,3
1886,3
1887,-1
1888,-1
1891,3
1892,-1
1893,3
1894,-1
1895,-1
1896,3
1897,-1
1898,-1
1900,-1
1902,-1
1903,3
1904,-1
1905,-1
1907,-1
1908,-1
1909,-1
1912,-1
1913,-1
1919,-1
1920,-1
1921,-1
1922,-1
1923,3
1924,-1
1925,-1
1927,-1
1928,3
1929,3
1931,-1
1938,3
1940,-1
1944,-1
1946,3
1949,-1
1951,-1
1952,3
1953,2
1954,-1
1955,3
1956,-1
1957,-1
1958,-1
1962,-1
1963,-1
1964,3
1965,3
1967,3
1970,-1
1971,-1
1973,3
1974,-1
1975,3
1976,3
1977,-1
1978,3
1979,3
1981,3
1982,3
1983,-1
1984,-1
1986,-1
1987,-1
1988,-1
1989,-1
1991,-1
1992,-1
1993,-1
1994,3
1995,3
1996,3
1997,-1
1999,-1
2002,-1
2003,3
2005,-1
2006,-1
2007,3
2009,-1
2010,3
2011,-1
2012,3
2013,-1
2014,-1
2015,-1
2018,3
2019,-1
2020,3
2021,-1
2023,-1
2024,-1
2025,-1
2027,3
2028,3
2029,-1
2030,-1
2032,3
2033,-1
2035,-1
2036,-1
2037,-1
2038,-1
2039,-1
2040,-1
2044,3
2046,-1
2047,-1
2048,-1
2052,3
2053,-1
2054,-1
2055,-1
2057,-1
2059,-1
2062,-1
2065,3
2069,-1
2071,3
2073,-1
2074,3
2076,-1
2077,-1
2079,-1
2081,-1
2083,-1
2084,3
2085,-1
2086,-1
2087,3
2088,-1
2091,3
2092,-1
2094,3
2095,-1
2100,3
2101,3
2104,-1
2105,3
2106,-1
2108,-1
2110,-1
2111,-1
2114,-1
2115,3
2116,3
2118,3
2119,-1
2121,-1
2122,-1
2123,-1
2125,-1
2126,-1
2129,-1
2131,-1
2132,-1
2134,3
2136,-1
2137,-1
2138,3
2139,-1
2140,3
2142,3
2143,3
2144,-1
2146,-1
2147,-1
2148,-1
2154,-1
2155,3
2156,-1
2158,-1
2159,-1
2160,-1
2161,-1
2162,-1
2164,-1
2165,3
2166,-1
2168,-1
2169,3
2171,-1
2173,3
2174,-1
2175,-1
2176,-1
2177,3
2179,3
2180,-1
2181,-1
2182,-1
2183,3
2184,-1
2185,3
2186,-1
2187,-1
2188,-1
2189,3
2190,3
2191,3
2192,3
2193,3
2195,3
2198,-1
2199,-1
2200,3
2205,-1
2207,3
2208,3
2210,-1
2212,3
2213,3
2214,-1
2216,-1
2218,-1
2221,-1
2223,3
2225,-1
2226,-1
2227,-1
2228,-1
2229,-1
2231,-1
2232,-1
2236,3
2239,-1
2241,-1
2242,-1
2244,-1
2245,3
2246,3
2247,-1
2249,-1
2250,-1
2251,-1
2254,-1
2256,-1
2258,-1
2260,-1
2262,3
2263,3
2264,-1
2265,-1
2267,-1
2268,-1
2270,-1
2271,-1
2272,-1
2273,-1
2274,3
2276,3
2277,3
2278,-1
2279,-1
2282,-1
2284,-1
2285,3
2287,-1
2289,-1
2290,-1
2291,3
2293,3
2295,-1
2296,-1
2299,-1
2301,-1
2302,3
2304,-1
2305,-1
2306,3
2307,-1
2309,3
2310,-1
2311,-1
2313,-1
2314,3
2316,-1
2317,-1
2319,-1
2320,3
2323,-1
2324,-1
2325,-1
2326,-1
2327,-1
2328,-1
2329,3
2331,-1
2334,3
2336,3
2338,-1
2341,-1
2345,-1
2346,-1
2348,-1
2349,-1
2350,1
2351,-1
2352,-1
2354,-1
2355,-1
2356,-1
2358,-1
2362,3
2363,2
2364,-1
2365,3
2367,3
2368,-1
2369,-1
2372,-1
2373,-1
2374,-1
2376,3
2377,-1
2378,3
2379,-1
2380,0
2381,-1
2382,-1
2384,3
2385,-1
2386,-1
2387,3
2388,3
2389,-1
2390,3
2391,-1
2395,-1
2396,-1
2397,-1
2401,-1
2405,-1
2406,-1
2407,-1
2408,-1
2409,-1
2410,3
2411,-1
2413,1
2414,-1
2416,-1
2417,-1
2420,3
2421,-1
2422,-1
2423,-1
2424,-1
2425,3
2426,3
2428,3
2431,3
2434,-1
2435,-1
2436,3
2437,-1
2438,3
2439,3
2442,3
2443,3
2444,-1
2445,-1
2449,-1
2451,-1
2452,-1
2453,3
2454,3
2457,-1
2458,-1
2459,-1
2461,-1
2462,-1
2466,-1
2469,-1
2470,-1
2471,-1
2472,-1
2473,-1
2474,-1
2475,-1
2476,3
2477,3
2478,-1
2481,-1
2483,-1
2485,-1
2486,-1
2487,-1
2489,-1
2490,-1
2491,-1
2492,-1
2494,-1
2495,3
2496,-1
2497,3
2498,-1
2499,3
2501,-1
2503,-1
2506,-1
2508,-1
2512,-1
2513,3
2516,-1
2517,3
2519,-1
2520,-1
2521,-1
2522,3
2524,-1
2525,3
2526,-1
2528,-1
2529,3
2531,-1
2532,-1
2533,-1
2534,3
2535,-1
2537,-1
2538,-1
2539,3
2540,-1
2543,3
2544,3
2545,-1
2547,-1
2548,3
2553,-1
2555,-1
2556,3
2557,3
2558,-1
2560,3
2561,-1
2562,-1
2564,-1
2565,-1
2568,-1
2569,3
2570,-1
2571,-1
2572,-1
2573,3
2574,-1
2575,3
2576,-1
2577,3
2578,-1
2580,-1
2582,-1
2584,-1
2586,-1
2587,-1
2588,3
2589,3
2590,-1
2591,-1
2592,-1
2593,-1
2595,3
2598,-1
2601,-1
2602,-1
2603,3
2605,3
2606,-1
2608,-1
2611,3
2614,3
2617,-1
2618,3
2619,-1
2623,3
2624,-1
2626,-1
2627,-1
2628,-1
2632,3
2633,-1
2634,-1
2636,3
2637,-1
2639,-1
2640,3
2641,3
2643,-1
2645,-1
2647,-1
2648,-1
2649,-1
2650,-1
2652,-1
2653,-1
2655,-1
2658,3
2659,-1
2660,-1
2661,3
2664,-1
2667,-1
2668,3
2669,-1
2670,-1
2671,-1
2672,3
2674,3
2675,-1
2677,-1
2680,-1
2681,-1
2682,-1
2683,-1
2686,3
2688,-1
2689,-1
2690,-1
2696,-1
2697,3
2700,-1
2701,-1
2702,-1
2703,-1
2704,-1
2705,-1
2706,-1
2707,-1
2708,-1
2709,-1
2710,-1
2711,-1
2713,-1
2715,-1
2717,-1
2718,-1
2719,3
2720,3
2721,-1
2722,-1
2725,3
2729,-1
2730,-1
2733,-1
2734,-1
2735,3
2736,-1
2738,-1
2739,-1
2740,-1
2741,-1
2742,-1
2743,-1
2744,-1
2745,-1
2746,3
2747,-1
2748,-1
2749,-1
2750,3
2752,-1
2754,3
2757,-1
2758,-1
2760,-1
2761,3
2762,3
2764,-1
2766,-1
2769,-1
2770,3
2771,-1
2772,-1
2773,3
2775,-1
2776,-1
2780,-1
2783,3
2785,-1
2786,3
2787,-1
2788,-1
2789,-1
2791,-1
2792,-1
2793,3
2794,3
2796,-1
2799,-1
2800,-1
2803,-1
2804,-1
2806,-1
2807,-1
2814,-1
2817,3
2818,3
2819,3
2820,-1
2822,-1
2823,-1
2825,-1
2826,-1
2827,-1
2828,-1
2831,3
2833,-1
2835,3
2836,3
2838,-1
2840,-1
2841,-1
2842,-1
2843,0
2844,3
2847,3
2848,3
2849,-1
2850,-1
2851,-1
2852,-1
2855,3
2857,3
2859,3
2860,3
2862,3
2863,-1
2864,-1
2866,-1
2868,2
2870,3
2871,-1
2873,3
2874,-1
2876,-1
2877,-1
2881,-1
2882,3
2888,-1
2889,3
2890,-1
2891,-1
2894,-1
2895,-1
2896,3
2898,-1
2899,3
2901,-1
2903,-1
2904,-1
2906,3
2908,-1
2910,-1
2911,3
2912,-1
2914,-1
2915,-1
2916,-1
2917,-1
2918,-1
2920,-1
2921,-1
2922,3
2923,-1
2925,3
2927,-1
2928,3
2929,-1
2931,-1
2933,3
2934,1
2935,-1
2937,3
2938,-1
2939,3
2940,-1
2941,-1
2943,-1
2944,-1
2945,-1
2946,3
2947,-1
2948,-1
2949,-1
2951,-1
2959,-1
2960,-1
2962,3
2963,-1
2965,-1
2966,3
2969,3
2970,3
2971,3
2972,-1
2973,-1
2974,-1
2976,-1
2978,-1
2979,3
2980,3
2981,-1
2982,-1
2983,3
2987,-1
2988,-1
2989,-1
2990,-1
2991,-1
2993,-1
2995,3
2996,-1
2997,-1
2999,-1
3000,-1
3001,-1
3002,-1
3003,-1
3004,-1
3008,-1
3009,-1
3010,-1
3011,-1
3012,3
3013,-1
3015,-1
3017,3
3019,-1
3020,-1
3021,-1
3022,3
3023,-1
3026,-1
3029,3
3031,-1
3035,-1
3036,3
3038,-1
3040,-1
3041,-1
3042,-1
3043,-1
3049,-1
3050,3
3051,-1
3053,-1
3056,-1
3057,-1
3058,3
3059,-1
3062,-1
3063,3
3065,-1
3067,-1
3068,-1
3069,-1
3070,-1
3071,-1
3072,-1
3076,3
3079,-1
3082,-1
3083,3
3084,3
3085,-1
3086,-1
3087,-1
3088,3
3089,-1
3091,-1
3093,0
3095,-1
3096,-1
3097,3
3099,-1
3100,-1
3101,3
3102,-1
3103,-1
3104,3
3105,-1
3106,-1
3107,3
3108,3
3110,-1
3111,-1
3113,3
3115,-1
3117,-1
3120,-1
3121,3
3125,-1
3127,-1
3128,-1
3130,-1
3131,3
3133,3
3134,-1
3135,-1
3136,-1
3140,3
3141,-1
3142,-1
3143,3
3144,-1
3145,-1
3146,-1
3147,3
3149,-1
3150,-1
3153,-1
3154,3
3155,-1
3157,3
3158,-1
3160,-1
3161,-1
3162,-1
3163,-1
3164,-1
3165,-1
3166,3
3167,-1
3168,-1
3170,-1
3173,-1
3175,3
3176,-1
3177,3
3178,-1
3185,-1
3186,3
3187,-1
3188,3
3190,3
3191,3
3192,3
3193,3
3195,-1
3196,3
3197,3
3200,3
3203,-1
3206,3
3207,3
3209,-1
3210,3
3211,-1
3213,3
3214,-1
3215,-1
3217,-1
3218,3
3219,-1
3220,-1
3223,-1
3224,-1
3225,-1
3226,-1
3229,3
3230,-1
3232,3
3233,-1
3234,-1
3235,-1
3236,3
3237,-1
3239,-1
3240,-1
3241,-1
3242,-1
3243,-1
3244,-1
3246,3
3247,-1
3248,-1
3251,-1
3254,-1
3255,-1
3260,-1
3261,3
3262,-1
3264,-1
3265,3
3266,-1
3267,-1
3269,3
3270,3
3272,-1
3273,-1
3276,-1
3277,3
3278,-1
3279,-1
3280,-1
3281,-1
3282,-1
3283,3
3284,-1
3285,-1
3287,-1
3289,-1
3290,-1
3291,-1
3293,-1
3294,3
3295,-1
3296,-1
3297,-1
3299,-1
3300,-1
3301,-1
3302,-1
3303,-1
3304,3
3305,3
3306,-1
3307,-1
3309,-1
3310,-1
3312,-1
3313,-1
3315,3
3316,3
3317,-1
3318,2
3319,-1
3321,3
3322,3
3324,-1
3327,-1
3328,3
3329,-1
3330,3
3331,-1
3333,3
3335,-1
3336,3
3337,3
3339,-1
3342,-1
3344,-1
3345,3
3346,-1
3347,-1
3349,-1
3353,-1
3355,-1
3356,1
3358,-1
3361,-1
3362,3
3363,-1
3364,3
3366,3
3369,-1
3371,-1
3372,3
3374,-1
3375,3
3376,-1
3377,-1
3378,-1
3381,-1
3382,3
3383,-1
3384,-1
3385,-1
3386,3
3387,-1
3389,-1
3390,-1
3392,3
3393,-1
3394,-1
3396,-1
3397,-1
3398,3
3400,-1
3401,-1
3402,-1
3403,-1
3405,3
3406,-1
3407,-1
3408,-1
3409,3
3410,-1
3412,-1
3413,-1
3414,3
3417,-1
3418,-1
3419,3
3420,-1
3423,3
3425,3
3427,-1
3428,-1
3429,3
3431,-1
3433,-1
3434,-1
3436,-1
3438,-1
3439,-1
3440,-1
3442,-1
3443,-1
3444,-1
3445,-1
3450,3
3451,-1
3453,-1
3454,-1
3458,3
3459,-1
3461,3
3462,-1
3463,-1
3464,-1
3466,-1
3467,-1
3468,-1
3470,-1
3473,-1
3474,-1
3475,-1
3476,-1
3477,-1
3478,-1
3480,-1
3481,-1
3482,-1
3483,-1
3484,-1
3486,3
3489,-1
3490,-1
3492,3
3493,-1
3494,-1
3495,-1
3497,-1
3499,-1
3500,3
3501,3
3502,-1
3503,3
3504,-1
3505,-1
3506,-1
3507,3
3508,3
3509,3
3510,-1
3511,3
3512,3
3515,-1
3516,3
3517,-1
3518,-1
3519,-1
3520,3
3523,-1
3524,-1
3525,-1
3526,-1
3527,-1
3528,3
3529,-1
3530,3
3531,-1
3533,3
3535,-1
3537,-1
3538,-1
3540,-1
3541,3
3542,-1
3543,-1
3546,-1
3547,3
3548,-1
3549,-1
3551,3
3552,-1
3553,3
3557,-1
3558,3
3561,-1
3562,-1
3563,-1
3566,-1
3570,-1
3571,-1
3572,-1
3573,-1
3574,-1
3575,-1
3576,-1
3577,-1
3578,-1
3579,-1
3580,-1
3581,-1
3582,3
3583,-1
3586,3
3588,-1
3590,-1
3591,-1
3592,-1
3594,-1
3595,3
3597,3
3599,-1
3600,3
3601,-1
3602,3
3605,-1
3606,3
3608,3
3609,3
3610,-1
3611,3
3612,-1
3613,3
3614,3
3615,-1
3618,-1
3619,-1
3621,-1
3622,-1
3623,-1
3624,-1
3626,3
3627,0
3628,3
3629,3
3630,-1
3631,-1
3632,-1
3633,-1
3634,-1
3635,3
3638,-1
3640,-1
3645,3
3646,-1
3650,-1
3651,3
3652,-1
3655,-1
3656,-1
3657,-1
3658,3
3659,-1
3660,3
3661,-1
3662,-1
3665,-1
3666,-1
3667,3
3668,3
3670,-1
3671,-1
3673,-1
3674,-1
3676,-1
3678,-1
3680,-1
3681,-1
3682,-1
3684,-1
3685,3
3686,-1
3688,3
3690,-1
3693,3
3694,-1
3695,3
3696,-1
3697,-1
3699,-1
3702,-1
3703,3
3705,-1
3706,-1
3707,-1
3709,-1
3712,3
3715,-1
3716,3
3719,3
3722,3
3723,3
3724,-1
3728,-1
3729,-1
3730,-1
3731,-1
3732,0
3735,-1
3736,-1
3737,-1
3738,-1
3739,-1
3741,-1
3742,-1
3744,3
3745,-1
3746,-1
3747,-1
3748,3
3749,-1
3750,-1
3752,-1
3753,-1
3755,-1
3756,3
3757,3
3758,-1
3759,3
3761,-1
3762,-1
3764,-1
3765,-1
3766,-1
3767,3
3768,-1
3770,-1
3771,-1
3772,-1
3773,3
3776,3
3777,3
3779,-1
3780,-1
3781,-1
3783,-1
3784,3
3785,-1
3786,-1
3787,-1
3790,-1
3791,3
3792,-1
3794,-1
3796,-1
3797,-1
3802,-1
3804,-1
3805,-1
3806,3
3809,3
3812,-1
3813,3
3814,3
3815,3
3816,3
3818,-1
3819,-1
3820,-1
3821,-1
3823,-1
3829,3
3830,-1
3832,-1
3836,3
3837,-1
3838,-1
3839,3
3840,-1
3842,-1
3843,-1
3844,-1
3845,-1
3847,-1
3848,3
3849,-1
3850,3
3851,-1
3852,-1
3854,0
3855,3
3856,3
3857,-1
3858,-1
3859,-1
3860,-1
3861,-1
3862,-1
3863,3
3864,-1
3865,3
3867,-1
3870,3
3871,-1
3872,-1
3874,3
3875,3
3876,-1
3877,-1
3882,-1
3884,-1
3885,-1
3886,-1
3887,-1
3889,-1
3890,-1
3891,3
3892,3
3896,-1
3897,-1
3902,-1
3904,-1
3906,-1
3908,-1
3909,3
3910,3
3911,-1
3912,-1
3914,0
3915,0
3916,3
3917,3
3919,-1
3922,-1
3923,-1
3925,-1
3926,-1
3929,-1
3932,3
3933,3
3938,3
3940,-1
3943,-1
3946,-1
3950,3
3951,-1
3952,3
3953,-1
3955,-1
3956,3
3958,-1
3960,3
3961,3
3962,-1
3963,-1
3964,3
3966,-1
3967,-1
3968,-1
3971,-1
3974,3
3975,3
3976,-1
3978,3
3979,-1
3981,-1
3987,-1
3989,-1
3990,-1
3991,-1
3992,3
3993,3
3996,-1
3997,-1
3998,-1
3999,2
4000,-1
4001,3
4002,-1
4004,-1
4005,-1
4006,-1
4008,-1
4009,-1
4010,-1
4011,-1
4012,-1
4013,-1
4014,-1
4015,-1
4016,-1
4017,3
4020,-1
4021,-1
4022,3
4025,-1
4026,-1
4027,3
4028,-1
4029,-1
4031,-1
4033,3
4034,-1
4035,3
4036,-1
4038,-1
4041,-1
4042,-1
4043,-1
4045,-1
4046,3
4047,3
4048,-1
4050,3
4052,3
4053,-1
4054,-1
4055,-1
4056,3
4057,-1
4058,-1
4059,2
4060,3
4062,-1
4064,-1
4065,-1
4066,3
4068,-1
4069,3
4070,-1
4071,-1
4073,-1
4075,-1
4076,-1
4077,-1
4078,-1
4079,3
4081,-1
4082,3
4085,3
4086,-1
4087,-1
4089,3
4090,-1
4091,3
4092,-1
4093,2
4094,-1
4095,-1
4099,3
4100,-1
4101,3
4102,3
4104,-1
4106,3
4108,3
4109,-1
4110,3
4114,-1
4115,-1
4116,3
4117,-1
4119,3
4120,3
4121,3
4122,-1
4123,-1
4124,-1
4125,2
4126,-1
4127,-1
4128,-1
4129,-1
4130,-1
4133,-1
4135,3
4137,-1
4138,-1
4139,-1
4140,-1
4141,-1
4143,3
4144,3
4146,-1
4147,-1
4150,-1
4151,3
4153,-1
4155,-1
4156,3
4157,-1
4160,3
4162,-1
4165,3
4166,3
4167,-1
4168,-1
4169,3
4170,-1
4171,-1
4172,2
4173,-1
4175,-1
4177,-1
4178,-1
4179,-1
4180,3
4181,-1
4182,3
4183,-1
4187,3
4190,-1
4191,-1
4192,3
4194,-1
4195,-1
4196,-1
4197,-1
4198,-1
4200,-1
4201,3
4205,-1
4206,3
4207,-1
4208,-1
4210,-1
4211,-1
4213,-1
4214,-1
4216,3
4217,3
4219,-1
4221,-1
4222,3
4223,-1
4225,-1
4226,-1
4227,-1
4228,3
4229,-1
4231,-1
4232,-1
4233,3
4234,-1
4236,-1
4237,-1
4240,-1
4241,-1
4246,-1
4249,-1
4250,-1
4251,-1
4252,-1
4253,3
4254,-1
4255,3
4256,-1
4258,3
4259,-1
4260,3
4263,-1
4264,-1
4269,-1
4273,-1
4275,-1
4276,-1
4277,3
4278,-1
4279,3
4280,-1
4281,-1
4282,3
4287,-1
4288,3
4290,-1
4293,-1
4295,-1
4296,-1
4299,-1
4300,-1
4301,-1
4302,3
4306,-1
4307,-1
4308,-1
4309,3
4311,-1
4315,-1
4318,-1
4319,-1
4320,-1
4321,-1
4324,-1
4325,-1
4326,3
4327,-1
4329,-1
4331,3
4332,-1
4333,3
4334,-1
4335,-1
4336,-1
4337,-1
4339,3
4340,0
4342,-1
4348,-1
4349,-1
4350,-1
4351,3
4352,-1
4353,3
4354,-1
4355,-1
4356,-1
4357,-1
4358,3
4360,-1
4361,-1
4363,3
4364,-1
4365,3
4366,3
4367,-1
4368,-1
4369,3
4370,-1
4372,3
4373,-1
4375,-1
4377,3
4380,-1
4381,-1
4384,3
4385,-1
4387,3
4388,3
4389,-1
4390,-1
4393,-1
4396,3
4397,-1
4399,-1
4400,3
4401,-1
4404,3
4405,-1
4406,-1
4408,-1
4412,-1
4413,3
4416,-1
4418,3
4420,3
4422,-1
4423,3
4425,-1
4426,-1
4427,-1
4428,-1
4429,3
4430,3
4431,3
4432,-1
4438,3
4440,-1
4441,1
4442,-1
4443,3
4444,3
4447,-1
4450,-1
4453,-1
4454,-1
4455,-1
4456,-1
4459,-1
4460,-1
4461,3
4462,3
4463,3
4464,-1
4465,-1
4468,3
4470,-1
4471,-1
4472,3
4474,-1
4479,-1
4480,3
4482,-1
4483,-1
4484,3
4485,-1
4487,-1
4488,-1
4490,-1
4492,3
4494,-1
4495,-1
4496,-1
4497,-1
4501,-1
4502,3
4503,-1
4504,3
4507,-1
4508,-1
4510,-1
4511,-1
4512,-1
4513,-1
4515,-1
4516,-1
4517,-1
4518,-1
4523,-1
4526,-1
4527,-1
4528,3
4529,-1
4531,-1
4532,3
4536,-1
4537,-1
4538,3
4539,-1
4540,-1
4541,3
4542,3
4543,-1
4544,3
4546,-1
4547,3
4548,-1
4552,1
4553,3
4555,-1
4556,-1
4557,-1
4558,-1
4560,-1
4561,-1
4562,3
4563,1
4566,-1
4568,-1
4569,3
4571,3
4572,3
4574,3
4576,-1
4577,-1
4578,-1
4579,-1
4580,3
4581,3
4583,2
4584,-1
4586,-1
4587,-1
4588,3
4589,3
4590,-1
4592,-1
4593,3
4594,-1
4595,3
4597,-1
4599,-1
4601,-1
4602,-1
4604,-1
4605,-1
4609,-1
4612,-1
4613,3
4614,-1
4615,3
4616,-1
4618,-1
4619,-1
4620,-1
4621,-1
4623,-1
4625,3
4626,3
4627,3
4628,-1
4629,-1
4630,-1
4631,3
4632,-1
4633,-1
4634,3
4635,-1
4636,-1
4638,-1
4639,-1
4640,-1
4641,3
4642,-1
4645,-1
4646,-1
4647,3
4649,-1
4651,-1
4652,-1
4653,-1
4654,-1
4655,-1
4659,-1
4660,-1
4661,-1
4664,-1
4668,-1
4669,-1
4670,3
4671,3
4672,-1
4673,3
4674,-1
4675,3
4676,-1
4677,-1
4678,-1
4679,-1
4680,3
4682,3
4683,-1
4684,-1
4685,-1
4686,-1
4688,-1
4690,-1
4691,-1
4694,-1
4696,-1
4700,-1
4701,-1
4703,-1
4704,3
4706,-1
4707,-1
4710,3
4713,-1
4714,-1
4715,3
4716,-1
4717,3
4719,-1
4720,-1
4721,-1
4722,-1
4723,3
4724,3
4730,-1
4731,-1
4732,3
4733,-1
4734,-1
4736,-1
4737,-1
4739,-1
4740,-1
4741,3
4744,3
4745,-1
4746,-1
4747,-1
4748,-1
4749,3
4750,-1
4752,-1
4753,-1
4754,-1
4755,-1
4756,-1
4759,-1
4760,0
4761,3
4762,-1
4763,-1
4764,-1
4765,-1
4767,3
4768,-1
4770,3
4771,-1
4772,3
4773,3
4775,-1
4777,3
4778,-1
4782,-1
4784,-1
4785,3
4786,-1
4790,-1
4791,-1
4792,3
4794,3
4796,3
4797,3
4798,-1
4800,3
4804,1
4806,-1
4808,-1
4810,-1
4812,3
4817,-1
4819,-1
4821,-1
4822,-1
4823,-1
4824,-1
4825,-1
4827,3
4829,3
4831,-1
4833,-1
4834,3
4836,-1
4838,-1
4839,3
4840,-1
4842,-1
4843,-1
4845,-1
4846,0
4848,-1
4849,-1
4850,0
4851,-1
4853,3
4855,3
4856,-1
4859,3
4860,-1
4862,-1
4863,-1
4864,-1
4865,-1
4866,3
4868,-1
4871,-1
4872,-1
4873,0
4875,3
4876,3
4877,-1
4878,3
4879,-1
4880,-1
4882,3
4883,-1
4884,-1
4885,-1
4886,3
4887,-1
4888,-1
4889,-1
4890,-1
4892,1
4894,-1
4897,-1
4898,3
4899,3
4900,-1
4901,-1
4902,-1
4906,-1
4907,-1
4908,3
4909,-1
4910,3
4911,-1
4915,3
4916,3
4917,3
4919,-1
4922,-1
4924,-1
4926,3
4927,3
4929,3
4931,3
4933,3
4934,-1
4937,-1
4938,-1
4940,3
4944,-1
4945,3
4946,-1
4947,3
4949,-1
4951,0
4952,-1
4956,-1
4958,-1
4960,-1
4961,-1
4962,-1
4964,-1
4965,3
4967,3
4968,-1
4970,-1
4971,1
4972,-1
4974,-1
4979,-1
4980,-1
4982,-1
4984,3
4986,-1
4987,-1
4988,-1
4990,3
4991,3
4996,-1
4997,3
4998,-1
5000,-1
5002,-1
5003,-1
5005,-1
5006,3
5007,-1
5008,-1
5009,-1
5010,-1
5012,-1
5013,-1
5014,-1
5015,3
5018,3
5019,-1
5021,-1
5023,-1
5024,-1
5026,-1
5027,-1
5028,-1
5029,-1
5030,-1
5033,-1
5034,-1
5035,3
5036,-1
5037,-1
5038,3
5039,-1
5041,-1
5042,-1
5044,-1
5045,-1
5046,-1
5047,-1
5048,-1
5049,-1
5051,-1
5053,3
5055,3
5057,-1
5058,3
5059,-1
5060,-1
5062,-1
5063,3
5064,3
5065,3
5066,3
5073,-1
5075,-1
5081,3
5082,-1
5085,-1
5087,-1
5088,-1
5091,-1
5092,-1
5093,-1
5094,-1
5095,-1
5098,-1
5099,-1
5100,3
5101,-1
5102,-1
5104,3
5105,-1
5106,-1
5107,1
5109,3
5110,-1
5111,-1
5112,-1
5113,-1
5114,-1
5117,-1
5118,-1
5120,-1
5121,-1
5122,3
5124,0
5125,-1
5126,-1
5127,-1
5128,-1
5131,-1
5132,-1
5133,-1
5135,3
5136,3
5138,-1
5139,3
5140,3
5141,-1
5143,-1
5145,-1
5147,-1
5148,-1
5149,-1
5152,-1
5153,3
5154,-1
5156,-1
5157,1
5159,-1
5163,-1
5164,-1
5165,-1
5166,-1
5167,-1
5171,-1
5172,3
5175,-1
5178,-1
5179,-1
5180,-1
5181,-1
5184,3
5185,-1
5186,3
5187,3
5190,3
5191,3
5192,3
5193,-1
5194,-1
5195,3
5198,3
5199,-1
5201,2
5202,-1
5204,-1
5205,-1
5206,-1
5207,-1
5209,3
5210,-1
5211,3
5213,3
5215,-1
5216,-1
5217,-1
5219,-1
5221,-1
5222,-1
5226,-1
5227,-1
5228,-1
5229,3
5230,-1
5231,-1
5232,-1
5233,-1
5234,-1
5235,3
5237,-1
5239,3
5242,-1
5243,-1
5245,-1
5249,-1
5250,-1
5252,-1
5254,-1
5255,-1
5256,-1
5259,3
5260,3
5261,-1
5262,3
5263,3
5264,3
5265,3
5270,3
5272,-1
5273,-1
5275,-1
5276,-1
5281,3
5282,-1
5284,-1
5285,-1
5286,-1
5288,-1
5289,-1
5290,-1
5291,-1
5292,3
5293,-1
5295,-1
5296,-1
5297,-1
5298,-1
5299,-1
5301,3
5302,-1
5303,3
5305,-1
5306,-1
5307,3
5308,-1
5311,-1
5312,3
5314,-1
5317,-1
5320,-1
5321,3
5324,-1
5328,3
5330,2
5331,-1
5332,-1
5334,-1
5336,-1
5339,-1
5340,-1
5343,-1
5345,-1
5347,-1
5348,-1
5350,-1
5351,-1
5352,-1
5354,-1
5357,-1
5360,-1
5361,3
5363,-1
5365,-1
5366,-1
5368,-1
5369,3
5370,3
5371,-1
5373,-1
5376,3
5377,-1
5378,3
5379,-1
5382,-1
5383,-1
5384,-1
5386,3
5387,-1
5389,-1
5390,-1
5392,-1
5393,-1
5394,-1
5396,-1
5397,-1
5398,-1
5399,-1
5400,-1
5401,3
5403,-1
5404,3
5405,3
5406,-1
5407,-1
5408,3
5409,-1
5412,-1
5414,-1
5415,-1
5418,-1
5419,3
5420,3
5421,-1
5422,-1
5424,3
5425,-1
5427,-1
5428,-1
5429,3
5431,-1
5436,3
5437,-1
5438,-1
5440,-1
5441,3
5442,-1
5444,-1
5445,-1
5447,-1
5448,3
5449,-1
5451,3
5452,-1
5453,-1
5455,3
5457,-1
5458,-1
5459,3
5460,-1
5461,3
5462,-1
5463,-1
5467,-1
5468,3
5471,-1
5473,-1
5474,3
5475,-1
5476,-1
5477,3
5479,-1
5480,3
5482,3
5483,3
5484,1
5485,-1
5486,-1
5487,-1
5488,-1
5489,-1
5491,-1
5494,-1
5495,-1
5496,3
5499,3
5500,-1
5501,-1
5502,3
5504,3
5505,-1
5506,3
5507,-1
5508,3
5509,3
5510,3
5514,3
5515,3
5516,-1
5517,-1
5518,-1
5522,3
5523,-1
5524,-1
5525,-1
5527,-1
5530,-1
5533,-1
5535,-1
5536,-1
5537,3
5539,-1
5540,-1
5541,-1
5544,-1
5545,-1
5546,-1
5547,-1
5548,-1
5549,3
5552,-1
5553,-1
5554,-1
5556,-1
5557,3
5558,3
5560,3
5563,-1
5564,3
5565,3
5566,3
5567,-1
5571,-1
5572,-1
5574,-1
5575,3
5577,3
5578,3
5580,3
5583,-1
5585,-1
5586,-1
5587,3
5591,-1
5592,-1
5593,-1
5595,-1
5597,3
5598,-1
5599,3
5600,-1
5602,-1
5603,-1
5604,-1
5605,3
5606,-1
5607,3
5609,-1
5611,3
5613,3
5614,-1
5616,3
5617,-1
5618,-1
5620,-1
5622,-1
5623,-1
5624,-1
5625,3
5626,-1
5628,-1
5630,-1
5632,-1
5634,3
5635,-1
5637,-1
5639,-1
5641,-1
5642,-1
5643,-1
5644,3
5647,-1
5648,-1
5649,-1
5650,-1
5652,-1
5653,3
5654,-1
5655,-1
5658,3
5663,-1
5664,-1
5668,-1
5669,-1
5670,3
5671,3
5672,-1
5673,-1
5674,-1
5675,3
5676,3
5677,-1
5678,-1
5679,3
5680,3
5681,-1
5682,-1
5684,-1
5685,-1
5687,-1
5688,-1
5692,-1
5694,-1
5698,-1
5700,-1
5701,-1
5702,3
5704,3
5706,-1
5707,-1
5708,-1
5710,-1
5711,-1
5713,-1
5714,-1
5716,3
5717,-1
5718,-1
5721,-1
5724,-1
5727,-1
5728,-1
5729,3
5730,-1
5731,-1
5733,-1
5734,-1
5736,-1
5738,3
5739,-1
5740,-1
5742,3
5743,3
5744,-1
5745,3
5747,-1
5748,-1
5753,3
5754,-1
5755,-1
5757,-1
5759,-1
5760,3
5761,2
5762,-1
5767,3
5768,3
5769,3
5773,-1
5776,-1
5777,3
5781,-1
5783,-1
5784,3
5787,-1
5789,3
5790,3
5791,-1
5792,-1
5793,-1
5795,3
5796,0
5798,-1
5799,3
5800,3
5802,-1
5803,3
5804,-1
5806,-1
5807,-1
5810,-1
5813,-1
5815,3
5816,3
5817,-1
5820,-1
5822,3
5823,-1
5827,-1
5828,3
5829,3
5831,-1
5832,-1
5834,-1
5835,-1
5837,3
5838,3
5840,-1
5841,-1
5842,-1
5843,3
5844,-1
5845,-1
5846,-1
5847,-1
5849,-1
5850,-1
5852,3
5853,-1
5856,-1
5859,3
5860,3
5861,3
5862,-1
5863,3
5864,-1
5867,3
5869,-1
5870,-1
5871,-1
5873,3
5874,-1
5875,-1
5878,-1
5880,3
5882,-1
5883,-1
5884,-1
5885,2
5886,3
5889,3
5891,3
5892,3
5894,3
5896,3
5897,3
5899,-1
5900,3
5902,-1
5903,3
5904,-1
5905,3
5906,2
5907,-1
5908,-1
5909,-1
5910,3
5911,-1
5913,-1
5914,-1
5916,-1
5917,-1
5918,3
5919,-1
5922,3
5923,3
5924,-1
5925,3
5926,3
5928,3
5929,3
5930,-1
5931,-1
5933,-1
5935,-1
5936,3
5937,3
5938,-1
5939,-1
5940,-1
5942,-1
5944,3
5945,-1
5947,3
5949,3
5953,-1
5954,3
5955,3
5956,-1
5957,-1
5959,-1
5961,-1
5962,-1
5963,-1
5965,-1
5967,-1
5968,-1
5970,-1
5972,-1
5973,3
5977,-1
5978,-1
5979,-1
5980,-1
5981,3
5983,-1
5984,-1
5985,-1
5986,-1
5987,3
5989,-1
5994,3
5995,-1
5996,-1
5997,-1
5998,-1
5999,-1
6000,-1
6001,-1
6002,3
6003,-1
6004,-1
6005,-1
6006,-1
6007,-1
6008,-1
6012,-1
6013,3
6014,3
6016,-1
6020,-1
6023,-1
6024,3
6026,-1
6027,-1
6028,-1
6030,-1
6032,3
6034,-1
6035,-1
6036,3
6038,-1
6039,3
6041,-1
6043,-1
6044,-1
6045,3
6046,-1
6047,-1
6048,-1
6049,3
6050,3
6054,-1
6059,3
6062,3
6064,-1
6065,3
6066,3
6067,3
6068,-1
6070,-1
6071,-1
6073,-1
6074,3
6075,3
6078,-1
6079,-1
6080,-1
6081,3
6083,-1
6084,-1
6085,-1
6089,-1
6090,-1
6093,-1
6094,-1
6095,-1
6097,3
6098,-1
6103,-1
6105,-1
6108,3
6109,-1
6110,-1
6111,-1
6112,3
6113,-1
6117,-1
6119,-1
6120,3
6121,-1
6122,3
6123,-1
6124,-1
6126,3
6127,-1
6130,3
6131,3
6132,3
6133,3
6134,-1
6135,3
6136,0
6137,-1
6138,-1
6140,-1
6141,-1
6142,3
6144,3
6145,-1
6146,3
6147,3
6148,3
6149,-1
6151,3
6153,-1
6154,3
6155,3
6157,-1
6158,-1
6161,-1
6162,3
6164,-1
6165,-1
6166,-1
6167,-1
6168,-1
6169,-1
6171,-1
6172,3
6174,-1
6177,3
6178,3
6180,3
6186,-1
6187,-1
6188,-1
6192,-1
6193,-1
6194,-1
6197,3
6198,-1
6199,-1
6204,-1
6206,-1
6207,-1
6209,3
6210,-1
6213,-1
6215,-1
6216,-1
6217,3
6218,3
6220,-1
6222,-1
6223,-1
6224,-1
6226,3
6227,-1
6228,-1
6230,-1
6231,-1
6232,-1
6233,-1
6234,3
6239,-1
6240,3
6241,-1
6242,3
6243,-1
6245,3
6248,3
6249,-1
6250,3
6253,-1
6254,-1
6255,3
6257,-1
6260,-1
6262,-1
6263,3
6264,-1
6265,-1
6266,-1
6269,0
6270,-1
6271,-1
6272,-1
6273,-1
6274,-1
6276,-1
6277,-1
6281,-1
6283,-1
6287,3
6289,3
6292,-1
6293,-1
6294,-1
6295,-1
6296,-1
6298,-1
6299,3
6301,-1
6302,3
6303,-1
6304,-1
6305,-1
6306,-1
6308,-1
6309,-1
6311,-1
6312,-1
6313,-1
6315,-1
6316,3
6319,-1
6320,-1
6322,3
6323,3
6324,3
6325,-1
6326,3
6327,-1
6329,-1
6330,-1
6331,3
6332,-1
6333,3
6334,-1
6335,3
6336,-1
6337,3
6341,3
6342,3
6344,-1
6345,3
6348,-1
6349,-1
6350,-1
6351,3
6352,-1
6353,3
6355,3
6356,3
6358,3
6359,-1
6360,3
6362,-1
6363,-1
6364,3
6365,-1
6366,0
6367,3
6368,3
6369,3
6370,-1
6371,-1
6373,-1
6374,-1
6376,-1
6379,-1
6381,3
6382,3
6383,-1
6385,-1
6387,3
6388,-1
6391,-1
6392,-1
6393,3
6394,3
6396,-1
6397,3
6398,3
6400,-1
6401,3
6402,3
6403,-1
6405,-1
6408,3
6409,-1
6411,-1
6412,-1
6415,-1
6416,-1
6417,-1
6419,3
6422,-1
6424,3
6425,3
6426,3
6427,-1
6428,3
6429,-1
6430,-1
6432,3
6434,3
6435,-1
6436,1
6437,-1
6438,-1
6440,-1
6441,3
6443,-1
6444,-1
6445,3
6446,3
6447,-1
6448,-1
6449,-1
6450,3
6451,-1
6453,-1
6454,-1
6455,-1
6456,-1
6457,-1
6458,3
6459,-1
6460,-1
6461,-1
6464,3
6465,-1
6466,2
6467,-1
6471,-1
6472,-1
6473,3
6474,-1
6475,-1
6476,-1
6477,-1
6478,-1
6479,-1
6480,-1
6482,3
6485,3
6486,3
6489,3
6492,-1
6493,3
6496,1
6498,3
6499,-1
6500,-1
6501,-1
6502,-1
6503,-1
6504,-1
6507,3
6508,-1
6509,-1
6510,-1
6512,-1
6514,3
6516,-1
6519,3
6522,-1
6525,-1
6527,3
6529,3
6530,3
6532,-1
6533,1
6534,3
6535,-1
6536,-1
6537,3
6540,-1
6542,-1
6544,-1
6545,-1
6546,-1
6547,3
6548,-1
6549,3
6553,3
6557,-1
6559,3
6561,-1
6563,-1
6566,-1
6567,3
6570,-1
6572,-1
6574,-1
6575,3
6576,1
6581,-1
6582,3
6583,3
6584,-1
6585,-1
6586,-1
6587,-1
6589,-1
6591,3
6592,-1
6593,-1
6594,-1
6596,-1
6597,-1
6599,3
6600,-1
6602,-1
6603,-1
6604,-1
6606,-1
6607,-1
6608,-1
6609,-1
6610,3
6611,-1
6612,3
6613,-1
6615,-1
6617,-1
6618,-1
6619,-1
6620,-1
6623,-1
6624,-1
6626,-1
6627,3
6630,-1
6632,-1
6633,-1
6634,-1
6636,-1
6637,-1
6639,-1
6640,3
6641,-1
6643,-1
6644,-1
6646,-1
6648,3
6649,-1
6650,-1
6654,-1
6655,-1
6659,-1
6660,3
6661,3
6662,-1
6663,-1
6664,-1
6666,-1
6667,-1
6668,-1
6670,-1
6672,3
6676,-1
6677,-1
6679,-1
6682,-1
6683,-1
6684,-1
6686,-1
6687,3
6688,-1
6689,3
6690,-1
6691,-1
6692,-1
6693,-1
6694,-1
6697,-1
6698,-1
6699,3
6702,3
6706,-1
6707,-1
6708,-1
6710,-1
6712,2
6713,-1
6715,-1
6719,3
6720,-1
6722,3
6723,3
6725,3
6726,-1
6727,-1
6729,-1
6730,-1
6731,-1
6732,-1
6733,-1
6736,3
6737,-1
6738,-1
6739,-1
6740,3
6741,-1
6743,3
6745,-1
6747,-1
6753,-1
6754,3
6755,-1
6756,-1
6757,3
6758,-1
6761,-1
6763,3
6764,-1
6765,3
6766,3
6767,-1
6768,-1
6769,-1
6770,-1
6771,-1
6774,3
6775,-1
6776,1
6777,-1
6778,-1
6780,-1
6781,-1
6782,-1
6784,-1
6785,-1
6786,-1
6787,-1
6789,-1
6790,-1
6791,3
6792,-1
6793,3
6794,-1
6797,-1
6801,-1
6802,-1
6803,-1
6804,3
6805,-1
6806,-1
6807,3
6808,-1
6809,-1
6810,3
6813,-1
6814,-1
6816,-1
6817,-1
6818,-1
6819,-1
6821,3
6822,3
6823,-1
6824,-1
6825,3
6826,-1
6829,3
6830,-1
6831,3
6832,-1
6833,3
6836,-1
6837,-1
6838,3
6839,-1
6840,3
6842,-1
6843,3
6846,-1
6847,3
6848,-1
6849,-1
6851,3
6853,-1
6855,-1
6857,-1
6858,-1
6859,-1
6861,-1
6862,-1
6863,-1
6864,-1
6865,3
6866,0
6867,-1
6868,-1
6869,-1
6870,3
6872,-1
6874,3
6875,-1
6876,3
6879,-1
6880,-1
6881,-1
6885,-1
6886,-1
6888,-1
6889,3
6890,-1
6891,-1
6892,-1
6895,-1
6896,-1
6898,-1
6900,-1
6901,-1
6902,-1
6903,-1
6905,-1
6907,-1
6909,3
6912,3
6913,-1
6915,-1
6918,-1
6920,-1
6921,-1
6922,-1
6923,-1
6924,-1
6927,-1
6928,3
6929,3
6931,-1
6932,-1
6933,3
6934,-1
6935,-1
6937,-1
6938,3
6939,-1
6942,-1
6943,-1
6944,3
6945,-1
6946,-1
6947,-1
6948,-1
6952,-1
6953,3
6954,3
6956,-1
6958,3
6959,-1
6961,3
6963,-1
6964,3
6965,3
6967,-1
6968,-1
6969,-1
6970,3
6972,-1
6975,3
6976,-1
6977,3
6978,-1
6980,-1
6981,3
6982,-1
6983,3
6984,-1
6986,-1
6987,-1
6988,3
6989,-1
6990,3
6994,-1
6995,3
6999,-1
7000,-1
7002,-1
7003,-1
7004,-1
7007,-1
7008,-1
7009,-1
7011,-1
7012,-1
7014,-1
7015,-1
7016,-1
7017,-1
7018,-1
7019,-1
7021,-1
7022,-1
7023,3
7025,-1
7026,-1
7027,-1
7029,-1
7030,-1
7031,-1
7036,-1
7037,-1
7038,-1
7039,-1
7040,-1
7042,3
7043,-1
7044,3
7045,3
7046,-1
7048,3
7050,-1
7051,-1
7052,3
7053,-1
7054,-1
7057,3
7058,3
7059,-1
7060,-1
7062,-1
7063,-1
7064,3
7065,3
7066,3
7067,3
7068,-1
7069,3
7071,3
7072,-1
7073,3
7077,-1
7078,-1
7081,-1
7083,3
7086,3
7088,-1
7089,3
7090,-1
7091,-1
7093,3
7094,-1
7095,-1
7096,3
7098,-1
7100,-1
7102,-1
7104,-1
7105,3
7106,-1
7107,-1
7108,-1
7109,-1
7110,-1
7111,-1
7112,3
7114,3
7117,-1
7118,-1
7119,-1
7121,-1
7122,-1
7123,-1
7125,3
7126,-1
7128,-1
7131,3
7132,3
7133,3
7136,-1
7138,3
7139,3
7140,-1
7141,3
7143,-1
7144,3
7146,-1
7147,-1
7149,-1
7150,-1
7152,-1
7153,3
7155,-1
7156,3
7157,-1
7159,-1
7160,0
7161,3
7162,-1
7163,3
7164,-1
7167,-1
7169,-1
7170,-1
7172,-1
7174,3
7175,-1
7178,3
7179,3
7184,-1
7185,-1
7186,-1
7188,3
7190,3
7193,3
7194,-1
7195,3
7200,-1
7201,-1
7202,-1
7204,3
7205,3
7208,-1
7209,3
7210,3
7211,-1
7213,-1
7216,-1
7218,-1
7222,-1
7224,-1
7225,1
7226,-1
7227,-1
7228,3
7229,3
7231,-1
7232,3
7233,3
7234,-1
7236,3
7238,-1
7239,-1
7242,3
7243,3
7245,-1
7247,-1
7251,-1
7252,-1
7254,-1
7255,-1
7259,3
7260,-1
7261,3
7262,3
7265,-1
7266,-1
7267,-1
7268,-1
7269,-1
7270,3
7271,3
7274,-1
7275,-1
7276,-1
7277,-1
7278,-1
7279,-1
7281,-1
7282,-1
7283,-1
7286,-1
7289,-1
7290,-1
7291,-1
7293,-1
7294,3
7295,-1
7297,3
7300,-1
7301,-1
7303,-1
7308,-1
7310,3
7311,-1
7312,-1
7313,-1
7314,-1
7315,-1
7316,3
7317,-1
7318,-1
7319,-1
7320,-1
7323,-1
7324,3
7326,3
7328,-1
7329,-1
7330,-1
7331,3
7334,1
7335,-1
7336,-1
7339,3
7340,-1
7341,3
7342,-1
7343,-1
7346,-1
7348,3
7350,-1
7351,-1
7352,3
7353,-1
7354,3
7355,-1
7356,-1
7357,-1
7359,-1
7360,-1
7361,-1
7362,-1
7363,-1
7365,-1
7367,-1
7369,3
7370,-1
7372,-1
7375,-1
7376,-1
7377,-1
7379,-1
7380,-1
7384,-1
7386,3
7387,-1
7388,-1
7390,3
7392,-1
7393,-1
7394,3
7395,3
7397,-1
7398,-1
7401,-1
7402,-1
7403,-1
7404,-1
7406,-1
7409,-1
7410,-1
7411,3
7412,-1
7413,-1
7414,-1
7415,0
7416,-1
7418,-1
7419,3
7420,3
7421,3
7422,3
7425,3
7426,-1
7430,3
7432,-1
7433,3
7434,3
7435,-1
7436,3
7437,-1
7440,-1
7442,3
7443,3
7444,3
7445,3
7446,-1
7448,-1
7449,-1
7451,-1
7452,-1
7453,-1
7454,3
7455,3
7458,-1
7459,-1
7461,-1
7462,-1
7463,-1
7464,-1
7465,-1
7466,-1
7468,-1
7469,3
7470,3
7474,3
7476,-1
7479,3
7480,-1
7482,-1
7483,3
7485,3
7486,-1
7487,3
7488,-1
7489,-1
7491,-1
7492,-1
7493,-1
7495,-1
7496,3
7497,-1
7498,-1
7499,-1
7500,3
7502,3
7505,-1
7506,-1
7507,3
7508,-1
7510,3
7511,-1
7512,-1
7513,0
7514,-1
7517,3
7518,-1
7519,3
7520,-1
7523,-1
7525,-1
7526,-1
7529,-1
7530,-1
7532,-1
7533,3
7534,3
7535,-1
7537,-1
7538,3
7540,-1
7541,-1
7543,-1
7544,-1
7545,-1
7547,-1
7551,-1
7552,-1
7553,3
7554,3
7555,-1
7557,-1
7558,-1
7559,-1
7562,3
7563,-1
7564,-1
7567,-1
7568,-1
7569,-1
7571,-1
7572,-1
7573,-1
7574,-1
7575,3
7576,3
7577,-1
7578,3
7579,-1
7580,-1
7581,-1
7584,-1
7585,3
7586,-1
7589,-1
7591,3
7592,-1
7594,3
7595,-1
7598,3
7599,-1
7600,3
7601,-1
7602,-1
7603,-1
7604,3
7605,3
7606,-1
7607,1
7608,-1
7612,3
7613,-1
7616,3
7617,3
7621,0
7624,-1
7626,-1
7627,-1
7628,-1
7629,-1
7630,3
7631,3
7632,-1
7633,3
7637,3
7639,-1
7640,3
7642,-1
7643,-1
7644,3
7645,-1
7646,3
7647,-1
7649,3
7650,3
7652,-1
7653,3
7654,-1
7658,-1
7660,-1
7661,3
7662,-1
7663,-1
7665,-1
7666,-1
7668,-1
7669,3
7670,3
7672,3
7673,-1
7676,-1
7678,3
7679,-1
7682,3
7687,-1
7688,-1
7689,-1
7690,-1
7693,-1
7697,-1
7698,-1
7703,-1
7704,-1
7706,-1
7707,-1
7708,3
7709,-1
7712,3
7713,-1
7716,3
7719,-1
7720,-1
7721,-1
7722,-1
7723,-1
7726,3
7729,-1
7730,-1
7731,-1
7733,-1
7734,-1
7735,-1
7736,3
7737,-1
7738,-1
7739,-1
7740,-1
7741,-1
7742,-1
7743,3
7744,-1
7746,-1
7750,3
7751,-1
7754,-1
7756,0
7759,3
7760,3
7761,-1
7762,-1
7763,-1
7764,-1
7765,-1
7766,-1
7767,-1
7771,-1
7772,-1
7773,-1
7774,3
7777,-1
7778,3
7779,3
7781,-1
7782,-1
7783,-1
7785,-1
7786,-1
7789,3
7791,-1
7792,-1
7793,3
7794,-1
7798,-1
7800,-1
7801,-1
7802,-1
7804,-1
7805,-1
7807,3
7808,3
7809,3
7810,-1
7813,-1
7815,-1
7816,-1
7817,-1
7818,-1
7819,-1
7820,-1
7821,-1
7823,-1
7824,-1
7825,3
7826,-1
7829,-1
7830,-1
7836,-1
7838,-1
7843,-1
7844,-1
7845,-1
7846,3
7847,-1
7850,-1
7851,3
7852,-1
7853,0
7854,-1
7855,3
7857,-1
7858,-1
7859,3
7861,-1
7862,-1
7864,-1
7865,-1
7866,-1
7867,3
7869,-1
7871,3
7872,3
7873,-1
7874,-1
7875,3
7877,-1
7879,-1
7880,-1
7881,-1
7885,-1
7886,-1
7887,3
7888,-1
7889,-1
7891,-1
7892,-1
7894,-1
7895,-1
7896,3
7897,-1
7898,-1
7899,-1
7900,-1
7901,-1
7902,-1
7903,-1
7905,-1
7906,-1
7907,3
7908,-1
7911,3
7912,-1
7914,-1
7917,3
7919,-1
7920,3
7921,-1
7922,3
7925,3
7926,-1
7927,3
7928,-1
7930,-1
7932,3
7933,-1
7934,-1
7935,-1
7936,-1
7937,3
7938,-1
7939,-1
7940,-1
7942,-1
7944,-1
7945,-1
7947,-1
7948,-1
7955,-1
7958,-1
7960,3
7961,3
7962,3
7963,3
7964,-1
7966,-1
7967,-1
7972,3
7973,-1
7974,-1
7975,-1
7976,-1
7977,-1
7979,-1
7980,3
7981,3
7983,-1
7987,3
7988,3
7989,3
7990,-1
7991,3
7992,-1
7993,-1
7994,-1
7995,-1
7996,-1
7997,3
7999,-1
8003,-1
8005,3
8006,-1
8007,-1
8008,3
8010,3
8011,2
8013,-1
8014,3
8015,3
8016,-1
8018,3
8019,-1
8021,-1
8025,-1
8027,3
8031,-1
8032,-1
8033,-1
8034,3
8036,-1
8041,-1
8042,-1
8043,-1
8044,3
8045,3
8047,2
8048,3
8050,3
8051,-1
8057,-1
8058,3
8059,-1
8060,-1
8063,3
8066,-1
8068,2
8069,-1
8070,-1
8071,3
8073,-1
8075,3
8078,3
8080,3
8081,-1
8083,-1
8084,3
8085,-1
8086,3
8088,3
8090,-1
8092,-1
8093,-1
8094,-1
8095,3
8096,3
8098,-1
8099,-1
8100,-1
8101,-1
8102,3
8104,3
8105,-1
8107,-1
8108,3
8109,-1
8110,-1
8111,-1
8113,3
8114,-1
8117,0
8119,-1
8120,-1
8123,-1
8124,-1
8126,-1
8127,-1
8128,3
8129,-1
8131,3
8134,3
8135,-1
8137,-1
8138,-1
8139,-1
8141,3
8142,-1
8143,-1
8146,-1
8147,3
8149,-1
8151,-1
8152,-1
8153,-1
8154,3
8155,3
8157,3
8158,-1
8160,-1
8161,3
8164,-1
8166,3
8167,3
8171,-1
8173,3
8174,-1
8175,3
8176,-1
8177,-1
8178,3
8179,3
8180,3
8185,-1
8186,3
8188,3
8193,-1
8194,3
8195,-1
8196,3
8197,-1
8199,-1
8200,-1
8201,-1
8202,-1
8203,3
8204,-1
8205,3
8206,-1
8208,-1
8210,3
8211,3
8212,3
8213,-1
8214,-1
8215,-1
8216,3
8217,3
8219,-1
8221,-1
8228,-1
8229,-1
8230,-1
8232,3
8233,-1
8235,3
8236,-1
8238,2
8239,3
8240,-1
8241,-1
8242,-1
8243,-1
8244,3
8246,3
8248,-1
8251,-1
8252,-1
8253,-1
8254,3
8256,-1
8257,-1
8259,-1
8261,-1
8267,-1
8270,-1
8271,-1
8272,-1
8273,3
8274,3
8275,-1
8276,3
8279,3
8281,-1
8283,3
8285,-1
8286,-1
8287,-1
8288,3
8289,-1
8291,3
8294,-1
8295,-1
8296,-1
8298,3
8300,3
8301,3
8302,-1
8303,-1
8304,-1
8305,3
8306,-1
8307,-1
8308,-1
8309,3
8310,-1
8312,-1
8315,-1
8319,3
8321,-1
8325,3
8326,0
8327,-1
8328,3
8329,3
8330,-1
8332,-1
8333,3
8334,-1
8335,3
8336,-1
8338,-1
8339,-1
8341,3
8342,3
8344,-1
8345,-1
8346,-1
8347,-1
8349,1
8350,-1
8351,-1
8352,3
8353,-1
8355,-1
8357,3
8358,-1
8359,-1
8362,-1
8363,-1
8366,3
8367,-1
8368,3
8371,3
8372,-1
8373,3
8375,-1
8376,-1
8379,-1
8380,-1
8381,3
8383,3
8384,-1
8385,0
8386,3
8387,-1
8388,-1
8389,-1
8392,-1
8393,-1
8395,-1
8396,-1
8397,-1
8398,3
8401,3
8402,-1
8405,3
8407,-1
8409,-1
8410,-1
8414,3
8415,-1
8416,-1
8419,3
8420,-1
8421,3
8422,-1
8424,-1
8428,-1
8433,3
8434,-1
8435,-1
8436,3
8437,-1
8438,-1
8439,-1
8441,3
8443,-1
8444,-1
8445,-1
8446,-1
8447,3
8448,-1
8449,-1
8450,-1
8451,3
8454,-1
8458,3
8463,-1
8464,-1
8465,-1
8466,-1
8467,3
8468,-1
8469,-1
8470,-1
8471,-1
8472,-1
8473,3
8474,-1
8475,-1
8476,-1
8477,3
8478,3
8479,-1
8480,-1
8481,3
8483,-1
8484,3
8485,-1
8486,3
8488,3
8490,3
8492,3
8493,-1
8494,3
8496,-1
8497,0
8498,-1
8499,3
8500,3
8501,3
8502,-1
8503,3
8505,-1
8506,-1
8508,3
8509,-1
8512,3
8513,-1
8515,-1
8517,-1
8520,-1
8522,3
8523,3
8524,-1
8527,3
8529,-1
8530,3
8531,3
8532,3
8534,-1
8535,-1
8536,3
8539,-1
8541,3
8542,3
8544,3
8546,-1
8547,-1
8548,-1
8549,-1
8551,-1
8552,-1
8553,-1
8554,3
8555,3
8556,-1
8557,-1
8558,-1
8559,-1
8561,-1
8562,-1
8564,-1
8565,-1
8567,3
8571,-1
8572,3
8573,-1
8577,-1
8579,-1
8580,-1
8582,-1
8583,-1
8584,-1
8586,3
8588,-1
8590,-1
8592,-1
8593,-1
8594,3
8597,-1
8598,-1
8599,3
8600,-1
8603,-1
8604,-1
8605,-1
8606,3
8607,-1
8608,-1
8609,-1
8610,3
8612,-1
8614,-1
8619,-1
8620,3
8621,-1
8623,3
8624,-1
8625,3
8627,-1
8628,-1
8629,3
8630,3
8631,-1
8632,-1
8633,-1
8634,3
8635,3
8636,3
8637,-1
8638,-1
8641,-1
8644,3
8645,3
8648,-1
8650,3
8651,-1
8652,-1
8653,3
8654,3
8656,3
8657,-1
8658,3
8659,-1
8660,3
8661,3
8663,-1
8664,-1
8665,-1
8666,-1
8667,3
8670,-1
8672,3
8674,-1
8678,-1
8679,3
8680,-1
8683,3
8684,-1
8686,3
8687,3
8688,-1
8689,3
8693,-1
8696,-1
8697,-1
8698,3
8699,-1
8700,-1
8701,-1
8703,-1
8704,-1
8705,3
8707,-1
8708,-1
8709,-1
8710,-1
8712,3
8713,-1
8714,3
8716,-1
8717,-1
8722,-1
8723,3
8724,3
8725,-1
8727,-1
8729,-1
8730,0
8731,-1
8733,3
8734,3
8735,3
8736,-1
8740,3
8742,-1
8743,-1
8744,-1
8749,3
8750,-1
8754,3
8755,-1
8756,-1
8765,3
8766,3
8767,-1
8768,-1
8770,-1
8772,-1
8773,-1
8774,-1
8776,-1
8777,3
8778,-1
8782,-1
8783,-1
8787,3
8789,-1
8790,-1
8791,-1
8792,3
8794,3
8795,-1
8796,-1
8797,-1
8798,3
8799,3
8801,-1
8803,3
8804,-1
8805,-1
8806,-1
8807,-1
8808,2
8815,-1
8817,-1
8822,3
8823,-1
8825,-1
8826,3
8827,-1
8828,3
8829,3
8830,-1
8831,3
8832,-1
8833,-1
8835,3
8836,3
8837,3
8839,-1
8840,-1
8843,-1
8844,3
8846,0
8847,-1
8850,3
8851,-1
8852,-1
8853,-1
8854,0
8856,-1
8858,-1
8859,-1
8861,-1
8863,3
8865,-1
8867,-1
8868,3
8870,3
8872,3
8873,3
8874,3
8875,-1
8879,-1
8881,-1
8882,-1
8883,3
8884,3
8885,3
8886,-1
8887,-1
8889,-1
8890,-1
8891,-1
8892,3
8894,-1
8895,-1
8896,-1
8897,-1
8900,3
8901,-1
8902,-1
8903,-1
8904,-1
8907,-1
8908,-1
8910,-1
8913,-1
8915,1
8916,-1
8918,3
8919,-1
8921,3
8922,0
8923,-1
8924,-1
8925,-1
8927,-1
8928,-1
8929,3
8930,-1
8933,-1
8934,-1
8938,3
8939,-1
8941,3
8942,-1
8943,-1
8944,-1
8945,-1
8946,-1
8948,-1
8949,3
8952,-1
8953,-1
8954,-1
8957,-1
8958,3
8960,-1
8961,-1
8962,3
8964,-1
8966,-1
8967,3
8969,3
8970,3
8971,-1
8972,3
8974,-1
8975,-1
8976,3
8977,3
8978,3
8983,-1
8985,-1
8986,-1
8988,-1
8990,-1
8991,-1
8992,-1
8995,-1
8999,3
9000,-1
9002,3
9004,-1
9005,3
9006,-1
9007,-1
9011,-1
9013,3
9016,-1
9017,-1
9018,3
9020,-1
9022,-1
9023,-1
9024,-1
9025,3
9026,3
9027,-1
9028,-1
9030,-1
9032,-1
9034,-1
9035,-1
9036,3
9039,3
9043,-1
9044,-1
9047,-1
9048,-1
9049,-1
9050,-1
9051,-1
9052,-1
9053,3
9055,3
9056,-1
9057,-1
9059,-1
9061,-1
9063,-1
9065,-1
9066,-1
9067,-1
9068,-1
9070,-1
9071,-1
9072,-1
9073,-1
9074,3
9075,-1
9076,-1
9078,3
9079,-1
9080,3
9082,-1
9083,-1
9084,-1
9086,-1
9087,-1
9088,-1
9090,-1
9091,-1
9092,3
9093,-1
9094,3
9096,3
9099,-1
9103,3
9105,-1
9106,-1
9109,3
9110,3
9112,-1
9117,3
9118,3
9120,-1
9121,-1
9122,-1
9124,-1
9126,3
9128,-1
9129,-1
9131,-1
9137,3
9140,-1
9141,-1
9142,-1
9143,-1
9146,-1
9148,-1
9151,-1
9152,-1
9153,-1
9156,3
9158,-1
9160,3
9161,-1
9162,-1
9164,-1
9166,3
9168,3
9169,3
9171,-1
9173,-1
9174,-1
9175,-1
9176,-1
9177,-1
9178,-1
9181,-1
9182,-1
9185,-1
9187,-1
9188,-1
9189,-1
9190,3
9194,3
9197,-1
9198,-1
9199,-1
9200,-1
9203,3
9205,-1
9206,-1
9207,3
9208,-1
9209,-1
9210,3
9215,-1
9216,-1
9221,-1
9226,-1
9227,3
9228,3
9230,-1
9232,3
9233,-1
9234,-1
9235,-1
9236,-1
9237,-1
9238,-1
9239,-1
9240,3
9242,-1
9243,-1
9244,-1
9245,3
9247,3
9248,-1
9251,-1
9253,-1
9255,-1
9258,3
9259,3
9261,0
9262,-1
9263,3
9265,-1
9266,-1
9270,3
9272,-1
9273,-1
9274,-1
9275,3
9276,-1
9278,-1
9279,-1
9281,-1
9282,-1
9283,0
9285,-1
9286,3
9289,-1
9291,3
9292,-1
9293,-1
9296,-1
9297,-1
9298,-1
9299,3
9301,-1
9302,-1
9303,-1
9304,3
9306,-1
9308,3
9309,-1
9310,-1
9312,-1
9314,-1
9315,-1
9317,-1
9319,-1
9320,-1
9321,3
9322,-1
9324,-1
9326,-1
9327,-1
9328,3
9329,3
9331,-1
9332,-1
9333,-1
9334,-1
9335,3
9336,3
9337,3
9338,3
9339,-1
9340,3
9341,-1
9345,-1
9346,3
9349,3
9350,-1
9353,-1
9355,-1
9356,3
9357,3
9358,3
9359,-1
9362,-1
9363,-1
9365,-1
9369,3
9370,-1
9372,3
9373,-1
9374,-1
9376,-1
9378,3
9379,-1
9382,3
9383,-1
9384,-1
9385,3
9386,-1
9387,-1
9388,-1
9391,3
9392,-1
9393,-1
9399,-1
9401,-1
9403,-1
9404,-1
9408,3
9410,3
9412,-1
9414,3
9415,-1
9416,-1
9417,3
9419,3
9420,-1
9421,-1
9424,3
9426,-1
9427,-1
9428,-1
9429,-1
9430,-1
9431,3
9432,3
9433,-1
9434,-1
9435,-1
9437,-1
9440,-1
9442,3
9443,3
9445,-1
9447,3
9449,3
9450,-1
9452,-1
9455,-1
9459,3
9466,3
9467,-1
9468,3
9472,-1
9473,3
9474,-1
9475,3
9476,3
9478,-1
9479,-1
9481,-1
9482,-1
9484,3
9485,3
9486,-1
9490,3
9491,-1
9492,-1
9493,-1
9494,3
9497,-1
9502,3
9503,-1
9504,-1
9505,3
9506,-1
9508,-1
9509,-1
9510,3
9512,-1
9513,-1
9514,3
9515,3
9518,3
9521,-1
9523,-1
9524,-1
9525,-1
9526,3
9527,-1
9528,3
9530,-1
9531,-1
9533,3
9534,-1
9535,-1
9537,-1
9539,-1
9541,-1
9543,-1
9545,-1
9546,-1
9547,-1
9548,3
9550,-1
9551,3
9552,-1
9553,-1
9554,-1
9555,3
9557,-1
9559,0
9563,3
9564,-1
9566,-1
9567,-1
9570,3
9571,-1
9572,-1
9574,-1
9575,-1
9577,-1
9578,-1
9579,-1
9580,-1
9581,-1
9582,-1
9585,-1
9586,-1
9587,3
9592,-1
9593,-1
9594,-1
9595,-1
9596,-1
9599,-1
9600,-1
9601,-1
9602,3
9604,3
9605,0
9607,3
9608,-1
9610,-1
9612,-1
9613,-1
9614,-1
9615,-1
9616,-1
9617,-1
9622,-1
9624,3
9626,-1
9628,-1
9629,3
9630,-1
9631,3
9632,-1
9633,-1
9634,-1
9635,-1
9636,-1
9637,-1
9638,-1
9639,3
9641,-1
9642,3
9644,-1
9645,-1
9646,-1
9648,-1
9649,-1
9650,3
9652,-1
9653,3
9654,-1
9655,-1
9656,3
9657,3
9658,-1
9660,-1
9662,-1
9663,3
9664,-1
9665,-1
9666,-1
9667,3
9668,3
9672,-1
9673,3
9676,-1
9677,3
9680,-1
9681,-1
9684,3
9685,-1
9688,-1
9689,-1
9690,-1
9691,-1
9693,-1
9694,-1
9695,-1
9698,-1
9699,-1
9700,-1
9701,-1
9702,-1
9704,3
9705,-1
9707,-1
9708,-1
9709,-1
9710,-1
9711,3
9713,3
9714,-1
9716,-1
9717,3
9718,-1
9719,-1
9723,3
9724,3
9727,-1
9729,-1
9730,-1
9731,-1
9732,-1
9736,3
9737,3
9738,-1
9740,3
9741,-1
9742,-1
9743,3
9744,3
9746,-1
9747,-1
9748,3
9749,3
9751,3
9752,3
9754,-1
9755,-1
9756,3
9757,-1
9760,-1
9761,-1
9762,-1
9764,-1
9765,-1
9766,3
9767,-1
9768,-1
9769,3
9773,-1
9778,3
9779,3
9781,-1
9782,3
9784,-1
9785,-1
9786,-1
9787,-1
9788,-1
9790,-1
9791,3
9792,-1
9794,-1
9796,3
9797,-1
9798,3
9799,-1
9805,-1
9806,-1
9808,-1
9809,3
9810,-1
9811,3
9812,-1
9813,3
9814,3
9816,3
9817,3
9818,3
9819,1
9820,-1
9821,-1
9823,-1
9824,3
9826,-1
9829,3
9830,-1
9831,-1
9832,-1
9833,-1
9836,-1
9837,-1
9839,-1
9840,-1
9841,-1
9844,-1
9846,-1
9847,-1
9848,-1
9849,-1
9850,3
9851,-1
9854,-1
9856,-1
9861,-1
9864,-1
9865,3
9866,3
9867,3
9868,-1
9869,3
9870,-1
9871,3
9872,3
9874,-1
9875,-1
9876,-1
9878,-1
9879,-1
9881,-1
9882,-1
9886,-1
9889,-1
9890,-1
9891,-1
9893,-1
9894,-1
9896,-1
9897,3
9898,-1
9900,-1
9901,-1
9902,3
9905,3
9906,-1
9907,-1
9911,3
9913,3
9914,3
9915,-1
9916,3
9919,-1
9920,-1
9921,-1
9922,-1
9923,-1
9924,2
9926,3
9927,-1
9928,-1
9931,-1
9932,-1
9934,3
9936,3
9938,3
9939,3
9940,-1
9941,-1
9942,3
9943,-1
9944,3
9946,0
9947,3
9948,-1
9949,-1
9954,-1
9956,3
9958,3
9959,3
9960,-1
9961,-1
9962,3
9963,-1
9964,3
9967,-1
9968,3
9969,3
9971,3
9972,-1
9973,3
9974,-1
9975,-1
9976,-1
9980,3
9982,3
9983,-1
9986,3
9987,-1
9988,3
9990,-1
9991,-1
9992,-1
9994,3
9995,-1
9996,-1
9997,-1
9999,3
10000,-1
10001,3
10002,3
10003,-1
10005,3
10006,-1
10008,-1
10012,-1
10016,-1
10017,-1
10018,-1
10019,3
10020,-1
10022,3
10023,-1
10025,3
10026,3
10027,3
10028,-1
10029,3
10030,-1
10032,-1
10033,-1
10034,3
10035,3
10036,-1
10038,-1
10039,-1
10041,-1
10042,3
10044,-1
10045,-1
10047,3
10048,3
10053,-1
10054,-1
10055,-1
10057,3
10058,3
10059,-1
10060,3
10064,3
10066,-1
10067,-1
10070,-1
10071,-1
10072,3
10073,-1
10075,-1
10077,3
10080,-1
10081,3
10082,-1
10083,3
10086,-1
10089,-1
10091,-1
10092,-1
10093,-1
10095,-1
10096,-1
10097,3
10098,-1
10099,-1
10101,-1
10103,-1
10104,3
10107,-1
10108,-1
10109,-1
10110,-1
10111,-1
10112,-1
10113,3
10114,-1
10115,3
10116,3
10117,-1
10119,-1
10120,3
10121,-1
10123,-1
10125,-1
10126,-1
10127,-1
10128,3
10131,-1
10132,-1
10133,-1
10134,-1
10135,-1
10136,3
10137,-1
10139,-1
10143,3
10145,-1
10146,-1
10147,3
10149,3
10151,-1
10152,-1
10153,-1
10155,3
10156,-1
10157,3
10158,-1
10160,3
10163,-1
10166,-1
10167,-1
10170,-1
10171,-1
10172,3
10173,3
10174,-1
10175,3
10176,-1
10178,-1
10180,-1
10181,3
10182,-1
10183,3
10187,-1
10188,-1
10190,-1
10191,3
10193,-1
10194,-1
10195,3
10196,-1
10198,-1
10200,3
10202,-1
10203,3
10204,-1
10206,-1
10207,-1
10210,-1
10211,3
10212,-1
10213,-1
10214,-1
10215,-1
10217,-1
10219,-1
10221,-1
10225,3
10228,-1
10230,3
10231,-1
10232,-1
10235,3
10237,-1
10238,-1
10239,-1
10240,-1
10241,-1
10242,-1
10243,-1
10244,-1
10246,3
10247,3
10248,-1
10249,-1
10250,3
10251,-1
10253,3
10254,-1
10255,3
10256,-1
10258,-1
10259,-1
10260,3
10261,3
10262,-1
10263,-1
10265,3
10266,-1
10267,2
10268,3
10269,3
10271,-1
10273,3
10274,-1
10279,3
10280,-1
10281,3
10286,3
10287,-1
10288,-1
10290,3
10293,3
10295,-1
10296,0
10298,-1
10299,3
10300,3
10301,-1
10302,-1
10303,-1
10304,3
10306,-1
10307,3
10308,-1
10309,-1
10313,-1
10314,3
10317,-1
10319,0
10321,-1
10322,-1
10323,-1
10324,-1
10325,3
10326,-1
10327,-1
10328,3
10329,3
10330,-1
10331,-1
10332,-1
10334,-1
10335,-1
10336,-1
10337,3
10340,-1
10341,-1
10342,-1
10344,3
10345,-1
10346,3
10348,-1
10349,-1
10352,-1
10355,3
10356,-1
10357,-1
10359,3
10361,3
10363,3
10364,-1
10366,3
10367,-1
10368,-1
10369,-1
10371,-1
10372,-1
10373,-1
10374,-1
10376,0
10377,-1
10381,-1
10382,-1
10384,-1
10386,-1
10387,-1
10388,3
10389,-1
10391,-1
10393,-1
10396,-1
10401,-1
10402,1
10403,-1
10404,-1
10406,3
10409,3
10410,-1
10412,-1
10413,-1
10414,-1
10415,-1
10416,3
10417,-1
10418,-1
10421,-1
10422,-1
10423,3
10424,-1
10427,3
10428,3
10429,3
10431,-1
10433,-1
10435,-1
10436,-1
10438,3
10440,-1
10441,-1
10442,3
10443,3
10444,-1
10445,3
10447,3
10448,3
10449,-1
10450,-1
10451,0
10452,3
10453,3
10454,-1
10455,-1
10456,-1
10459,3
10460,-1
10463,-1
10464,-1
10465,3
10468,3
10469,-1
10470,-1
10471,-1
10473,-1
10474,3
10477,-1
10478,-1
10479,-1
10480,-1
10482,-1
10484,3
10485,-1
10487,-1
10488,-1
10489,3
10490,-1
10492,-1
10494,3
10497,-1
10498,3
10500,-1
10501,3
10502,3
10504,3
10505,-1
10507,3
10508,-1
10509,-1
10510,-1
10511,-1
10512,-1
10514,3
10515,-1
10516,3
10519,-1
10523,-1
10524,-1
10526,-1
10528,-1
10529,3
10530,3
10531,-1
10533,3
10537,-1
10538,-1
10540,-1
10541,3
10544,-1
10545,-1
10549,-1
10550,-1
10551,-1
10554,-1
10555,-1
10557,3
10558,-1
10559,-1
10561,-1
10562,3
10565,3
10567,-1
10569,-1
10570,-1
10571,-1
10572,3
10573,-1
10575,-1
10576,-1
10578,3
10582,3
10583,-1
10586,3
10587,-1
10592,-1
10594,-1
10595,-1
10598,-1
10603,-1
10606,-1
10607,-1
10608,-1
10609,-1
10612,-1
10613,-1
10614,3
10617,3
10618,3
10621,-1
10622,1
10623,-1
10625,-1
10626,2
10629,1
10631,-1
10632,-1
10633,3
10634,-1
10636,-1
10637,-1
10639,-1
10640,-1
10643,-1
10644,-1
10645,-1
10647,-1
10650,-1
10652,3
10653,-1
10654,3
10655,-1
10657,-1
10660,-1
10661,-1
10662,-1
10664,-1
10667,3
10668,-1
10670,3
10672,-1
10674,-1
10677,3
10678,3
10679,-1
10680,3
10681,3
10682,-1
10683,3
10684,3
10686,-1
10688,3
10690,3
10691,-1
10692,-1
10693,3
10694,-1
10696,-1
10697,-1
10698,-1
10699,-1
10700,3
10703,-1
10705,3
10706,-1
10707,3
10708,3
10709,-1
10711,3
10712,-1
10713,-1
10716,-1
10717,-1
10718,-1
10720,-1
10721,-1
10722,-1
10723,-1
10724,-1
10726,3
10727,-1
10730,-1
10732,-1
10733,3
10734,-1
10736,1
10738,-1
10740,3
10745,-1
10747,-1
10748,-1
10750,-1
10751,-1
10752,3
10753,3
10755,-1
10756,-1
10757,3
10758,-1
10759,-1
10760,3
10763,3
10764,3
10766,3
10767,3
10768,3
10770,-1
10771,3
10772,3
10773,-1
10774,3
10775,-1
10776,3
10778,-1
10779,-1
10781,-1
10782,-1
10785,-1
10786,-1
10787,3
10789,3
10792,-1
10793,-1
10794,-1
10795,-1
10796,-1
10797,3
10800,-1
10801,3
10802,3
10803,-1
10805,-1
10806,-1
10807,3
10809,-1
10810,-1
10811,-1
10813,3
10814,-1
10815,3
10816,-1
10817,-1
10818,-1
10819,-1
10820,3
10823,-1
10824,-1
10825,3
10826,-1
10829,-1
10830,3
10832,3
10833,-1
10835,-1
10840,-1
10841,3
10843,-1
10845,3
10846,-1
10847,3
10848,-1
10849,-1
10850,3
10851,-1
10852,-1
10853,-1
10854,-1
10855,3
10857,-1
10858,-1
10860,-1
10861,-1
10862,-1
10866,3
10868,-1
10869,3
10870,-1
10871,-1
10872,-1
10873,3
10875,-1
10876,-1
10881,3
10882,3
10884,-1
10887,3
10889,-1
10890,3
10891,0
10892,-1
10893,-1
10894,-1
10895,-1
10896,-1
10898,3
10900,3
10903,-1
10906,3
10907,3
10908,-1
10909,-1
10911,-1
10913,-1
10914,-1
10915,-1
10917,-1
10918,3
10919,-1
10922,3
10923,3
10926,-1
10927,3
10929,-1
10930,-1
10931,-1
10932,-1
10934,-1
10935,-1
10936,-1
10937,-1
10939,-1
10940,-1
10941,-1
10942,-1
10943,-1
10944,-1
10945,3
10946,-1
10947,3
10948,-1
10951,-1
10952,-1
10953,-1
10954,-1
10956,-1
10957,-1
10959,-1
10960,-1
10961,-1
10964,-1
10965,-1
10966,-1
10968,3
10969,-1
10970,3
10971,3
10972,-1
10975,-1
10977,-1
10978,-1
10979,3
10981,3
10983,3
10984,-1
10985,3
10986,-1
10987,-1
10989,-1
10991,-1
10992,-1
10996,3
10997,3
10998,-1
10999,-1
11000,-1
11001,-1
11002,-1
11003,-1
11006,3
11008,-1
11009,-1
11010,3
11012,3
11013,3
11014,-1
11015,-1
11016,3
11017,3
11018,-1
11019,-1
11020,-1
11023,-1
11024,3
11025,3
11026,3
11027,-1
11028,-1
11030,-1
11032,-1
11033,-1
11034,-1
11035,-1
11038,3
11039,-1
11043,-1
11048,3
11049,3
11051,3
11052,-1
11053,-1
11054,-1
11056,3
11057,3
11059,3
11060,-1
11061,-1
11062,3
11063,-1
11065,2
11066,3
11067,3
11069,-1
11071,-1
11072,-1
11073,-1
11074,3
11075,3
11077,-1
11080,-1
11081,-1
11082,3
11083,-1
11084,3
11085,3
11086,3
11087,-1
11089,-1
11090,3
11092,3
11093,-1
11095,-1
11097,-1
11098,-1
11099,3
11101,-1
11103,2
11104,-1
11105,-1
11109,-1
11111,-1
11113,-1
11114,-1
11117,3
11118,3
11119,-1
11120,-1
11121,-1
11122,-1
11123,-1
11125,-1
11129,-1
11130,-1
11131,3
11133,3
11136,-1
11137,3
11138,-1
11141,3
11142,3
11144,3
11145,-1
11146,-1
11148,-1
11150,-1
11151,-1
11152,-1
11153,-1
11155,-1
11157,3
11158,-1
11159,-1
11160,-1
11162,-1
11163,-1
11164,-1
11165,-1
11167,-1
11171,-1
11172,3
11173,-1
11174,-1
11175,3
11177,-1
11179,-1
11180,-1
11181,-1
11182,3
11183,-1
11185,3
11186,3
11187,-1
11188,-1
11189,3
11190,3
11191,-1
11192,-1
11195,-1
11196,3
11197,3
11198,-1
11199,-1
11202,-1
11207,3
11208,3
11209,-1
11210,3
11211,-1
11212,-1
11213,-1
11215,3
11217,3
11218,3
11220,-1
11222,-1
11223,-1
11226,-1
11227,-1
11229,-1
11230,3
11232,-1
11238,-1
11239,-1
11240,-1
11241,-1
11242,-1
11243,-1
11244,-1
11247,3
11248,-1
11249,-1
11250,-1
11255,-1
11256,-1
11257,3
11258,3
11259,-1
11260,-1
11262,3
11263,-1
11264,3
11267,-1
11269,-1
11270,-1
11271,-1
11273,-1
11276,-1
11277,-1
11280,-1
11281,3
11282,3
11283,3
11286,3
11287,3
11288,-1
11289,-1
11294,3
11295,3
11296,-1
11297,-1
11298,-1
11299,3
11300,-1
11301,-1
11302,3
11303,-1
11305,-1
11309,-1
11310,3
11311,3
11313,-1
11314,-1
11315,-1
11316,-1
11318,3
11319,3
11320,3
11321,-1
11322,3
11323,3
11324,-1
11326,3
11328,3
11330,3
11332,-1
11333,3
11334,-1
11338,-1
11339,-1
11340,-1
11341,-1
11344,-1
11345,3
11346,-1
11348,-1
11349,-1
11351,-1
11352,3
11353,3
11354,3
11356,-1
11357,3
11359,-1
11360,-1
11361,-1
11364,-1
11367,3
11372,3
11374,-1
11375,3
11376,3
11378,-1
11382,-1
11383,-1
11385,3
11386,-1
11387,-1
11388,-1
11389,-1
11390,-1
11391,-1
11392,3
11394,3
11395,-1
11396,-1
11401,-1
11402,-1
11403,-1
11404,-1
11405,-1
11406,3
11408,-1
11409,-1
11410,-1
11411,3
11412,-1
11414,-1
11417,-1
11418,-1
11419,-1
11421,-1
11423,-1
11425,-1
11427,-1
11428,3
11431,-1
11433,-1
11438,3
11439,-1
11440,3
11442,-1
11443,3
11444,-1
11445,-1
11446,-1
11447,3
11449,3
11451,3
11452,-1
11453,-1
11454,3
11456,-1
11457,-1
11458,-1
11459,-1
11460,-1
11461,-1
11462,3
11465,-1
11466,3
11467,-1
11468,-1
11471,-1
11472,-1
11473,-1
11474,-1
11475,-1
11476,-1
11478,-1
11481,-1
11482,-1
11484,-1
11485,3
11487,-1
11488,3
11490,-1
11491,-1
11493,-1
11495,-1
11496,-1
11497,-1
11499,-1
11501,-1
11503,-1
11506,3
11507,-1
11509,-1
11510,-1
11511,-1
11512,-1
11514,-1
11515,-1
11516,-1
11518,-1
11519,3
11520,-1
11521,3
11525,3
11526,-1
11528,-1
11529,-1
11530,-1
11533,-1
11535,-1
11536,-1
11538,-1
11542,-1
11544,-1
11545,-1
11546,-1
11547,-1
11548,3
11549,3
11550,-1
11551,-1
11553,3
11554,3
11555,-1
11558,0
11559,-1
11561,3
11562,-1
11563,3
11564,-1
11566,-1
11567,-1
11569,-1
11571,3
11574,-1
11575,-1
11576,0
11577,3
11578,-1
11581,3
11582,3
11583,-1
11584,-1
11586,-1
11588,-1
11589,-1
11590,-1
11591,-1
11592,-1
11593,-1
11596,-1
11600,-1
11604,-1
11605,3
11606,-1
11607,-1
11608,-1
11609,-1
11610,3
11611,-1
11615,-1
11616,-1
11622,-1
11624,-1
11625,-1
11626,3
11627,3
11628,-1
11629,3
11631,-1
11632,-1
11634,-1
11636,3
11637,-1
11642,3
11643,-1
11644,-1
11645,-1
11646,-1
11648,-1
11651,-1
11653,-1
11654,-1
11656,3
11657,3
11658,-1
11659,-1
11660,-1
11663,3
11664,-1
11668,-1
11670,-1
11672,-1
11674,-1
11676,3
11677,1
11679,-1
11680,-1
11681,-1
11682,-1
11683,-1
11685,-1
11686,-1
11687,-1
11688,-1
11692,-1
11693,3
11695,-1
11696,3
11697,-1
11698,-1
11699,-1
11700,-1
11701,3
11703,-1
11704,0
11705,3
11706,3
11707,-1
11708,-1
11709,-1
11710,3
11712,3
11713,-1
11715,-1
11716,-1
11718,-1
11719,3
11726,-1
11727,-1
11733,-1
11734,-1
11736,-1
11737,-1
11738,3
11739,-1
11740,-1
11741,-1
11742,3
11744,-1
11745,3
11746,-1
11748,-1
11749,3
11752,-1
11753,3
11757,-1
11759,-1
11760,3
11761,-1
11762,3
11763,-1
11764,-1
11767,-1
11770,3
11774,-1
11775,-1
11777,3
11778,3
11779,-1
11780,-1
11781,3
11782,3
11783,-1
11784,-1
11786,-1
11787,-1
11791,-1
11792,-1
11793,-1
11794,-1
11797,-1
11798,-1
11800,-1
11801,-1
11802,-1
11803,-1
11804,-1
11805,3
11807,-1
11808,3
11810,3
11811,-1
11812,3
11813,-1
11815,-1
11816,-1
11817,3
11818,-1
11819,-1
11821,-1
11822,3
11824,-1
11825,3
11826,-1
11831,3
11832,-1
11840,-1
11841,3
11843,3
11845,-1
11846,-1
11848,3
11849,3
11850,-1
11852,-1
11854,-1
11855,-1
11856,-1
11857,3
11858,-1
11859,-1
11862,-1
11865,-1
11867,-1
11868,3
11870,-1
11872,-1
11873,3
11874,3
11876,-1
11877,3
11878,3
11883,3
11884,-1
11886,3
11887,-1
11892,-1
11893,-1
11894,-1
11895,-1
11897,3
11900,-1
11903,-1
11904,-1
11905,3
11906,-1
11907,-1
11908,3
11911,-1
11913,3
11915,3
11919,3
11920,-1
11921,-1
11923,3
11924,-1
11927,-1
11928,-1
11931,-1
11933,-1
11934,-1
11935,3
11936,-1
11938,-1
11941,-1
11946,3
11948,3
11949,-1
11951,3
11953,-1
11954,-1
11955,-1
11956,-1
11957,-1
11958,3
11962,3
11963,-1
11964,-1
11965,-1
11966,3
11969,3
11970,3
11971,-1
11972,-1
11974,3
11976,-1
11977,3
11978,-1
11980,3
11983,-1
11985,-1
11987,-1
11989,-1
11991,-1
11992,-1
11994,-1
11995,-1
11997,-1
11999,-1
12001,3
12003,3
12004,-1
12005,3
12006,-1
12008,3
12010,-1
12012,-1
12015,3
12016,3
12017,-1
12018,-1
12021,3
12022,-1
12023,-1
12024,3
12025,-1
12027,3
12028,0
12029,-1
12030,3
12031,3
12032,-1
12036,-1
12037,3
12041,-1
12042,-1
12044,3
12046,-1
12047,-1
12048,3
12050,3
12054,-1
12057,-1
12059,3
12060,3
12061,-1
12062,-1
12063,-1
12064,-1
12065,3
12066,3
12068,-1
12069,-1
12070,-1
12071,-1
12072,-1
12073,-1
12076,-1
12077,-1
12078,-1
12080,-1
12081,3
12082,-1
12083,-1
12084,-1
12085,-1
12087,3
12088,-1
12089,-1
12090,-1
12092,-1
12095,-1
12096,3
12100,3
12101,-1
12103,2
12106,-1
12107,-1
12108,3
12110,-1
12114,-1
12115,3
12116,3
12117,-1
12118,-1
12119,-1
12120,-1
12121,-1
12122,-1
12124,-1
12126,-1
12127,-1
12128,-1
12129,-1
12130,3
12131,3
12133,-1
12134,3
12135,3
12136,3
12137,-1
12139,-1
12141,-1
12142,-1
12145,-1
12146,-1
12148,-1
12150,3
12152,-1
12153,3
12155,3
12156,3
12159,3
12160,3
12163,-1
12165,-1
12166,-1
12167,-1
12168,3
12170,3
12174,-1
12176,-1
12182,3
12184,3
12185,-1
12186,3
12187,-1
12188,-1
12189,-1
12191,-1
12192,3
12193,3
12194,-1
12195,-1
12196,3
12197,-1
12198,3
12199,-1
12200,-1
12202,3
12203,3
12204,-1
12207,-1
12208,-1
12209,-1
12210,3
12211,3
12213,-1
12214,-1
12215,-1
12216,-1
12218,-1
12219,-1
12221,-1
12224,-1
12225,-1
12226,-1
12227,-1
12228,3
12229,3
12230,-1
12231,-1
12232,3
12233,-1
12234,-1
12236,-1
12239,-1
12241,-1
12242,-1
12244,3
12245,-1
12246,-1
12247,-1
12249,-1
12252,3
12253,-1
12254,-1
12255,-1
12257,-1
12258,-1
12259,-1
12260,-1
12261,3
12264,-1
12266,-1
12267,-1
12268,3
12269,-1
12270,-1
12273,-1
12274,-1
12275,-1
12277,-1
12278,-1
12279,-1
12280,-1
12281,-1
12283,-1
12284,-1
12285,-1
12286,-1
12290,-1
12291,-1
12292,3
12293,3
12296,3
12299,-1
12300,-1
12303,-1
12305,-1
12306,3
12307,3
12309,-1
12312,-1
12313,-1
12314,-1
12318,-1
12319,-1
12320,-1
12323,-1
12324,-1
12326,-1
12327,-1
12329,-1
12330,2
12332,-1
12333,-1
12334,-1
12335,3
12336,-1
12338,-1
12339,-1
12340,-1
12341,3
12342,-1
12343,3
12345,-1
12348,3
12349,-1
12350,-1
12351,3
12352,-1
12356,-1
12357,3
12358,-1
12362,-1
12363,-1
12364,3
12365,-1
12366,-1
12368,3
12371,-1
12372,3
12374,-1
12376,3
12377,-1
12378,-1
12382,-1
12383,-1
12384,-1
12385,3
12387,-1
12388,3
12389,3
12393,0
12394,-1
12396,0
12397,-1
12398,-1
12400,3
12403,-1
12406,-1
12407,3
12408,-1
12410,-1
12412,-1
12414,-1
12416,-1
12417,3
12418,-1
12420,-1
12422,-1
12424,3
12429,3
12431,-1
12435,-1
12439,-1
12440,3
12441,-1
12445,-1
12446,-1
12447,-1
12448,3
12449,-1
12450,-1
12451,-1
12452,3
12453,3
12454,3
12455,3
12456,-1
12457,3
12460,-1
12462,-1
12463,-1
12464,-1
12465,3
12466,3
12467,-1
12468,3
12473,-1
12474,3
12476,-1
12477,3
12478,3
12480,-1
12481,3
12483,3
12486,-1
12487,-1
12488,-1
12489,3
12494,-1
12495,3
12496,-1
12498,-1
12500,-1
12502,3
12504,-1
12506,-1
12507,3
12508,3
12511,3
12512,3
12514,3
12515,-1
12516,-1
12518,3
12520,-1
12521,0
12524,-1
12525,-1
12526,-1
12529,-1
12530,3
12532,3
12535,3
12536,3
12537,3
12539,-1
12541,-1
12542,3
12544,-1
12545,3
12546,-1
12550,-1
12551,3
12553,-1
12554,3
12556,-1
12558,3
12559,3
12560,-1
12561,3
12562,3
12563,-1
12564,-1
12565,-1
12566,-1
12569,3
12570,-1
12571,-1
12572,-1
12573,3
12574,-1
12575,1
12576,-1
12577,-1
12578,-1
12579,-1
12581,3
12584,-1
12585,-1
12587,-1
12588,3
12589,-1
12593,-1
12594,-1
12595,-1
12598,-1
12599,3
12600,3
12601,3
12603,-1
12605,-1
12606,-1
12609,3
12610,3
12611,-1
12612,-1
12613,-1
12615,-1
12616,-1
12618,3
12621,3
12622,3
12623,3
12626,-1
12627,3
12628,3
12630,3
12631,-1
12635,-1
12636,-1
12637,3
12638,-1
12640,-1
12641,3
12644,-1
12645,3
12647,3
12648,3
12649,-1
12653,3
12656,-1
12658,3
12659,-1
12660,-1
12662,-1
12664,-1
12667,3
12670,3
12671,3
12673,3
12674,3
12677,-1
12679,-1
12680,-1
12681,-1
12685,-1
12686,-1
12687,-1
12688,3
12690,3
12691,-1
12694,-1
12696,3
12697,-1
12699,3
12700,3
12701,-1
12702,0
12703,3
12704,-1
12705,-1
12710,3
12712,3
12715,-1
12717,-1
12725,-1
12726,-1
12728,-1
12730,3
12731,-1
12732,-1
12734,-1
12735,-1
12736,-1
12737,-1
12740,3
12742,-1
12743,-1
12744,3
12746,-1
12747,-1
12748,-1
12749,3
12750,-1
12751,3
12752,-1
12753,-1
12754,-1
12757,-1
12758,3
12759,-1
12760,3
12761,-1
12764,-1
12766,-1
12768,-1
12769,-1
12770,-1
12772,-1
12773,-1
12774,3
12775,-1
12776,-1
12777,-1
12778,3
12779,-1
12780,-1
12781,-1
12783,-1
12786,3
12787,-1
12789,3
12792,-1
12794,-1
12796,3
12797,-1
12798,-1
12799,-1
12800,-1
12802,3
12803,-1
12804,-1
12806,-1
12807,-1
12810,-1
12811,-1
12812,-1
12813,-1
12814,-1
12815,-1
12816,0
12818,3
12819,3
12820,-1
12822,-1
12823,-1
12824,3
12825,3
12827,-1
12832,3
12833,-1
12836,3
12837,3
12838,-1
12839,3
12841,3
12842,-1
12847,-1
12848,-1
12849,3
12850,-1
12853,-1
12855,-1
12856,-1
12857,-1
12859,3
12861,3
12862,-1
12865,-1
12868,-1
12869,-1
12871,-1
12872,3
12874,-1
12875,-1
12876,3
12877,-1
12879,-1
12880,-1
12883,3
12884,-1
12885,3
12886,-1
12887,-1
12888,3
12893,3
12894,3
12895,2
12896,-1
12897,3
12898,-1
12899,3
12900,3
12902,0
12903,-1
12904,-1
12906,0
12907,-1
12910,-1
12912,-1
12914,-1
12915,-1
12916,3
12919,3
12922,-1
12923,-1
12924,0
12925,-1
12926,-1
12928,3
12929,-1
12931,-1
12932,-1
12933,-1
12934,-1
12936,-1
12938,3
12939,0
12940,-1
12941,-1
12943,3
12944,-1
12945,-1
12947,-1
12950,-1
12951,-1
12952,3
12957,-1
12959,-1
12960,-1
12963,-1
12964,3
12965,3
12966,3
12967,-1
12968,3
12971,-1
12972,3
12973,3
12975,-1
12976,3
12977,-1
12978,-1
12981,-1
12982,-1
12983,-1
12984,-1
12985,-1
12986,-1
12987,-1
12988,3
12989,3
12991,-1
12995,-1
12997,-1
12998,-1
13001,3
13002,3
13006,3
13011,2
13012,3
13013,-1
13015,-1
13016,-1
13018,3
13020,3
13021,-1
13024,-1
13025,-1
13028,-1
13029,-1
13032,3
13033,-1
13035,3
13036,3
13037,-1
13038,3
13039,3
13041,-1
13042,-1
13043,-1
13045,-1
13046,-1
13047,-1
13048,-1
13049,3
13050,3
13051,-1
13053,3
13054,3
13055,3
13056,-1
13059,-1
13062,3
13064,3
13066,-1
13067,-1
13069,3
13074,-1
13075,3
13076,-1
13078,-1
13080,-1
13081,-1
13082,-1
13083,3
13084,3
13087,-1
13088,-1
13092,3
13093,-1
13095,-1
13097,3
13098,3
13099,-1
13101,-1
13102,3
13103,-1
13104,-1
13105,-1
13106,-1
13107,3
13110,-1
13111,-1
13112,-1
13113,-1
13119,-1
13120,3
13121,-1
13123,-1
13125,-1
13127,-1
13128,3
13131,3
13133,-1
13135,-1
13136,-1
13137,-1
13138,-1
13139,-1
13140,-1
13142,-1
13143,3
13144,-1
13145,-1
13147,3
13148,-1
13151,-1
13152,3
13153,3
13155,-1
13156,-1
13157,-1
13158,3
13159,-1
13160,-1
13161,-1
13163,3
13164,-1
13165,-1
13167,3
13168,3
13169,3
13170,3
13171,3
13172,3
13174,-1
13175,-1
13178,-1
13179,-1
13181,-1
13182,3
13183,-1
13184,-1
13191,0
13195,3
13197,3
13198,-1
13200,-1
13204,3
13205,-1
13206,-1
13207,-1
13211,-1
13213,-1
13214,-1
13215,-1
13216,-1
13218,3
13220,3
13221,-1
13222,3
13223,-1
13224,-1
13226,-1
13230,3
13231,-1
13233,-1
13238,3
13239,3
13240,-1
13242,3
13243,-1
13245,3
13247,-1
13250,-1
13251,-1
13252,-1
13256,-1
13257,-1
13259,3
13260,-1
13261,3
13263,-1
13265,-1
13266,-1
13268,-1
13269,-1
13272,-1
13273,0
13274,3
13276,-1
13279,-1
13284,-1
13285,3
13288,-1
13291,-1
13295,-1
13298,-1
13299,-1
13301,-1
13302,-1
13304,-1
13305,-1
13306,3
13307,-1
13308,3
13312,-1
13313,-1
13314,-1
13315,-1
13316,-1
13317,-1
13319,-1
13320,3
13321,-1
13322,-1
13323,-1
13324,-1
13326,-1
13328,0
13329,-1
13330,3
13331,3
13332,-1
13334,-1
13335,-1
13337,-1
13338,-1
13340,-1
13341,-1
13342,3
13345,3
13346,-1
13347,-1
13348,-1
13351,-1
13352,3
13357,-1
13358,-1
13361,-1
13362,-1
13363,-1
13365,-1
13368,3
13369,-1
13371,-1
13372,3
13373,-1
13375,-1
13377,3
13378,-1
13379,3
13380,-1
13381,-1
13382,3
13383,-1
13387,-1
13390,-1
13391,3
13395,3
13397,-1
13398,-1
13399,-1
13400,-1
13401,-1
13402,-1
13403,-1
13404,3
13405,-1
13406,3
13407,-1
13408,-1
13409,-1
13410,-1
13411,-1
13413,-1
13414,3
13415,-1
13416,3
13417,-1
13418,3
13420,3
13421,-1
13422,-1
13424,3
13425,-1
13427,-1
13428,-1
13429,3
13430,-1
13431,3
13433,-1
13434,-1
13435,3
13436,3
13438,3
13439,-1
13440,-1
13441,-1
13444,-1
13445,-1
13447,3
13448,-1
13450,-1
13451,3
13452,-1
13453,-1
13454,-1
13455,-1
13456,-1
13457,-1
13459,3
13460,-1
13462,3
13463,3
13464,3
13466,-1
13467,-1
13469,-1
13470,-1
13471,-1
13472,3
13473,-1
13474,-1
13475,3
13476,3
13477,3
13478,-1
13480,3
13481,-1
13482,-1
13484,-1
13485,3
13486,-1
13490,3
13491,-1
13494,-1
13495,-1
13496,-1
13499,-1
13501,-1
13502,-1
13503,-1
13504,3
13505,3
13506,-1
13507,-1
13508,3
13509,-1
13510,3
13511,-1
13512,-1
13513,0
13515,-1
13516,-1
13517,3
13519,3
13520,-1
13522,-1
13524,-1
13525,-1
13526,3
13527,-1
13531,-1
13532,-1
13533,-1
13536,-1
13537,-1
13538,3
13539,0
13540,-1
13541,3
13542,-1
13543,3
13544,3
13545,-1
13546,-1
13547,-1
13548,-1
13550,3
13551,3
13553,3
13554,3
13555,-1
13556,-1
13558,-1
13559,-1
13561,-1
13562,-1
13563,3
13564,-1
13565,-1
13566,-1
13567,-1
13568,-1
13569,-1
13571,3
13573,-1
13577,3
13578,-1
13579,3
13582,-1
13583,0
13586,-1
13587,-1
13590,-1
13591,3
13592,-1
13593,3
13594,3
13595,3
13596,-1
13597,-1
13598,3
13599,3
13601,-1
13602,-1
13603,-1
13606,3
13607,-1
13608,-1
13610,-1
13611,-1
13614,-1
13616,-1
13617,-1
13618,-1
13621,3
13622,3
13623,-1
13624,0
13627,3
13628,-1
13629,3
13630,-1
13633,3
13636,-1
13637,3
13641,-1
13642,3
13643,-1
13645,-1
13646,3
13647,-1
13650,3
13651,-1
13653,-1
13654,-1
13655,-1
13657,-1
13658,-1
13660,3
13661,-1
13663,3
13664,3
13666,-1
13667,3
13671,-1
13677,3
13683,-1
13684,-1
13686,-1
13687,3
13688,3
13689,-1
13691,-1
13692,-1
13693,-1
13694,3
13698,3
13699,-1
13700,-1
13701,3
13702,2
13703,3
13705,3
13706,3
13707,3
13709,3
13710,3
13711,-1
13713,3
13714,3
13717,3
13718,3
13719,3
13721,-1
13722,3
13726,3
13728,3
13729,-1
13732,-1
13733,3
13736,-1
13738,-1
13739,-1
13740,-1
13741,-1
13745,-1
13748,-1
13750,-1
13751,-1
13752,-1
13753,-1
13754,-1
13755,3
13756,-1
13757,-1
13758,-1
13760,-1
13762,-1
13767,-1
13769,3
13771,-1
13772,-1
13774,-1
13775,-1
13776,-1
13778,-1
13779,-1
13780,-1
13781,-1
13783,-1
13784,3
13785,-1
13786,3
13787,-1
13788,-1
13789,-1
13790,-1
13791,-1
13792,-1
13793,-1
13794,-1
13795,-1
13796,-1
13801,-1
13802,-1
13803,-1
13805,-1
13808,-1
13809,-1
13810,3
13812,-1
13814,-1
13815,3
13819,-1
13824,3
13826,-1
13827,3
13828,-1
13830,-1
13831,-1
13832,0
13833,-1
13834,3
13835,-1
13836,-1
13837,-1
13838,-1
13841,3
13844,-1
13845,3
13847,-1
13849,-1
13851,-1
13854,-1
13855,-1
13857,-1
13863,-1
13864,-1
13865,3
13866,-1
13867,-1
13869,3
13870,-1
13871,-1
13873,-1
13874,3
13877,-1
13879,3
13880,2
13882,-1
13885,-1
13886,-1
13887,-1
13888,-1
13891,-1
13892,3
13893,-1
13894,-1
13895,-1
13896,-1
13901,3
13902,3
13904,-1
13908,-1
13911,3
13915,-1
13916,-1
13918,-1
13919,-1
13920,-1
13921,-1
13923,-1
13924,3
13925,-1
13929,-1
13930,-1
13932,-1
13935,-1
13936,-1
13937,-1
13938,-1
13939,-1
13940,-1
13941,-1
13942,-1
13943,3
13944,3
13945,3
13946,-1
13947,-1
13948,0
13949,-1
13951,3
13952,-1
13954,-1
13955,3
13956,-1
13957,-1
13958,-1
13959,-1
13960,-1
13961,-1
13962,3
13964,-1
13967,-1
13968,-1
13970,-1
13971,-1
13975,-1
13976,-1
13978,-1
13980,-1
13981,3
13982,-1
13983,3
13984,-1
13988,-1
13989,-1
13990,-1
13991,-1
13992,-1
13993,-1
13994,-1
13995,3
13996,-1
13998,3
14005,-1
14007,-1
14008,-1
14009,-1
14012,-1
14013,-1
14014,-1
14017,3
14019,-1
14021,-1
14023,-1
14025,3
14027,0
14028,-1
14029,-1
14030,-1
14031,-1
14032,3
14033,-1
14034,-1
14035,-1
14036,-1
14038,-1
14039,-1
14040,3
14042,-1
14046,-1
14047,-1
14051,-1
14052,3
14053,-1
14055,3
14057,3
14059,-1
14060,-1
14061,3
14063,-1
14064,3
14065,-1
14066,-1
14067,-1
14070,3
14071,-1
14072,-1
14074,3
14076,3
14077,0
14078,3
14082,-1
14083,3
14086,-1
14088,3
14091,-1
14092,-1
14097,-1
14098,-1
14100,-1
14101,-1
14102,-1
14103,3
14105,3
14106,-1
14107,-1
14108,-1
14109,-1
14114,-1
14118,-1
14121,-1
14123,3
14124,-1
14125,-1
14127,-1
14129,-1
14131,-1
14132,-1
14133,-1
14134,3
14135,3
14136,-1
14138,-1
14139,3
14140,-1
14141,3
14142,-1
14143,-1
14144,3
14145,-1
14150,3
14151,3
14152,-1
14154,-1
14156,-1
14157,3
14158,-1
14160,-1
14162,3
14163,3
14164,-1
14165,-1
14168,-1
14169,-1
14170,-1
14171,3
14172,3
14173,3
14175,-1
14176,-1
14177,-1
14180,-1
14181,3
14182,-1
14184,-1
14185,3
14187,-1
14189,-1
14190,3
14192,-1
14193,3
14194,3
14195,-1
14196,3
14197,3
14199,-1
14201,1
14202,3
14203,-1
14204,-1
14205,0
14206,-1
14208,-1
14209,-1
14210,3
14213,-1
14215,3
14216,3
14224,-1
14225,-1
14227,-1
14230,-1
14232,-1
14238,3
14240,-1
14241,-1
14243,-1
14245,-1
14252,3
14256,3
14257,3
14258,-1
14259,-1
14260,3
14262,3
14264,-1
14266,-1
14267,-1
14268,-1
14269,-1
14271,-1
14273,-1
14274,3
14276,-1
14278,3
14280,-1
14281,-1
14284,-1
14285,-1
14286,-1
14289,-1
14291,-1
14293,-1
14294,-1
14295,-1
14296,3
14297,-1
14299,-1
14300,-1
14301,-1
14303,3
14305,-1
14307,3
14309,3
14310,-1
14311,3
14315,-1
14318,-1
14320,-1
14322,-1
14323,3
14325,-1
14326,3
14327,-1
14329,-1
14333,-1
14334,-1
14337,-1
14339,3
14340,1
14341,3
14342,-1
14343,3
14344,-1
14345,-1
14346,3
14347,-1
14348,-1
14350,3
14351,-1
14353,-1
14354,3
14355,-1
14356,-1
14357,-1
14358,-1
14360,-1
14361,-1
14364,-1
14365,3
14368,-1
14370,-1
14371,3
14372,3
14373,-1
14374,-1
14377,3
14379,-1
14380,-1
14381,3
14383,-1
14384,-1
14388,-1
14391,-1
14392,-1
14395,-1
14399,3
14402,-1
14403,3
14404,-1
14405,3
14407,3
14410,-1
14411,3
14412,-1
14414,-1
14415,-1
14418,3
14419,-1
14420,3
14421,-1
14423,-1
14424,-1
14427,-1
14428,-1
14431,3
14434,-1
14435,-1
14438,-1
14439,-1
14440,-1
14441,-1
14442,3
14443,-1
14444,-1
14445,-1
14446,3
14447,-1
14449,-1
14450,3
14451,-1
14452,-1
14453,3
14455,-1
14456,3
14458,-1
14459,-1
14460,-1
14466,-1
14467,-1
14469,-1
14471,-1
14472,-1
14473,-1
14474,3
14475,3
14476,3
14479,-1
14482,3
14483,-1
14484,-1
14485,-1
14486,-1
14487,-1
14489,-1
14490,-1
14494,3
14495,-1
14496,-1
14499,-1
14501,-1
14503,-1
14504,-1
14505,3
14506,3
14507,3
14510,-1
14511,3
14512,-1
14513,3
14514,-1
14515,-1
14516,3
14519,-1
14520,-1
14521,-1
14522,3
14524,-1
14525,-1
14527,0
14528,2
14529,3
14534,-1
14536,-1
14538,-1
14541,-1
14545,3
14546,-1
14547,-1
14548,-1
14549,-1
14550,-1
14551,-1
14552,3
14553,3
14556,-1
14560,-1
14562,-1
14563,1
14566,-1
14568,3
14569,-1
14570,-1
14571,3
14572,3
14573,2
14574,3
14575,-1
14576,-1
14577,-1
14578,3
14584,3
14585,-1
14586,3
14587,-1
14588,-1
14589,-1
14591,3
14593,-1
14594,-1
14595,-1
14599,3
14600,3
14602,-1
14604,-1
14606,3
14607,3
14608,-1
14611,-1
14613,3
14616,-1
14617,3
14619,-1
14621,3
14622,-1
14623,-1
14624,-1
14625,-1
14626,-1
14627,-1
14630,-1
14631,-1
14632,3
14636,-1
14637,-1
14638,-1
14639,3
14644,-1
14645,-1
14647,3
14649,-1
14650,-1
14653,-1
14655,3
14656,-1
14658,3
14659,-1
14660,-1
14661,-1
14664,-1
14665,-1
14666,3
14667,-1
14668,-1
14669,3
14670,-1
14671,3
14673,-1
14674,-1
14675,-1
14677,-1
14678,3
14679,-1
14680,0
14681,3
14682,-1
14683,3
14684,3
14685,-1
14686,-1
14687,-1
14688,3
14689,3
14691,-1
14692,-1
14693,-1
14698,3
14700,3
14701,-1
14702,-1
14703,-1
14706,-1
14707,-1
14708,-1
14712,-1
14714,-1
14715,3
14716,3
14719,0
14721,-1
14725,3
14726,-1
14728,3
14729,3
14730,3
14731,-1
14732,-1
14733,-1
14734,3
14735,-1
14736,3
14737,-1
14739,-1
14740,-1
14741,3
14742,-1
14743,-1
14745,-1
14747,3
14748,-1
14749,-1
14751,-1
14752,-1
14754,-1
14756,3
14757,-1
14760,3
14761,-1
14762,3
14767,-1
14768,-1
14770,-1
14771,3
14772,3
14775,3
14778,-1
14779,3
14781,3
14783,-1
14784,3
14785,3
14786,-1
14789,3
14790,-1
14791,3
14793,-1
14795,-1
14796,3
14797,3
14798,3
14799,-1
14803,-1
14804,3
14806,-1
14807,-1
14808,3
14809,-1
14811,-1
14812,3
14813,-1
14815,3
14816,3
14817,-1
14818,3
14820,-1
14822,-1
14824,-1
14827,3
14828,-1
14830,-1
14831,-1
14832,-1
14833,-1
14834,-1
14835,3
14837,3
14839,-1
14840,-1
14843,3
14846,-1
14854,3
14855,-1
14859,3
14861,-1
14863,-1
14864,-1
14865,-1
14867,-1
14868,1
14869,-1
14871,3
14872,-1
14874,3
14876,-1
14878,-1
14879,3
14884,-1
14885,3
14888,-1
14890,-1
14894,-1
14895,-1
14897,-1
14899,3
14900,-1
14901,3
14902,3
14905,2
14907,3
14910,3
14912,-1
14913,-1
14914,3
14916,-1
14921,3
14924,3
14925,-1
14926,-1
14927,-1
14929,-1
14930,-1
14933,-1
14934,-1
14937,-1
14938,-1
14939,-1
14940,-1
14942,-1
14946,-1
14951,3
14953,-1
14954,-1
14955,-1
14956,-1
14958,-1
14959,-1
14960,3
14965,-1
14966,-1
14968,-1
14969,3
14971,-1
14973,-1
14975,-1
14976,-1
14977,-1
14978,3
14980,3
14981,3
14983,-1
14984,-1
14986,-1
14988,-1
14993,3
14995,3
14998,-1
15000,3
15001,-1
15002,3
15003,3
15004,3
15006,-1
15007,-1
15008,-1
15009,3
15010,3
15012,3
15013,3
15014,-1
15015,-1
15017,-1
15018,-1
15019,3
15021,-1
15024,-1
15025,-1
15027,3
15028,-1
15031,-1
15032,3
15033,3
15037,-1
15038,-1
15039,3
15042,3
15043,3
15044,-1
15048,3
15049,-1
15050,3
15051,-1
15053,-1
15054,-1
15057,3
15060,-1
15062,3
15063,-1
15064,-1
15065,3
15066,3
15067,-1
15068,-1
15070,3
15071,3
15072,3
15079,-1
15080,3
15082,-1
15083,3
15084,3
15085,-1
15086,-1
15087,-1
15090,3
15091,-1
15092,3
15093,-1
15094,-1
15095,-1
15096,-1
15099,-1
15100,-1
15101,3
15102,-1
15103,-1
15105,-1
15106,3
15107,-1
15109,-1
15110,-1
15111,3
15112,-1
15113,-1
15114,-1
15115,-1
15116,-1
15117,3
15119,3
15120,3
15122,-1
15124,3
15125,-1
15127,3
15128,3
15131,3
15132,3
15133,-1
15144,3
15146,-1
15149,-1
15150,-1
15151,-1
15152,-1
15154,1
15155,-1
15156,-1
15159,3
15160,3
15161,-1
15162,-1
15164,-1
15167,3
15170,0
15171,-1
15172,3
15173,-1
15174,3
15175,-1
15176,-1
15177,-1
15178,-1
15179,-1
15180,-1
15181,-1
15182,-1
15183,-1
15185,0
15186,3
15188,-1
15189,-1
15190,-1
15192,3
15193,-1
15195,2
15196,-1
15197,0
15198,-1
15199,-1
15200,-1
15201,3
15202,-1
15203,-1
15205,-1
15206,-1
15209,-1
15212,-1
15213,-1
15214,-1
15215,3
15216,3
15218,3
15219,-1
15222,-1
15223,3
15224,-1
15225,-1
15226,-1
15227,-1
15229,-1
15230,-1
15231,3
15232,-1
15233,3
15234,-1
15235,-1
15237,3
15238,-1
15239,-1
15241,-1
15242,-1
15243,-1
15244,-1
15245,3
15246,3
15247,2
15248,-1
15251,-1
15252,-1
15254,-1
15255,-1
15257,-1
15258,-1
15259,-1
15261,-1
15262,3
15265,-1
15267,3
15268,-1
15270,-1
15272,-1
15273,-1
15274,3
15275,-1
15277,3
15281,-1
15282,3
15284,-1
15285,3
15286,-1
15288,-1
15289,3
15290,0
15293,3
15294,-1
15295,3
15296,3
15298,-1
15299,-1
15302,-1
15303,-1
15304,-1
15306,-1
15307,3
15310,3
15311,-1
15312,-1
15313,3
15314,-1
15319,3
15321,-1
15323,3
15325,3
15327,-1
15329,3
15330,-1
15331,-1
15332,-1
15333,-1
15334,3
15335,-1
15336,-1
15338,3
15339,-1
15345,-1
15346,3
15352,-1
15353,-1
15354,-1
15357,-1
15363,-1
15367,-1
15368,-1
15369,3
15370,3
15371,-1
15372,-1
15373,-1
15374,3
15375,-1
15376,3
15377,3
15378,-1
15380,3
15382,3
15383,-1
15384,3
15388,-1
15391,-1
15392,-1
15393,-1
15394,3
15397,3
15398,-1
15399,-1
15401,-1
15402,-1
15403,-1
15404,3
15405,-1
15408,3
15411,-1
15412,-1
15413,-1
15414,-1
15415,3
15416,-1
15417,-1
15418,3
15419,-1
15420,3
15422,-1
15423,-1
15424,3
15425,-1
15426,-1
15427,-1
15428,3
15429,-1
15430,-1
15431,-1
15433,-1
15434,3
15436,-1
15437,-1
15439,3
15440,-1
15441,-1
15444,-1
15446,-1
15447,-1
15449,3
15450,3
15451,-1
15452,-1
15454,-1
15455,-1
15457,-1
15458,0
15459,-1
15460,-1
15461,-1
15463,3
15465,-1
15466,-1
15468,-1
15470,-1
15471,-1
15473,-1
15475,-1
15478,-1
15479,3
15480,-1
15481,3
15482,-1
15484,-1
15487,-1
15491,-1
15493,3
15494,-1
15495,-1
15496,-1
15498,-1
15500,-1
15502,-1
15504,-1
15506,-1
15507,-1
15512,-1
15513,-1
15516,-1
15517,3
15521,-1
15523,-1
15524,-1
15527,3
15528,3
15529,-1
15530,-1
15531,-1
15533,3
15536,3
15537,-1
15539,-1
15540,3
15543,-1
15545,-1
15546,-1
15547,-1
15548,3
15549,-1
15550,3
15551,3
15552,3
15553,-1
15555,-1
15556,-1
15557,-1
15558,3
15559,3
15561,-1
15563,-1
15564,-1
15565,-1
15566,-1
15568,-1
15572,-1
15573,-1
15578,-1
15579,-1
15580,-1
15584,3
15586,-1
15587,-1
15588,3
15589,3
15590,-1
15591,-1
15594,-1
15595,3
15596,-1
15597,-1
15598,-1
15600,3
15601,3
15602,-1
15603,3
15604,-1
15605,-1
15606,-1
15607,3
15609,-1
15612,-1
15614,-1
15616,-1
15617,3
15619,-1
15620,-1
15622,-1
15623,-1
15625,-1
15627,-1
15628,3
15629,3
15632,-1
15633,3
15634,-1
15635,-1
15636,-1
15638,-1
15640,-1
15641,-1
15642,-1
15643,3
15645,-1
15647,-1
15648,-1
15649,-1
15650,-1
15652,3
15654,-1
15657,-1
15658,3
15659,-1
15662,3
15664,-1
15666,3
15667,-1
15670,-1
15672,-1
15676,-1
15678,-1
15681,-1
15682,3
15683,-1
15688,-1
15691,-1
15692,3
15694,-1
15695,-1
15699,-1
15700,-1
15702,-1
15704,-1
15706,-1
15707,-1
15708,-1
15709,-1
15711,3
15712,-1
15714,-1
15717,-1
15718,-1
15719,1
15721,-1
15722,3
15724,-1
15730,3
15731,3
15734,3
15735,3
15737,-1
15738,3
15739,-1
15740,3
15741,-1
15742,-1
15743,-1
15744,-1
15745,-1
15747,-1
15748,-1
15751,-1
15752,-1
15753,3
15754,3
15756,-1
15758,-1
15760,-1
15764,3
15765,-1
15766,3
15767,-1
15768,-1
15769,-1
15771,-1
15773,-1
15775,-1
15776,-1
15778,-1
15779,3
15780,3
15781,0
15782,-1
15783,3
15786,-1
15787,3
15788,-1
15792,-1
15794,-1
15795,-1
15796,-1
15799,3
15800,3
15802,-1
15804,3
15805,-1
15806,-1
15807,-1
15808,-1
15809,-1
15810,-1
15811,-1
15812,-1
15813,3
15817,3
15818,3
15820,-1
15825,-1
15826,-1
15827,3
15828,-1
15829,-1
15831,-1
15832,-1
15833,-1
15835,-1
15836,3
15837,-1
15839,-1
15841,-1
15842,3
15845,-1
15847,3
15848,-1
15853,3
15856,-1
15857,-1
15859,-1
15860,-1
15861,-1
15862,3
15863,-1
15865,-1
15866,-1
15869,3
15871,-1
15872,3
15874,-1
15875,-1
15876,3
15877,3
15879,3
15880,-1
15881,-1
15882,-1
15885,-1
15886,-1
15887,3
15889,3
15890,-1
15891,-1
15893,-1
15894,-1
15895,3
15898,3
15899,3
15902,-1
15903,-1
15904,1
15905,-1
15906,-1
15908,-1
15911,-1
15912,-1
15914,-1
15916,-1
15917,3
15918,3
15919,-1
15921,-1
15923,-1
15924,-1
15926,-1
15928,-1
15929,-1
15930,-1
15931,-1
15934,-1
15935,3
15936,-1
15937,-1
15938,-1
15939,-1
15940,-1
15941,3
15943,-1
15945,-1
15947,-1
15949,-1
15951,-1
15953,-1
15955,-1
15957,-1
15958,-1
15959,-1
15960,3
15961,-1
15962,-1
15963,3
15965,-1
15967,-1
15968,-1
15969,-1
15970,3
15972,3
15974,-1
15976,-1
15977,3
15978,3
15981,-1
15982,-1
15983,-1
15984,-1
15985,-1
15986,3
15988,-1
15989,-1
15990,3
15994,-1
15999,-1
16002,3
16003,-1
16004,-1
16005,-1
16006,-1
16007,-1
16010,-1
16011,-1
16014,-1
16015,3
16016,3
16019,-1
16021,-1
16023,-1
16024,-1
16025,3
16026,-1
16027,-1
16033,-1
16034,-1
16035,-1
16036,3
16037,3
16038,-1
16039,3
16040,3
16041,-1
16042,-1
16044,3
16045,-1
16046,3
16051,3
16054,-1
16056,3
16057,3
16058,3
16060,-1
16066,-1
16068,-1
16071,1
16072,-1
16074,-1
16076,3
16077,-1
16078,-1
16080,3
16083,-1
16085,3
16086,3
16087,-1
16090,-1
16091,-1
16092,-1
16094,-1
16095,2
16096,-1
16098,3
16100,-1
16102,3
16103,3
16105,-1
16106,-1
16107,-1
16108,-1
16110,-1
16111,3
16112,3
16113,-1
16114,-1
16115,3
16116,-1
16117,-1
16119,-1
16121,3
16122,3
16124,-1
16125,-1
16127,3
16129,-1
16130,-1
16131,-1
16132,-1
16133,3
16134,-1
16135,-1
16136,-1
16137,-1
16138,-1
16139,-1
16141,3
16142,3
16144,-1
16146,-1
16148,-1
16149,-1
16150,-1
16151,3
16152,-1
16153,-1
16154,-1
16156,-1
16157,-1
16158,3
16159,-1
16161,-1
16162,-1
16163,-1
16164,-1
16165,-1
16167,-1
16168,3
16172,-1
16173,3
16174,-1
16176,-1
16177,3
16178,-1
16180,-1
16186,3
16189,3
16190,-1
16191,3
16195,-1
16196,-1
16197,-1
16202,-1
16204,-1
16205,3
16209,-1
16210,-1
16211,3
16212,3
16213,-1
16214,-1
16215,-1
16216,-1
16217,-1
16220,-1
16223,-1
16224,-1
16225,-1
16227,-1
16228,-1
16229,-1
16230,3
16231,-1
16234,-1
16235,3
16237,3
16238,-1
16239,-1
16240,3
16242,-1
16243,-1
16246,-1
16247,-1
16248,-1
16249,3
16252,-1
16253,3
16256,3
16257,3
16259,-1
16261,-1
16262,3
16265,-1
16266,-1
16268,-1
16269,-1
16271,-1
16272,-1
16273,-1
16274,3
16275,-1
16276,-1
16277,-1
16278,3
16279,-1
16283,-1
16284,3
16286,-1
16288,-1
16289,3
16291,-1
16293,0
16294,-1
16295,3
16296,-1
16297,-1
16299,-1
16300,-1
16301,-1
16302,3
16303,-1
16307,-1
16308,3
16310,-1
16312,-1
16313,3
16315,-1
16316,-1
16318,-1
16319,3
16320,-1
16322,-1
16324,-1
16325,-1
16326,-1
16327,-1
16328,-1
16329,0
16330,-1
16331,-1
16332,-1
16334,-1
16336,-1
16337,3
16338,-1
16339,3
16340,-1
16341,3
16343,-1
16344,-1
16348,-1
16350,-1
16351,-1
16352,-1
16353,-1
16356,-1
16357,-1
16358,-1
16360,3
16363,-1
16364,-1
16365,3
16367,-1
16370,-1
16371,-1
16372,-1
16373,-1
16374,3
16375,-1
16376,3
16377,-1
16379,-1
16380,-1
16382,-1
16383,-1
16384,3
16385,-1
16387,-1
16388,-1
16390,-1
16392,-1
16394,3
16397,-1
16399,3
16400,-1
16401,-1
16402,3
16404,-1
16405,-1
16407,-1
16409,3
16410,-1
16413,-1
16414,-1
16415,-1
16416,-1
16418,-1
16419,-1
16420,3
16421,-1
16422,-1
16423,-1
16424,-1
16426,-1
16428,-1
16429,-1
16432,-1
16433,2
16435,-1
16436,-1
16437,3
16438,-1
16440,-1
16442,-1
16443,-1
16445,-1
16448,-1
16451,3
16452,3
16453,-1
16455,-1
16456,-1
16459,-1
16460,3
16461,-1
16462,-1
16463,-1
16464,-1
16465,-1
16466,-1
16467,3
16470,-1
16471,-1
16472,-1
16474,-1
16475,-1
16476,-1
16477,3
16478,3
16480,3
16481,3
16482,-1
16484,-1
16485,-1
16486,3
16488,-1
16489,-1
16490,3
16491,-1
16492,-1
16493,-1
16494,3
16497,3
16498,-1
16499,-1
16500,-1
16501,-1
16503,-1
16505,-1
16506,-1
16507,-1
16508,-1
16512,-1
16514,-1
16515,3
16517,-1
16518,-1
16519,-1
16520,-1
16521,3
16523,-1
16524,3
16525,-1
16526,3
16527,-1
16529,3
16530,3
16532,-1
16534,3
16535,3
16536,-1
16537,-1
16538,-1
16539,3
16540,-1
16542,-1
16543,-1
16544,-1
16547,-1
16548,-1
16549,3
16550,-1
16551,-1
16552,3
16553,-1
16555,-1
16557,-1
16558,-1
16559,-1
16561,3
16564,3
16567,-1
16568,-1
16569,-1
16570,3
16571,-1
16572,-1
16573,-1
16574,-1
16576,-1
16577,-1
16579,-1
16580,-1
16581,-1
16582,3
16590,3
16591,3
16592,-1
16593,3
16595,-1
16596,3
16597,-1
16598,-1
16600,-1
16602,-1
16608,3
16609,-1
16610,3
16611,-1
16612,-1
16613,-1
16614,-1
16615,-1
16616,-1
16619,-1
16620,-1
16622,-1
16623,-1
16624,3
16626,-1
16627,-1
16628,3
16630,-1
16631,-1
16633,3
16634,-1
16635,-1
16636,-1
16640,-1
16641,3
16644,-1
16647,-1
16648,-1
16650,1
16652,-1
16653,-1
16654,-1
16655,3
16656,-1
16657,3
16659,3
16660,3
16661,-1
16664,-1
16665,-1
16667,-1
16669,-1
16670,3
16671,-1
16672,3
16675,-1
16676,3
16677,-1
16678,-1
16680,-1
16682,-1
16684,-1
16687,3
16688,-1
16689,-1
16691,3
16693,-1
16694,-1
16695,2
16696,-1
16697,-1
16699,-1
16700,3
16701,3
16703,-1
16707,-1
16708,3
16709,3
16712,-1
16713,-1
16714,0
16716,3
16717,-1
16718,-1
16719,-1
16722,-1
16723,-1
16726,3
16729,3
16733,-1
16738,-1
16739,-1
16740,3
16741,-1
16743,3
16744,3
16745,-1
16746,-1
16747,3
16748,-1
16749,-1
16750,3
16751,-1
16752,-1
16753,3
16756,3
16759,-1
16763,-1
16764,-1
16765,-1
16766,-1
16767,-1
16769,3
16772,1
16773,-1
16774,-1
16775,-1
16776,-1
16779,3
16780,3
16781,3
16782,-1
16783,3
16785,-1
16788,-1
16790,-1
16792,-1
16794,-1
16795,-1
16797,3
16798,-1
16799,3
16800,-1
16802,3
16803,3
16804,-1
16806,-1
16807,3
16808,3
16811,-1
16812,-1
16813,3
16815,3
16816,-1
16817,3
16819,-1
16820,-1
16821,3
16823,-1
16824,-1
16825,-1
16828,-1
16829,-1
16836,-1
16837,-1
16840,-1
16841,-1
16843,-1
16845,3
16846,-1
16851,-1
16852,-1
16853,3
16855,-1
16856,-1
16857,3
16861,-1
16862,3
16863,0
16864,3
16866,-1
16868,-1
16869,3
16870,3
16874,-1
16876,-1
16877,-1
16878,3
16880,-1
16882,3
16883,-1
16885,3
16886,-1
16888,-1
16889,-1
16891,1
16892,3
16893,3
16894,-1
16895,-1
16896,-1
16898,-1
16900,-1
16901,-1
16903,-1
16905,3
16907,-1
16908,3
16909,3
16910,3
16911,-1
16912,3
16913,-1
16914,3
16916,-1
16919,-1
16921,-1
16922,3
16923,-1
16924,3
16925,3
16926,-1
16927,3
16928,-1
16929,-1
16930,-1
16931,-1
16932,-1
16933,3
16934,3
16935,3
16936,-1
16937,-1
16938,3
16939,-1
16941,3
16943,-1
16944,0
16945,3
16946,-1
16948,3
16952,-1
16953,-1
16955,-1
16956,3
16957,-1
16958,-1
16959,3
16960,-1
16965,3
16966,-1
16969,-1
16970,-1
16971,3
16972,-1
16976,-1
16978,-1
16979,-1
16980,-1
16982,3
16983,3
16984,-1
16985,-1
16986,3
16989,-1
16990,-1
16992,-1
16993,-1
16995,-1
16998,-1
16999,-1
17000,-1
17002,3
17006,-1
17008,-1
17009,3
17010,3
17011,-1
17012,-1
17015,3
17016,-1
17018,3
17019,3
17022,-1
17023,-1
17025,3
17026,-1
17028,-1
17030,-1
17031,-1
17032,3
17034,3
17035,-1
17036,-1
17037,3
17038,3
17040,3
17042,-1
17044,-1
17047,-1
17049,-1
17050,-1
17051,3
17054,-1
17055,3
17056,3
17059,-1
17060,-1
17061,3
17063,0
17064,-1
17065,-1
17070,-1
17071,3
17074,-1
17076,-1
17077,-1
17081,3
17082,-1
17083,-1
17085,-1
17086,3
17089,0
17091,3
17092,-1
17093,-1
17094,-1
17097,-1
17098,-1
17099,-1
17100,-1
17104,3
17105,-1
17110,-1
17111,-1
17114,-1
17115,-1
17117,-1
17118,-1
17119,-1
17121,3
17124,-1
17126,-1
17127,-1
17129,3
17130,-1
17131,-1
17132,-1
17133,-1
17134,-1
17135,3
17137,3
17138,-1
17139,3
17142,-1
17144,-1
17145,3
17146,-1
17147,3
17148,-1
17154,-1
17156,-1
17157,3
17158,3
17160,-1
17161,-1
17162,-1
17163,3
17164,3
17165,-1
17166,-1
17167,-1
17168,-1
17171,-1
17172,3
17173,-1
17174,-1
17175,-1
17178,3
17180,-1
17182,3
17185,-1
17186,-1
17189,-1
17190,3
17191,-1
17193,-1
17194,-1
17195,-1
17196,-1
17199,-1
17200,-1
17201,-1
17205,3
17207,3
17208,-1
17211,-1
17212,3
17213,-1
17215,-1
17216,-1
17218,-1
17219,-1
17220,3
17221,-1
17222,-1
17224,-1
17227,-1
17228,-1
17230,-1
17231,-1
17232,3
17233,3
17234,-1
17235,-1
17236,-1
17238,-1
17244,-1
17246,-1
17247,-1
17248,3
17249,-1
17250,3
17251,-1
17252,-1
17255,-1
17256,-1
17258,-1
17259,-1
17261,-1
17262,3
17263,-1
17264,-1
17265,3
17266,3
17268,-1
17269,-1
17270,3
17271,-1
17272,-1
17273,-1
17274,-1
17275,-1
17276,-1
17277,3
17278,3
17279,-1
17280,-1
17281,-1
17283,-1
17285,-1
17286,3
17288,3
17289,3
17290,3
17291,3
17293,-1
17294,-1
17296,-1
17299,3
17300,-1
17302,-1
17304,-1
17305,3
17308,-1
17309,-1
17312,-1
17313,-1
17315,3
17316,3
17318,-1
17320,3
17326,3
17328,3
17330,3
17332,-1
17333,-1
17334,-1
17336,-1
17340,-1
17342,3
17343,3
17344,-1
17346,-1
17347,-1
17348,3
17349,-1
17350,-1
17351,3
17352,3
17353,3
17354,3
17355,-1
17357,3
17358,-1
17360,-1
17361,3
17364,-1
17368,-1
17369,3
17370,3
17371,3
17372,-1
17374,3
17375,-1
17376,-1
17377,-1
17378,-1
17380,-1
17381,3
17382,-1
17384,-1
17386,3
17387,3
17388,-1
17392,-1
17393,3
17395,3
17401,3
17402,-1
17403,3
17404,3
17408,-1
17409,3
17411,-1
17412,-1
17413,3
17414,-1
17417,-1
17418,3
17420,-1
17422,-1
17424,3
17425,-1
17426,-1
17427,-1
17428,3
17429,-1
17430,-1
17432,-1
17434,-1
17435,-1
17438,3
17439,-1
17440,-1
17441,-1
17443,-1
17444,-1
17445,-1
17446,3
17448,-1
17449,0
17453,3
17454,-1
17455,-1
17456,3
17457,3
17458,-1
17459,3
17462,-1
17466,-1
17467,3
17468,-1
17469,3
17470,3
17473,-1
17474,3
17476,3
17480,3
17482,-1
17484,-1
17486,-1
17487,-1
17488,-1
17489,-1
17490,-1
17491,-1
17492,-1
17493,-1
17494,-1
17495,3
17497,-1
17498,-1
17500,-1
17501,3
17505,-1
17506,3
17510,-1
17512,3
17517,3
17518,-1
17520,-1
17521,-1
17523,3
17524,3
17527,-1
17528,-1
17529,-1
17530,-1
17531,3
17533,-1
17534,-1
17535,-1
17536,-1
17540,-1
17541,3
17542,-1
17545,-1
17547,-1
17550,-1
17554,-1
17556,-1
17558,-1
17564,-1
17565,3
17567,3
17569,-1
17570,-1
17571,3
17572,-1
17573,3
17574,-1
17575,-1
17578,-1
17580,3
17581,-1
17582,-1
17583,3
17585,-1
17586,3
17589,-1
17590,-1
17591,3
17593,-1
17594,-1
17595,3
17596,-1
17597,3
17598,3
17599,3
17600,-1
17602,-1
17604,-1
17605,-1
17606,-1
17607,-1
17610,3
17611,3
17613,-1
17616,3
17617,-1
17618,-1
17619,-1
17620,3
17622,-1
17623,-1
17625,-1
17626,-1
17629,-1
17630,3
17632,-1
17633,-1
17635,-1
17636,-1
17637,-1
17639,-1
17640,-1
17641,-1
17642,-1
17643,3
17645,3
17647,0
17648,-1
17649,3
17650,3
17651,-1
17652,3
17655,-1
17656,-1
17660,3
17667,3
17668,3
17672,3
17673,-1
17674,3
17675,-1
17676,-1
17677,-1
17679,-1
17683,-1
17686,-1
17687,3
17688,-1
17690,-1
17691,-1
17692,-1
17694,-1
17695,-1
17696,-1
17697,3
17698,-1
17699,3
17700,-1
17701,-1
17703,-1
17704,-1
17705,-1
17706,-1
17707,-1
17708,3
17709,-1
17710,-1
17711,-1
17712,3
17714,3
17715,3
17717,-1
17719,3
17720,-1
17721,-1
17723,-1
17725,3
17728,3
17729,3
17731,3
17735,3
17736,-1
17740,-1
17742,3
17744,3
17745,1
17746,-1
17747,-1
17748,1
17751,-1
17753,-1
17756,3
17758,-1
17759,-1
17760,3
17761,-1
17763,-1
17766,-1
17767,-1
17768,-1
17769,-1
17770,-1
17772,3
17773,-1
17774,3
17775,3
17777,-1
17778,-1
17779,3
17781,-1
17783,-1
17785,-1
17786,3
17788,-1
17789,-1
17790,3
17791,-1
17792,-1
17795,3
17796,-1
17797,3
17800,3
17803,3
17805,3
17806,-1
17807,-1
17809,-1
17810,-1
17811,3
17813,-1
17816,3
17817,-1
17818,-1
17819,-1
17820,0
17821,3
17822,-1
17823,-1
17824,-1
17827,3
17828,-1
17829,-1
17830,3
17832,3
17837,-1
17838,-1
17839,-1
17841,-1
17842,-1
17844,-1
17848,-1
17849,-1
17850,-1
17851,-1
17852,3
17856,3
17857,3
17858,3
17860,-1
17861,-1
17862,-1
17863,-1
17865,3
17866,-1
17867,-1
17868,-1
17869,3
17870,3
17872,-1
17873,3
17874,3
17875,3
17877,3
17878,-1
17879,3
17880,-1
17881,3
17882,2
17886,-1
17887,3
17891,3
17892,-1
17894,-1
17896,1
17897,-1
17898,-1
17899,3
17902,-1
17904,-1
17905,-1
17906,-1
17907,3
17908,3
17909,-1
17910,-1
17911,-1
17912,3
17913,3
17914,-1
17915,-1
17916,3
17917,-1
17918,-1
17919,-1
17923,-1
17924,-1
17929,-1
17930,-1
17932,3
17933,-1
17935,-1
17936,-1
17941,3
17942,-1
17943,-1
17944,3
17945,-1
17946,-1
17948,3
17949,-1
17950,-1
17951,3
17952,3
17954,-1
17955,-1
17957,-1
17961,3
17962,3
17963,3
17966,3
17967,3
17968,-1
17969,-1
17970,3
17972,3
17973,-1
17974,-1
17976,-1
17977,-1
17978,3
17979,-1
17980,-1
17981,3
17982,3
17983,-1
17984,3
17985,-1
17986,-1
17987,-1
17988,3
17989,-1
17990,-1
17991,-1
17993,0
17994,-1
17997,3
17999,3
18000,-1
18001,-1
18005,-1
18007,3
18008,-1
18009,-1
18011,-1
18014,-1
18015,-1
18016,-1
18017,-1
18018,-1
18019,-1
18020,-1
18022,-1
18023,-1
18024,3
18025,-1
18027,-1
18028,-1
18033,-1
18035,-1
18036,-1
18038,3
18039,-1
18041,-1
18042,-1
18043,3
18044,-1
18047,-1
18048,-1
18049,-1
18050,-1
18051,3
18052,3
18053,-1
18055,-1
18056,-1
18057,-1
18058,-1
18060,3
18061,-1
18062,-1
18066,-1
18069,-1
18075,-1
18080,3
18082,-1
18085,-1
18086,-1
18089,-1
18091,-1
18093,-1
18094,-1
18095,-1
18097,-1
18098,3
18099,-1
18100,-1
18101,-1
18102,3
18104,-1
18106,3
18107,-1
18109,-1
18110,3
18111,0
18112,3
18114,-1
18115,-1
18116,-1
18118,-1
18121,-1
18122,3
18125,3
18126,-1
18131,-1
18134,-1
18135,-1
18136,3
18137,-1
18138,-1
18139,3
18142,3
18143,3
18146,-1
18148,3
18149,3
18150,3
18151,3
18152,-1
18153,-1
18155,3
18157,-1
18158,-1
18162,3
18167,-1
18170,-1
18172,-1
18174,-1
18175,-1
18176,-1
18177,-1
18179,-1
18180,-1
18182,-1
18183,-1
18184,3
18186,3
18187,-1
18189,3
18191,-1
18192,3
18193,3
18194,3
18196,-1
18198,3
18200,-1
18203,-1
18204,-1
18205,-1
18206,-1
18209,-1
18210,3
18213,-1
18215,-1
18216,-1
18217,3
18219,3
18222,3
18225,3
18226,-1
18227,-1
18229,3
18230,3
18231,-1
18232,-1
18234,-1
18235,-1
18236,3
18237,-1
18238,-1
18239,-1
18241,-1
18242,-1
18245,-1
18246,3
18247,-1
18248,3
18249,3
18250,-1
18251,-1
18252,-1
18254,-1
18256,-1
18257,3
18259,-1
18260,-1
18262,-1
18264,-1
18266,-1
18268,-1
18269,-1
18270,3
18272,-1
18273,-1
18274,-1
18276,-1
18277,3
18278,3
18279,3
18280,3
18281,3
18282,-1
18284,3
18285,-1
18286,3
18287,-1
18288,3
18289,-1
18291,-1
18293,-1
18294,3
18296,-1
18297,-1
18299,3
18300,3
18301,-1
18302,-1
18303,-1
18304,-1
18305,-1
18307,-1
18308,-1
18309,0
18310,3
18311,-1
18312,-1
18313,-1
18314,-1
18315,3
18319,-1
18321,3
18322,-1
18324,-1
18325,-1
18326,-1
18329,-1
18330,-1
18331,-1
18334,3
18337,-1
18338,-1
18339,-1
18340,3
18341,-1
18342,-1
18343,3
18345,-1
18346,3
18354,-1
18355,-1
18357,3
18358,-1
18361,-1
18367,-1
18368,-1
18371,-1
18372,3
18376,-1
18381,3
18383,-1
18386,-1
18387,-1
18388,3
18389,-1
18390,-1
18391,3
18392,3
18393,-1
18396,-1
18399,-1
18400,-1
18401,-1
18402,-1
18404,-1
18405,-1
18407,3
18408,3
18409,-1
18410,-1
18411,3
18413,3
18414,-1
18417,3
18418,-1
18419,-1
18420,-1
18422,-1
18424,-1
18426,-1
18428,-1
18431,-1
18432,-1
18434,-1
18435,-1
18436,-1
18438,-1
18439,-1
18440,3
18441,3
18442,3
18444,-1
18445,3
18448,-1
18449,-1
18450,3
18452,-1
18456,-1
18459,-1
18460,-1
18462,-1
18463,-1
18464,3
18465,-1
18467,3
18468,-1
18469,3
18471,-1
18472,-1
18473,3
18475,3
18476,-1
18477,-1
18478,-1
18480,-1
18481,3
18482,3
18486,3
18487,3
18488,-1
18489,-1
18490,-1
18491,-1
18493,3
18494,-1
18495,-1
18498,3
18500,-1
18501,3
18503,3
18504,3
18505,-1
18506,-1
18507,-1
18508,3
18510,-1
18511,-1
18514,3
18516,-1
18517,-1
18519,-1
18520,-1
18521,3
18522,-1
18523,-1
18525,-1
18529,-1
18530,-1
18531,-1
18532,-1
18533,-1
18536,-1
18537,-1
18538,3
18541,-1
18543,-1
18546,3
18547,-1
18549,3
18550,3
18551,3
18552,-1
18553,3
18555,-1
18556,3
18557,-1
18561,-1
18563,-1
18564,-1
18567,-1
18568,-1
18570,-1
18573,3
18574,-1
18575,-1
18576,3
18578,-1
18580,-1
18583,-1
18584,-1
18587,-1
18588,3
18591,-1
18592,-1
18593,-1
18594,-1
18595,3
18596,-1
18597,-1
18599,-1
18600,-1
18601,-1
18602,-1
18603,-1
18606,-1
18607,-1
18608,-1
18609,3
18610,-1
18611,-1
18612,3
18613,-1
18614,-1
18615,-1
18617,-1
18618,-1
18619,-1
18620,-1
18621,3
18625,3
18626,3
18627,3
18631,-1
18634,-1
18636,-1
18637,3
18638,-1
18639,-1
18641,3
18642,-1
18643,-1
18644,-1
18645,3
18648,-1
18649,3
18650,-1
18651,3
18652,-1
18653,-1
18655,-1
18656,-1
18657,-1
18658,-1
18659,3
18661,-1
18663,-1
18664,-1
18665,-1
18668,3
18669,3
18672,2
18674,-1
18675,-1
18676,-1
18678,3
18679,3
18680,0
18681,3
18682,-1
18684,-1
18685,-1
18687,-1
18688,3
18691,3
18692,-1
18694,-1
18695,3
18696,-1
18697,-1
18698,-1
18699,3
18700,3
18701,3
18702,-1
18703,3
18705,3
18706,-1
18707,-1
18709,-1
18710,-1
18711,-1
18712,-1
18713,3
18715,3
18716,-1
18717,-1
18718,3
18720,-1
18721,-1
18724,-1
18726,3
18727,3
18728,-1
18729,-1
18730,3
18731,-1
18732,-1
18733,3
18736,-1
18737,3
18738,-1
18739,-1
18741,-1
18742,-1
18743,-1
18746,3
18747,-1
18750,3
18751,3
18752,-1
18755,3
18756,-1
18757,-1
18758,3
18760,-1
18761,-1
18764,-1
18766,-1
18767,3
18768,-1
18769,-1
18770,-1
18771,-1
18773,-1
18774,-1
18775,-1
18777,-1
18778,-1
18781,-1
18782,3
18783,-1
18784,3
18785,-1
18788,3
18789,3
18791,-1
18795,-1
18796,3
18798,-1
18800,-1
18804,-1
18805,-1
18806,-1
18807,-1
18809,-1
18810,-1
18814,3
18816,-1
18817,3
18818,-1
18819,3
18820,-1
18821,-1
18822,-1
18826,-1
18827,3
18828,3
18831,-1
18832,-1
18835,-1
18836,-1
18838,3
18841,-1
18842,3
18843,3
18844,-1
18845,-1
18846,-1
18852,3
18854,-1
18855,-1
18856,-1
18857,-1
18861,-1
18863,-1
18864,-1
18865,-1
18869,-1
18872,3
18876,3
18879,-1
18880,-1
18881,-1
18882,-1
18886,-1
18887,-1
18888,-1
18890,-1
18891,3
18892,-1
18894,-1
18895,-1
18897,-1
18900,-1
18902,-1
18903,3
18905,-1
18906,3
18908,-1
18909,-1
18911,-1
18912,-1
18913,-1
18914,3
18915,-1
18916,3
18917,-1
18919,3
18923,-1
18926,-1
18927,3
18930,-1
18931,-1
18932,3
18935,-1
18936,3
18937,-1
18939,-1
18940,-1
18941,-1
18942,3
18943,-1
18944,-1
18945,-1
18946,-1
18947,-1
18948,3
18950,3
18951,-1
18952,3
18954,-1
18956,-1
18957,-1
18960,3
18964,-1
18965,-1
18967,-1
18968,3
18969,3
18970,-1
18971,-1
18972,-1
18973,-1
18974,-1
18975,-1
18977,-1
18978,-1
18979,-1
18980,-1
18982,-1
18983,-1
18984,3
18985,3
18989,3
18990,-1
18992,3
18996,-1
18997,3
18999,-1
19000,-1
19001,-1
19002,3
19003,-1
19004,-1
19005,-1
19006,3
19007,3
19008,3
19009,2
19011,3
19012,-1
19013,-1
19014,-1
19015,3
19016,3
19017,-1
19018,3
19019,-1
19020,-1
19021,-1
19023,-1
19024,-1
19025,-1
19026,-1
19029,-1
19031,3
19032,3
19033,-1
19035,3
19036,3
19038,-1
19041,-1
19044,-1
19046,-1
19047,3
19050,1
19052,-1
19055,-1
19058,-1
19060,-1
19062,3
19063,3
19064,-1
19065,3
19066,3
19067,1
19068,-1
19069,-1
19070,-1
19071,1
19072,-1
19073,3
19075,-1
19076,3
19077,-1
19079,3
19081,-1
19082,3
19083,3
19084,-1
19087,3
19091,-1
19092,-1
19093,-1
19095,-1
19096,-1
19098,-1
19099,3
19100,3
19103,-1
19108,-1
19110,-1
19115,3
19116,-1
19117,-1
19118,3
19119,-1
19121,-1
19123,-1
19124,-1
19127,-1
19129,3
19131,3
19132,-1
19133,3
19134,3
19136,-1
19137,-1
19139,-1
19141,-1
19142,3
19143,-1
19144,-1
19145,-1
19146,-1
19147,-1
19148,-1
19149,-1
19152,-1
19154,3
19155,0
19157,-1
19162,3
19163,2
19164,-1
19165,-1
19166,-1
19168,-1
19170,-1
19172,-1
19173,-1
19174,3
19176,-1
19177,-1
19178,-1
19179,3
19182,-1
19184,-1
19189,3
19190,-1
19191,-1
19192,-1
19193,-1
19195,3
19196,-1
19197,-1
19200,-1
19201,-1
19203,3
19204,-1
19205,3
19206,-1
19207,-1
19208,3
19209,-1
19210,-1
19212,-1
19213,-1
19214,-1
19215,3
19216,-1
19217,-1
19218,-1
19220,3
19221,-1
19222,-1
19223,-1
19224,-1
19225,-1
19226,3
19229,-1
19234,-1
19235,3
19237,-1
19242,-1
19243,-1
19245,3
19248,-1
19249,-1
19250,-1
19254,3
19255,-1
19257,-1
19258,-1
19259,-1
19261,-1
19262,-1
19263,-1
19264,-1
19266,-1
19267,3
19268,-1
19271,-1
19273,3
19274,-1
19275,-1
19276,-1
19278,-1
19283,-1
19284,-1
19285,3
19286,-1
19287,3
19289,-1
19290,3
19291,3
19294,-1
19295,3
19296,3
19297,-1
19298,-1
19299,-1
19301,-1
19303,3
19305,3
19307,-1
19308,-1
19309,-1
19310,3
19311,3
19315,-1
19317,-1
19318,-1
19320,3
19321,-1
19324,3
19326,3
19327,-1
19328,-1
19330,-1
19331,-1
19333,3
19334,3
19335,-1
19336,-1
19338,3
19342,-1
19343,-1
19346,-1
19348,-1
19349,2
19350,-1
19353,-1
19354,-1
19355,-1
19356,-1
19357,3
19359,-1
19360,3
19362,3
19365,-1
19366,-1
19368,-1
19369,-1
19371,-1
19372,-1
19373,-1
19374,3
19377,-1
19378,-1
19379,-1
19380,-1
19381,-1
19384,3
19385,-1
19386,-1
19387,-1
19388,-1
19391,-1
19392,-1
19395,-1
19396,-1
19397,3
19399,-1
19403,-1
19404,-1
19406,-1
19408,3
19410,-1
19411,-1
19413,3
19414,3
19415,3
19416,-1
19417,-1
19418,3
19419,-1
19420,-1
19421,3
19424,-1
19426,-1
19427,3
19428,-1
19429,-1
19430,-1
19431,3
19434,3
19435,-1
19436,-1
19439,-1
19440,-1
19442,-1
19443,-1
19446,-1
19447,-1
19448,-1
19450,3
19451,3
19452,-1
19457,-1
19458,-1
19459,-1
19460,-1
19462,-1
19463,3
19464,-1
19465,-1
19467,-1
19468,3
19471,-1
19474,-1
19475,-1
19476,3
19477,3
19478,-1
19479,-1
19481,-1
19483,-1
19485,-1
19487,-1
19489,-1
19491,-1
19493,3
19495,3
19496,-1
19497,3
19500,-1
19501,3
19502,-1
19503,-1
19506,-1
19507,-1
19508,-1
19512,-1
19513,-1
19514,-1
19515,3
19517,-1
19518,3
19519,-1
19521,3
19522,-1
19523,-1
19527,-1
19528,-1
19529,-1
19530,-1
19531,-1
19532,-1
19536,-1
19537,-1
19538,-1
19540,3
19541,-1
19543,3
19544,-1
19546,-1
19548,3
19549,3
19556,3
19557,3
19559,3
19560,3
19561,-1
19562,-1
19563,3
19564,-1
19565,-1
19566,-1
19569,-1
19570,-1
19571,3
19572,3
19573,-1
19576,-1
19578,3
19579,-1
19581,-1
19582,-1
19584,-1
19585,-1
19586,-1
19588,-1
19590,-1
19592,-1
19593,3
19594,1
19595,-1
19596,-1
19598,3
19599,3
19601,-1
19602,3
19603,-1
19606,-1
19610,-1
19611,-1
19612,3
19614,3
19615,3
19616,3
19618,-1
19619,-1
19620,-1
19621,1
19624,-1
19625,-1
19626,-1
19627,-1
19628,3
19630,-1
19631,3
19634,-1
19635,-1
19636,3
19638,-1
19639,3
19640,3
19641,3
19645,-1
19646,-1
19647,3
19648,-1
19649,3
19650,-1
19651,-1
19653,-1
19654,2
19657,-1
19659,-1
19660,3
19663,3
19664,-1
19666,-1
19667,-1
19669,-1
19670,-1
19671,-1
19673,2
19674,-1
19678,-1
19679,3
19681,3
19685,3
19686,3
19687,-1
19690,-1
19691,3
19694,3
19695,-1
19698,-1
19699,-1
19700,-1
19701,3
19702,-1
19705,-1
19706,3
19707,-1
19709,3
19711,3
19712,3
19714,-1
19715,-1
19716,3
19717,3
19718,-1
19719,3
19720,-1
19721,-1
19722,-1
19723,-1
19726,-1
19729,-1
19730,-1
19731,3
19732,3
19733,-1
19736,-1
19738,-1
19740,-1
19741,-1
19742,-1
19743,-1
19744,-1
19748,3
19749,-1
19750,-1
19751,-1
19752,3
19753,-1
19754,-1
19755,-1
19758,-1
19759,3
19760,-1
19761,-1
19763,-1
19764,-1
19765,-1
19766,-1
19767,-1
19769,-1
19772,-1
19773,-1
19774,-1
19779,3
19780,3
19781,3
19782,-1
19783,3
19786,-1
19787,-1
19788,3
19789,3
19790,-1
19793,3
19795,3
19796,3
19798,-1
19799,-1
19801,-1
19802,-1
19805,3
19806,-1
19809,-1
19813,3
19814,-1
19815,-1
19816,-1
19817,3
19818,-1
19820,3
19821,-1
19823,-1
19824,-1
19825,3
19826,3
19829,-1
19830,-1
19832,3
19833,3
19834,3
19835,3
19836,3
19840,3
19841,3
19843,-1
19844,3
19845,-1
19847,-1
19848,3
19849,-1
19850,3
19851,-1
19852,-1
19853,3
19855,3
19856,3
19857,3
19859,-1
19860,-1
19861,-1
19862,-1
19863,-1
19866,-1
19867,-1
19873,-1
19874,3
19875,3
19877,-1
19878,-1
19880,-1
19881,3
19882,-1
19883,3
19885,3
19886,3
19887,3
19889,3
19890,-1
19891,-1
19892,-1
19893,-1
19895,-1
19896,-1
19897,-1
19903,3
19905,-1
19907,3
19908,-1
19909,-1
19910,-1
19911,-1
19913,3
19915,-1
19916,3
19918,-1
19919,-1
19920,-1
19922,3
19923,-1
19926,3
19927,3
19929,-1
19930,-1
19931,3
19932,-1
19935,3
19936,-1
19937,3
19938,3
19941,-1
19942,-1
19943,-1
19944,-1
19945,3
19946,-1
19947,-1
19948,-1
19949,-1
19950,-1
19951,3
19953,-1
19954,-1
19959,-1
19960,-1
19961,3
19963,3
19965,-1
19967,-1
19968,-1
19969,3
19970,-1
19971,-1
19972,-1
19975,-1
19976,3
19979,-1
19981,-1
19982,-1
19983,-1
19985,-1
19986,-1
19987,3
19988,-1
19989,-1
19991,3
19993,-1
19994,-1
19996,-1
19997,3
19999,-1
20002,-1
20003,-1
20004,3
20005,-1
20006,-1
20007,-1
20009,-1
20012,-1
20013,-1
20016,-1
20018,3
20020,3
20024,-1
20027,-1
20028,-1
20031,-1
20034,3
20035,-1
20037,3
20038,-1
20039,-1
20041,-1
20042,-1
20043,-1
20044,1
20045,3
20046,-1
20047,-1
20048,3
20050,3
20053,3
20054,3
20055,-1
20056,3
20058,-1
20059,-1
20060,3
20062,3
20065,3
20066,-1
20067,-1
20068,-1
20069,-1
20070,-1
20073,-1
20075,3
20076,-1
20077,-1
20081,3
20083,-1
20085,-1
20086,3
20087,-1
20089,-1
20090,3
20095,3
20097,-1
20098,0
20099,-1
20100,-1
20101,3
20102,-1
20103,-1
20106,0
20107,3
20108,3
20109,3
20110,3
20112,-1
20113,-1
20114,-1
20115,3
20117,-1
20118,3
20120,3
20121,3
20122,-1
20125,3
20126,-1
20128,3
20129,-1
20130,-1
20131,-1
20132,-1
20135,-1
20137,-1
20138,-1
20139,-1
20140,-1
20141,-1
20142,-1
20144,3
20145,3
20147,3
20148,-1
20150,-1
20151,-1
20153,-1
20156,-1
20159,-1
20160,3
20161,-1
20162,3
20163,-1
20167,3
20168,-1
20170,3
20172,3
20175,-1
20177,0
20178,-1
20181,-1
20185,-1
20188,3
20189,-1
20190,-1
20192,-1
20194,-1
20196,2
20197,3
20198,-1
20199,-1
20201,-1
20202,3
20203,-1
20204,-1
20206,-1
20207,-1
20208,-1
20209,3
20210,3
20212,-1
20213,-1
20214,-1
20215,3
20216,3
20217,3
20218,-1
20220,3
20221,3
20225,3
20228,-1
20229,-1
20232,-1
20233,-1
20236,-1
20238,-1
20240,-1
20241,-1
20242,-1
20243,-1
20244,-1
20245,3
20246,-1
20247,-1
20248,-1
20252,-1
20256,-1
20258,-1
20259,-1
20262,-1
20263,3
20265,-1
20266,3
20267,-1
20268,-1
20271,3
20272,-1
20273,-1
20274,3
20276,-1
20277,-1
20278,-1
20280,-1
20283,-1
20284,-1
20286,-1
20287,-1
20288,-1
20289,3
20292,-1
20293,-1
20294,-1
20296,-1
20297,3
20299,-1
20301,-1
20302,3
20303,-1
20305,3
20307,-1
20308,3
20309,-1
20312,-1
20314,-1
20316,3
20317,-1
20319,-1
20320,-1
20321,-1
20322,-1
20323,-1
20325,-1
20327,3
20328,-1
20329,-1
20330,-1
20331,-1
20332,-1
20333,-1
20334,-1
20335,-1
20336,-1
20337,-1
20338,3
20339,0
20340,-1
20341,3
20343,-1
20344,3
20345,-1
20347,-1
20349,-1
20350,-1
20351,-1
20357,-1
20358,-1
20359,-1
20360,-1
20361,-1
20362,-1
20364,3
20365,-1
20368,-1
20369,3
20371,-1
20372,-1
20374,-1
20375,-1
20377,-1
20378,-1
20379,-1
20381,-1
20382,-1
20383,-1
20384,-1
20386,3
20387,-1
20389,-1
20391,-1
20392,-1
20394,3
20395,-1
20396,-1
20399,3
20400,-1
20404,-1
20407,-1
20408,-1
20409,-1
20411,3
20413,-1
20416,0
20417,-1
20420,-1
20421,-1
20422,3
20423,-1
20424,-1
20426,-1
20427,-1
20428,-1
20429,-1
20430,3
20431,-1
20432,-1
20433,-1
20434,-1
20436,-1
20440,3
20442,-1
20443,-1
20444,3
20445,-1
20446,0
20448,-1
20449,-1
20453,-1
20454,-1
20455,3
20456,-1
20462,-1
20463,3
20464,3
20465,3
20467,3
20468,-1
20469,3
20470,-1
20472,-1
20473,-1
20474,-1
20475,-1
20476,-1
20477,-1
20478,-1
20479,3
20480,3
20481,-1
20482,3
20486,-1
20487,3
20489,3
20490,-1
20491,-1
20492,-1
20493,-1
20494,-1
20496,-1
20497,-1
20501,-1
20505,3
20507,-1
20508,3
20509,-1
20510,-1
20514,-1
20516,-1
20517,3
20518,-1
20520,3
20521,3
20522,3
20524,-1
20526,-1
20527,3
20528,-1
20529,-1
20530,3
20531,-1
20532,3
20533,-1
20534,3
20535,3
20536,3
20537,-1
20538,-1
20539,3
20542,-1
20543,-1
20544,-1
20545,3
20546,3
20547,3
20551,-1
20553,-1
20554,3
20555,-1
20556,-1
20557,-1
20559,-1
20560,-1
20562,-1
20564,3
20566,-1
20570,-1
20571,-1
20572,3
20574,3
20575,3
20576,-1
20577,-1
20578,-1
20581,-1
20582,3
20584,3
20589,-1
20590,-1
20591,-1
20593,-1
20594,-1
20595,-1
20598,-1
20599,3
20601,-1
20602,-1
20603,-1
20604,-1
20606,-1
20607,-1
20608,-1
20609,-1
20613,-1
20614,-1
20615,-1
20616,-1
20617,-1
20618,-1
20623,-1
20624,-1
20627,-1
20628,-1
20629,-1
20631,-1
20632,-1
20633,-1
20634,-1
20635,3
20636,-1
20637,-1
20638,2
20639,3
20640,3
20641,-1
20642,-1
20645,3
20646,-1
20647,3
20649,3
20650,-1
20651,-1
20656,-1
20658,-1
20660,-1
20661,-1
20663,-1
20664,-1
20665,-1
20666,-1
20669,-1
20670,-1
20671,-1
20673,3
20676,-1
20677,-1
20681,-1
20682,-1
20683,-1
20684,3
20686,3
20688,-1
20689,3
20690,-1
20692,3
20694,-1
20695,-1
20696,-1
20698,-1
20699,-1
20702,3
20703,-1
20705,-1
20706,-1
20707,3
20708,-1
20711,-1
20712,3
20713,-1
20714,-1
20717,-1
20720,-1
20722,-1
20723,-1
20725,-1
20726,3
20727,3
20729,-1
20731,-1
20732,-1
20733,-1
20735,-1
20737,-1
20738,-1
20742,3
20743,3
20752,3
20753,3
20754,-1
20757,3
20760,3
20762,-1
20764,3
20765,-1
20766,3
20768,-1
20771,-1
20772,-1
20774,-1
20775,-1
20779,-1
20781,-1
20782,-1
20784,-1
20785,-1
20787,-1
20788,-1
20790,-1
20791,-1
20793,-1
20795,-1
20796,3
20797,-1
20798,-1
20799,-1
20800,3
20801,2
20802,-1
20804,-1
20806,-1
20808,3
20810,-1
20811,-1
20812,-1
20814,3
20816,-1
20819,-1
20820,-1
20821,-1
20822,-1
20824,-1
20825,3
20826,-1
20827,2
20830,3
20831,-1
20834,-1
20835,-1
20836,-1
20837,-1
20838,3
20839,-1
20840,-1
20841,-1
20842,-1
20847,-1
20848,3
20849,-1
20850,-1
20853,3
20854,-1
20855,-1
20856,-1
20858,-1
20859,-1
20861,-1
20862,-1
20867,-1
20868,3
20870,-1
20871,-1
20872,3
20873,-1
20874,-1
20875,-1
20877,3
20878,-1
20879,3
20880,-1
20882,-1
20885,3
20886,-1
20887,3
20888,-1
20889,3
20890,-1
20895,-1
20896,-1
20897,-1
20898,-1
20899,3
20901,3
20902,-1
20904,-1
20905,-1
20906,-1
20907,-1
20908,-1
20911,3
20912,-1
20913,-1
20915,-1
20916,-1
20917,-1
20918,-1
20919,-1
20920,-1
20921,-1
20923,3
20924,-1
20926,3
20928,3
20929,-1
20930,-1
20931,-1
20933,3
20935,-1
20936,-1
20938,-1
20939,-1
20940,-1
20941,1
20942,-1
20943,3
20945,3
20947,-1
20948,-1
20950,-1
20952,3
20953,-1
20954,-1
20955,3
20956,-1
20958,-1
20959,-1
20960,-1
20963,-1
20965,3
20966,-1
20968,3
20970,3
20971,-1
20972,3
20973,-1
20974,-1
20975,-1
20976,-1
20977,3
20978,-1
20979,-1
20980,3
20981,3
20982,3
20984,-1
20989,-1
20990,-1
20991,3
20992,-1
20993,3
20994,3
20996,3
20998,-1
20999,-1
21000,-1
21001,-1
21002,-1
21004,-1
21005,-1
21006,-1
21007,3
21009,-1
21010,-1
21011,3
21012,3
21013,-1
21014,-1
21015,3
21016,-1
21020,-1
21021,-1
21022,-1
21024,-1
21025,-1
21026,-1
21028,3
21029,-1
21031,-1
21033,-1
21035,-1
21037,3
21038,3
21044,-1
21045,-1
21047,-1
21049,3
21050,3
21051,3
21052,-1
21054,3
21057,-1
21059,3
21060,-1
21061,3
21062,-1
21063,-1
21064,-1
21066,-1
21068,-1
21070,-1
21071,-1
21072,-1
21074,-1
21076,-1
21077,3
21079,-1
21080,3
21081,-1
21084,-1
21086,3
21087,-1
21088,-1
21089,-1
21090,3
21091,3
21092,-1
21093,-1
21095,-1
21097,3
21098,-1
21100,3
21101,-1
21102,-1
21103,-1
21104,-1
21105,-1
21107,-1
21108,3
21110,-1
21111,-1
21112,-1
21116,-1
21119,-1
21122,-1
21124,-1
21128,3
21130,-1
21132,-1
21134,-1
21135,-1
21139,-1
21142,3
21143,3
21145,3
21147,-1
21148,-1
21150,-1
21153,-1
21155,-1
21157,-1
21158,-1
21160,-1
21163,-1
21165,-1
21166,-1
21168,-1
21169,-1
21171,1
21172,-1
21173,3
21174,-1
21175,-1
21176,3
21177,3
21178,3
21180,-1
21181,-1
21183,3
21184,-1
21185,3
21186,-1
21187,-1
21188,-1
21189,-1
21190,-1
21192,-1
21196,-1
21200,-1
21202,-1
21205,-1
21206,-1
21207,3
21209,-1
21210,3
21212,-1
21213,3
21214,3
21215,-1
21216,3
21218,3
21221,3
21223,-1
21224,-1
21225,-1
21226,-1
21228,3
21229,3
21230,-1
21232,-1
21233,3
21236,3
21237,-1
21239,3
21240,-1
21243,3
21244,2
21246,-1
21247,-1
21249,-1
21250,-1
21251,1
21252,-1
21254,-1
21255,-1
21256,3
21257,3
21258,3
21259,-1
21262,3
21263,-1
21264,3
21265,-1
21266,-1
21267,3
21268,3
21269,-1
21270,-1
21274,3
21275,-1
21276,-1
21277,3
21278,-1
21279,3
21280,-1
21287,-1
21289,2
21291,-1
21292,-1
21296,3
21297,-1
21299,-1
21300,3
21304,-1
21307,3
21308,-1
21309,-1
21311,-1
21312,-1
21313,3
21314,-1
21315,-1
21316,3
21317,-1
21318,-1
21319,-1
21320,-1
21321,-1
21322,0
21325,-1
21326,-1
21327,-1
21329,-1
21330,-1
21332,-1
21333,3
21334,-1
21335,-1
21336,3
21337,-1
21339,3
21340,-1
21341,-1
21343,-1
21344,-1
21345,3
21346,3
21348,-1
21349,-1
21350,3
21352,3
21353,-1
21354,3
21356,-1
21359,3
21360,-1
21361,3
21364,-1
21365,3
21368,3
21372,-1
21375,-1
21376,-1
21377,-1
21380,-1
21381,-1
21384,-1
21385,0
21386,-1
21387,-1
21388,3
21389,3
21392,3
21394,3
21395,-1
21397,-1
21398,-1
21399,-1
21400,-1
21402,-1
21404,-1
21405,-1
21407,-1
21409,-1
21412,0
21413,-1
21415,-1
21416,-1
21418,-1
21419,-1
21423,3
21424,-1
21425,-1
21426,-1
21428,-1
21431,3
21432,3
21434,3
21435,-1
21436,-1
21438,-1
21439,-1
21440,-1
21441,-1
21443,3
21445,-1
21446,-1
21448,3
21449,-1
21450,-1
21451,-1
21453,-1
21454,-1
21455,-1
21456,-1
21458,3
21459,-1
21460,3
21462,-1
21465,-1
21466,-1
21467,-1
21470,-1
21472,-1
21473,3
21474,1
21477,-1
21479,-1
21481,-1
21486,-1
21487,-1
21490,-1
21492,-1
21496,-1
21497,-1
21499,-1
21504,-1
21507,3
21508,-1
21509,3
21510,3
21511,3
21514,-1
21515,-1
21517,-1
21519,-1
21521,-1
21522,3
21523,-1
21524,-1
21525,3
21526,-1
21527,3
21528,3
21529,-1
21530,3
21531,-1
21533,-1
21535,-1
21536,2
21537,-1
21538,-1
21539,3
21540,3
21541,3
21542,-1
21544,3
21545,-1
21546,3
21550,-1
21554,3
21555,-1
21556,-1
21558,-1
21560,-1
21561,-1
21562,-1
21563,-1
21564,-1
21566,3
21567,-1
21569,-1
21570,3
21571,3
21572,-1
21574,-1
21575,-1
21576,-1
21577,-1
21578,-1
21579,-1
21581,3
21582,-1
21584,-1
21585,-1
21586,-1
21588,-1
21591,-1
21592,-1
21593,-1
21594,3
21595,-1
21596,-1
21597,-1
21598,-1
21599,3
21600,-1
21603,3
21604,-1
21605,-1
21606,3
21607,3
21609,-1
21610,-1
21612,-1
21615,3
21616,-1
21620,-1
21622,-1
21623,3
21626,-1
21627,3
21628,-1
21631,-1
21632,3
21633,-1
21635,-1
21636,-1
21637,3
21638,-1
21640,-1
21641,-1
21642,-1
21643,-1
21644,-1
21645,-1
21646,-1
21647,-1
21648,3
21650,-1
21652,-1
21653,-1
21659,-1
21660,3
21664,3
21665,-1
21666,-1
21667,-1
21668,-1
21669,-1
21670,3
21674,-1
21677,3
21680,-1
21682,-1
21683,-1
21684,-1
21685,-1
21686,-1
21687,-1
21689,3
21690,-1
21691,-1
21692,-1
21693,-1
21694,-1
21697,-1
21700,-1
21701,-1
21702,-1
21704,-1
21706,-1
21707,3
21709,-1
21712,-1
21713,-1
21715,3
21716,-1
21718,-1
21719,3
21720,3
21722,-1
21724,-1
21727,3
21728,-1
21729,3
21730,3
21731,-1
21732,-1
21735,-1
21738,-1
21739,3
21740,-1
21741,-1
21743,-1
21746,-1
21750,-1
21751,-1
21752,1
21760,-1
21761,3
21762,-1
21763,-1
21764,-1
21770,-1
21771,3
21772,-1
21773,-1
21774,-1
21777,-1
21778,-1
21780,-1
21781,-1
21782,-1
21784,3
21785,-1
21788,-1
21789,-1
21790,1
21791,-1
21792,3
21794,3
21795,-1
21796,3
21799,-1
21800,-1
21801,-1
21802,-1
21803,-1
21806,-1
21808,-1
21809,3
21812,-1
21813,-1
21815,-1
21817,-1
21818,-1
21819,-1
21821,3
21822,-1
21824,-1
21826,3
21828,3
21829,-1
21832,3
21834,-1
21835,3
21836,-1
21837,-1
21838,-1
21839,-1
21848,0
21849,-1
21852,3
21853,-1
21854,-1
21855,-1
21856,-1
21857,-1
21859,3
21861,-1
21862,3
21863,-1
21864,-1
21865,-1
21866,-1
21868,-1
21869,-1
21870,3
21871,-1
21872,-1
21874,-1
21875,-1
21876,-1
21877,-1
21878,-1
21880,-1
21881,-1
21882,-1
21884,-1
21885,3
21886,-1
21888,-1
21890,-1
21892,-1
21894,-1
21895,-1
21896,3
21898,-1
21899,-1
21901,-1
21903,-1
21904,3
21905,3
21907,3
21908,-1
21909,-1
21910,-1
21911,3
21912,2
21913,2
21914,-1
21916,-1
21917,3
21921,-1
21924,-1
21925,-1
21927,-1
21928,-1
21929,-1
21931,-1
21934,3
21936,3
21938,-1
21939,-1
21940,-1
21942,3
21944,3
21945,-1
21946,-1
21949,3
21950,-1
21951,-1
21952,-1
21953,3
21955,-1
21956,-1
21958,-1
21959,-1
21962,3
21966,3
21967,-1
21968,3
21971,-1
21972,3
21973,3
21974,-1
21977,-1
21978,-1
21979,-1
21980,3
21981,-1
21982,3
21985,3
21991,-1
21992,3
21995,-1
21996,-1
21997,-1
21998,3
22000,3
22002,-1
22004,-1
22005,3
22006,-1
22007,-1
22008,-1
22009,-1
22010,3
22011,-1
22013,-1
22014,3
22015,-1
22016,3
22017,0
22018,3
22020,3
22021,-1
22022,-1
22023,-1
22025,-1
22027,3
22029,-1
22030,3
22032,-1
22034,2
22035,3
22036,-1
22038,-1
22040,-1
22041,-1
22042,3
22043,-1
22044,-1
22045,3
22047,-1
22048,-1
22049,-1
22052,-1
22053,3
22054,3
22055,-1
22057,-1
22058,-1
22059,3
22060,0
22061,-1
22064,3
22065,3
22067,-1
22068,-1
22069,-1
22071,-1
22072,-1
22073,-1
22075,0
22076,-1
22078,-1
22080,3
22083,-1
22084,3
22087,-1
22088,-1
22089,3
22092,-1
22093,-1
22094,3
22095,3
22098,-1
22099,3
22100,3
22102,-1
22104,-1
22105,3
22106,3
22107,-1
22108,-1
22109,3
22111,3
22112,-1
22113,-1
22115,-1
22116,3
22117,3
22118,3
22119,3
22120,-1
22121,3
22122,3
22124,3
22125,3
22126,-1
22127,3
22128,-1
22131,-1
22132,3
22133,-1
22135,-1
22136,3
22137,-1
22138,-1
22139,3
22140,-1
22141,-1
22142,0
22145,-1
22147,-1
22149,-1
22151,-1
22152,-1
22156,-1
22157,-1
22158,-1
22159,3
22160,-1
22162,-1
22166,-1
22167,3
22168,-1
22169,3
22170,3
22171,3
22172,-1
22177,3
22179,-1
22180,3
22181,3
22182,-1
22186,3
22187,-1
22189,3
22190,-1
22191,-1
22192,-1
22193,-1
22194,-1
22196,3
22201,-1
22202,3
22203,-1
22206,3
22207,3
22208,-1
22209,-1
22210,-1
22212,-1
22213,-1
22217,3
22218,-1
22220,-1
22221,3
22223,3
22226,3
22228,-1
22229,-1
22233,0
22236,-1
22238,-1
22239,3
22240,3
22241,-1
22242,-1
22243,-1
22245,3
22247,3
22248,-1
22252,-1
22254,-1
22255,-1
22256,3
22257,-1
22258,3
22259,-1
22260,-1
22261,-1
22262,3
22263,-1
22264,-1
22266,-1
22270,3
22271,-1
22272,3
22273,-1
22277,-1
22278,-1
22279,3
22280,-1
22281,3
22283,-1
22285,-1
22287,-1
22288,-1
22289,-1
22290,-1
22291,-1
22293,-1
22295,3
22297,-1
22299,-1
22301,3
22302,-1
22303,-1
22304,-1
22305,-1
22307,-1
22311,-1
22312,3
22313,-1
22315,-1
22316,-1
22317,-1
22318,-1
22320,-1
22321,-1
22322,-1
22323,-1
22324,3
22325,3
22326,-1
22327,-1
22328,3
22331,-1
22332,3
22334,-1
22335,-1
22336,3
22337,-1
22339,-1
22341,-1
22342,3
22345,-1
22346,-1
22347,-1
22349,-1
22350,-1
22351,-1
22352,-1
22353,-1
22355,-1
22356,-1
22357,3
22358,-1
22360,-1
22365,-1
22369,-1
22371,3
22372,-1
22373,3
22374,-1
22375,3
22376,3
22377,-1
22378,-1
22380,3
22381,-1
22382,-1
22384,-1
22386,-1
22387,-1
22388,3
22389,3
22390,3
22391,-1
22392,-1
22393,-1
22394,-1
22399,-1
22401,3
22404,-1
22408,-1
22409,-1
22411,3
22412,-1
22414,-1
22415,3
22416,-1
22418,-1
22420,-1
22422,3
22424,-1
22426,3
22427,3
22428,-1
22429,3
22431,3
22432,-1
22433,3
22435,-1
22437,3
22438,-1
22439,3
22440,3
22441,-1
22442,-1
22443,3
22445,3
22447,-1
22448,-1
22449,-1
22450,-1
22451,3
22453,3
22454,-1
22455,-1
22457,-1
22459,3
22460,-1
22461,-1
22462,3
22463,-1
22465,-1
22466,3
22467,3
22469,-1
22471,-1
22472,3
22476,3
22477,3
22478,-1
22482,3
22483,-1
22484,-1
22485,3
22486,-1
22488,-1
22489,-1
22490,3
22492,-1
22493,-1
22495,-1
22496,-1
22497,3
22498,3
22499,-1
22500,-1
22501,3
22503,-1
22504,-1
22505,-1
22506,3
22509,-1
22510,-1
22511,-1
22512,-1
22515,-1
22516,-1
22518,-1
22519,3
22521,3
22522,3
22524,-1
22527,-1
22529,3
22530,3
22531,-1
22532,-1
22533,-1
22534,-1
22538,-1
22539,-1
22541,-1
22543,-1
22544,-1
22545,-1
22546,3
22549,3
22551,3
22552,-1
22553,-1
22554,1
22555,-1
22557,3
22559,-1
22561,-1
22562,-1
22563,-1
22565,3
22566,3
22569,3
22571,3
22573,3
22574,3
22575,-1
22577,-1
22578,-1
22579,-1
22582,-1
22583,3
22584,3
22586,3
22587,-1
22590,3
22591,3
22592,-1
22593,-1
22594,3
22595,3
22596,3
22598,3
22599,-1
22601,3
22602,-1
22607,-1
22608,3
22609,-1
22610,-1
22611,-1
22614,-1
22615,-1
22616,-1
22618,3
22621,-1
22624,-1
22626,-1
22627,-1
22628,-1
22630,2
22632,-1
22634,3
22636,3
22637,-1
22639,-1
22641,-1
22643,-1
22644,-1
22645,-1
22648,-1
22650,-1
22656,3
22657,-1
22658,3
22662,3
22665,-1
22668,-1
22671,-1
22673,-1
22674,-1
22675,-1
22678,-1
22679,-1
22680,3
22681,3
22683,-1
22684,3
22686,-1
22688,-1
22690,-1
22691,-1
22692,-1
22693,3
22695,-1
22698,-1
22699,-1
22700,0
22701,3
22705,-1
22706,-1
22707,-1
22709,3
22711,-1
22712,3
22713,-1
22714,-1
22715,3
22716,-1
22717,3
22718,-1
22719,-1
22721,3
22722,-1
22723,-1
22724,3
22725,-1
22726,3
22727,3
22728,-1
22729,-1
22731,3
22734,-1
22735,-1
22736,-1
22737,-1
22741,3
22742,-1
22743,-1
22745,-1
22746,-1
22750,-1
22752,-1
22754,-1
22757,3
22758,-1
22759,-1
22761,-1
22762,3
22767,-1
22768,-1
22769,3
22770,3
22771,-1
22772,-1
22773,-1
22776,3
22777,-1
22778,-1
22781,3
22782,3
22783,-1
22784,-1
22786,-1
22788,-1
22789,-1
22790,3
22793,3
22795,-1
22797,3
22798,-1
22799,-1
22800,-1
22801,-1
22802,-1
22803,3
22805,-1
22806,-1
22807,-1
22808,-1
22809,-1
22811,-1
22812,3
22814,-1
22816,-1
22817,-1
22820,3
22822,-1
22827,3
22828,-1
22831,-1
22832,-1
22834,3
22835,-1
22836,-1
22838,-1
22842,-1
22843,3
22847,-1
22849,-1
22850,-1
22851,-1
22852,-1
22855,-1
22858,3
22859,-1
22861,3
22862,-1
22863,-1
22864,3
22866,-1
22867,3
22868,-1
22870,-1
22871,3
22872,-1
22873,3
22875,-1
22878,-1
22879,3
22880,-1
22881,3
22882,-1
22883,3
22884,-1
22885,-1
22886,-1
22887,3
22889,-1
22890,-1
22892,-1
22893,3
22894,-1
22896,-1
22897,3
22898,-1
22899,0
22900,-1
22901,-1
22902,3
22906,3
22912,-1
22913,3
22917,3
22918,3
22921,3
22922,3
22924,-1
22926,3
22927,-1
22930,1
22932,3
22933,-1
22934,-1
22936,-1
22937,2
22938,-1
22941,3
22942,-1
22944,-1
22945,-1
22946,3
22948,-1
22949,-1
22950,-1
22951,-1
22952,3
22953,3
22954,-1
22955,-1
22959,-1
22961,-1
22962,3
22964,-1
22966,-1
22967,-1
22968,3
22969,-1
22970,3
22971,-1
22972,-1
22973,-1
22975,-1
22976,3
22978,3
22979,-1
22980,-1
22981,-1
22982,-1
22984,-1
22985,-1
22986,-1
22987,-1
22988,3
22989,-1
22991,-1
22992,3
22993,-1
22994,-1
22995,3
22997,3
22998,-1
22999,3
23000,-1
23001,-1
23003,3
23004,-1
23006,3
23008,-1
23010,-1
23011,-1
23013,-1
23014,-1
23016,-1
23017,-1
23018,-1
23019,-1
23020,3
23021,-1
23022,-1
23025,-1
23026,-1
23027,-1
23028,-1
23029,3
23030,-1
23033,-1
23035,-1
23036,3
23037,3
23038,3
23043,-1
23044,-1
23045,-1
23049,-1
23051,3
23054,3
23055,3
23056,-1
23058,3
23059,3
23060,3
23061,-1
23062,3
23063,3
23064,3
23065,-1
23066,3
23067,3
23070,1
23072,3
23075,3
23079,3
23081,-1
23082,-1
23084,-1
23085,3
23086,-1
23088,-1
23089,3
23090,-1
23091,-1
23093,3
23094,-1
23097,-1
23098,-1
23099,-1
23102,3
23103,-1
23104,-1
23105,3
23109,-1
23110,-1
23112,-1
23116,3
23117,-1
23119,-1
23120,-1
23121,3
23122,3
23123,-1
23124,-1
23125,-1
23126,-1
23132,3
23134,-1
23139,3
23142,-1
23144,-1
23145,-1
23147,-1
23149,-1
23150,-1
23153,3
23155,-1
23156,3
23157,3
23160,-1
23167,3
23168,-1
23169,-1
23170,3
23173,3
23174,3
23176,-1
23177,-1
23178,-1
23182,-1
23183,3
23188,-1
23190,-1
23191,-1
23193,-1
23194,-1
23195,-1
23199,-1
23200,-1
23201,-1
23202,-1
23203,-1
23204,-1
23207,-1
23208,-1
23211,-1
23212,3
23213,-1
23214,-1
23218,-1
23219,-1
23220,-1
23221,3
23223,-1
23227,-1
23234,3
23235,-1
23237,-1
23238,-1
23241,3
23242,3
23244,3
23245,-1
23246,3
23247,-1
23248,-1
23249,-1
23250,3
23251,-1
23252,3
23253,3
23255,-1
23256,-1
23257,-1
23258,-1
23260,-1
23261,-1
23262,2
23263,-1
23264,-1
23265,3
23269,-1
23270,3
23271,-1
23272,-1
23274,3
23275,-1
23279,-1
23280,-1
23281,3
23282,-1
23283,-1
23284,-1
23285,3
23287,3
23288,3
23290,3
23294,-1
23298,-1
23299,-1
23302,-1
23303,-1
23304,-1
23305,3
23306,-1
23307,-1
23309,-1
23310,-1
23311,3
23312,-1
23313,-1
23314,-1
23315,-1
23316,3
23318,-1
23320,3
23321,-1
23322,3
23324,2
23328,-1
23329,-1
23330,3
23332,3
23333,2
23334,-1
23335,-1
23337,3
23338,-1
23340,3
23341,3
23345,-1
23347,-1
23348,-1
23349,3
23350,-1
23351,-1
23353,-1
23354,-1
23355,3
23358,-1
23360,3
23361,-1
23369,-1
23370,0
23374,-1
23375,-1
23376,-1
23377,3
23378,-1
23381,3
23382,-1
23383,-1
23385,-1
23386,-1
23387,3
23389,-1
23390,-1
23391,-1
23392,-1
23395,3
23397,-1
23398,-1
23399,-1
23401,-1
23403,-1
23406,3
23407,-1
23409,3
23410,-1
23411,3
23412,0
23413,-1
23419,-1
23421,-1
23422,-1
23423,3
23424,-1
23425,-1
23426,3
23427,-1
23429,-1
23433,-1
23434,-1
23435,-1
23437,-1
23438,3
23439,-1
23440,-1
23442,-1
23444,-1
23445,-1
23446,-1
23448,-1
23449,-1
23450,-1
23451,3
23452,-1
23453,-1
23454,-1
23455,-1
23456,3
23458,3
23459,-1
23460,-1
23461,3
23463,3
23464,-1
23466,3
23467,-1
23472,-1
23473,3
23475,3
23476,-1
23477,3
23478,3
23480,-1
23481,-1
23482,-1
23483,3
23484,3
23487,3
23489,3
23491,-1
23493,-1
23494,3
23495,3
23498,3
23500,-1
23502,-1
23503,-1
23505,2
23506,3
23508,-1
23509,-1
23510,-1
23512,3
23513,-1
23516,3
23517,-1
23518,-1
23520,3
23522,-1
23523,-1
23524,3
23526,-1
23527,3
23528,-1
23529,-1
23534,-1
23536,-1
23537,3
23538,-1
23539,-1
23540,-1
23541,3
23542,0
23543,3
23544,3
23545,-1
23546,-1
23547,-1
23549,-1
23550,-1
23551,-1
23552,-1
23553,-1
23555,3
23556,-1
23557,-1
23559,3
23560,-1
23561,-1
23563,3
23565,-1
23566,3
23567,-1
23569,-1
23571,-1
23572,-1
23573,-1
23574,-1
23576,-1
23579,-1
23581,3
23584,-1
23585,-1
23586,-1
23588,-1
23589,-1
23590,-1
23591,-1
23592,2
23593,3
23597,-1
23598,-1
23600,-1
23601,2
23602,-1
23603,-1
23604,-1
23605,-1
23608,-1
23612,-1
23614,-1
23617,-1
23618,3
23619,-1
23620,-1
23627,-1
23628,-1
23630,-1
23631,3
23632,-1
23633,-1
23634,-1
23635,-1
23637,-1
23639,-1
23640,-1
23641,3
23642,-1
23643,-1
23646,-1
23647,-1
23649,3
23651,-1
23653,-1
23654,-1
23655,-1
23658,-1
23660,-1
23661,3
23662,-1
23665,-1
23666,-1
23667,-1
23668,-1
23669,-1
23670,-1
23672,-1
23676,3
23677,-1
23678,3
23680,-1
23683,3
23684,3
23685,3
23687,-1
23688,3
23689,3
23690,-1
23691,-1
23693,-1
23696,3
23697,-1
23698,3
23699,3
23700,-1
23703,3
23705,-1
23707,3
23713,3
23714,-1
23717,-1
23719,-1
23722,-1
23723,-1
23724,-1
23726,3
23727,3
23729,3
23730,-1
23731,-1
23732,0
23733,-1
23734,-1
23735,-1
23737,-1
23738,-1
23739,3
23742,3
23743,3
23744,-1
23745,-1
23746,-1
23747,-1
23748,-1
23749,-1
23757,3
23758,-1
23759,3
23760,-1
23761,-1
23762,-1
23763,-1
23767,3
23768,3
23770,-1
23773,-1
23776,3
23777,3
23778,-1
23780,-1
23782,-1
23783,-1
23784,3
23785,-1
23786,-1
23788,3
23789,-1
23790,-1
23792,3
23793,-1
23794,-1
23795,-1
23796,3
23797,-1
23798,-1
23800,3
23802,-1
23803,-1
23804,-1
23805,3
23806,-1
23809,3
23810,-1
23811,-1
23813,-1
23814,-1
23816,-1
23817,-1
23818,3
23820,-1
23821,-1
23822,-1
23823,3
23824,3
23826,-1
23827,3
23828,-1
23829,-1
23830,-1
23831,-1
23835,3
23837,3
23838,3
23839,-1
23841,3
23843,3
23844,-1
23845,3
23846,-1
23847,-1
23848,3
23849,-1
23850,-1
23851,-1
23852,-1
23853,3
23854,-1
23855,-1
23856,-1
23857,3
23859,-1
23860,-1
23861,3
23862,-1
23864,3
23865,3
23866,-1
23867,-1
23868,-1
23869,-1
23870,-1
23871,-1
23872,3
23873,1
23875,3
23876,3
23879,3
23880,-1
23881,-1
23884,-1
23886,-1
23887,-1
23889,3
23890,-1
23891,3
23892,-1
23893,-1
23894,-1
23897,3
23900,3
23904,-1
23908,-1
23909,-1
23911,-1
23912,-1
23915,3
23917,3
23919,-1
23920,-1
23921,-1
23922,-1
23923,-1
23924,3
23926,3
23927,-1
23928,3
23929,-1
23931,-1
23933,3
23934,3
23939,-1
23940,-1
23942,-1
23943,-1
23946,-1
23947,-1
23948,3
23950,-1
23951,-1
23955,3
23957,-1
23958,3
23959,-1
23960,-1
23968,-1
23969,3
23971,3
23972,-1
23973,3
23974,-1
23976,3
23977,3
23979,-1
23981,-1
23982,-1
23984,-1
23986,-1
23987,-1
23988,-1
23991,3
23993,-1
23996,-1
23997,-1
23998,3
23999,3
24000,3
24001,-1
24004,-1
24005,3
24006,-1
24010,-1
24011,-1
24012,-1
24013,3
24015,-1
24016,-1
24017,3
24018,-1
24019,-1
24020,-1
24022,-1
24023,-1
24026,3
24027,-1
24028,-1
24030,-1
24031,0
24035,-1
24036,-1
24037,3
24038,-1
24039,3
24040,3
24041,-1
24042,-1
24043,3
24044,-1
24047,-1
24048,-1
24049,3
24050,-1
24051,-1
24053,-1
24054,3
24055,-1
24057,-1
24058,-1
24059,0
24060,-1
24061,3
24064,3
24065,3
24066,-1
24067,-1
24069,-1
24070,-1
24071,3
24072,3
24074,3
24075,-1
24076,-1
24077,-1
24078,-1
24083,3
24088,-1
24089,-1
24090,-1
24091,-1
24093,-1
24094,-1
24095,-1
24097,-1
24098,-1
24099,-1
24100,3
24101,-1
24102,3
24104,3
24105,-1
24109,-1
24110,-1
24111,-1
24114,-1
24115,-1
24116,-1
24117,2
24118,3
24120,-1
24122,-1
24126,3
24128,-1
24129,3
24132,-1
24133,-1
24134,3
24137,-1
24138,-1
24140,-1
24144,3
24146,-1
24147,3
24150,3
24152,-1
24153,3
24154,-1
24155,-1
24156,-1
24157,-1
24158,-1
24159,-1
24162,-1
24163,-1
24164,-1
24165,3
24170,3
24171,-1
24173,-1
24174,-1
24178,-1
24180,-1
24181,3
24182,-1
24183,-1
24187,3
24188,-1
24190,-1
24191,3
24193,3
24194,-1
24197,-1
24198,-1
24199,-1
24200,-1
24202,-1
24203,-1
24204,-1
24205,3
24210,-1
24211,-1
24212,-1
24214,0
24217,-1
24218,-1
24221,-1
24223,3
24225,-1
24226,-1
24227,-1
24228,-1
24229,3
24230,3
24233,-1
24235,3
24236,-1
24237,-1
24238,3
24240,-1
24241,-1
24243,3
24244,3
24245,-1
24246,-1
24251,-1
24252,-1
24254,-1
24255,3
24256,3
24257,-1
24258,-1
24260,-1
24262,3
24264,-1
24265,-1
24267,-1
24268,-1
24273,-1
24274,3
24275,-1
24277,3
24278,-1
24279,-1
24280,-1
24282,-1
24283,3
24284,-1
24286,3
24289,-1
24290,0
24292,-1
24294,3
24295,-1
24297,-1
24298,3
24300,3
24301,-1
24302,3
24303,-1
24305,3
24306,3
24308,-1
24310,3
24311,-1
24312,-1
24314,-1
24316,-1
24317,-1
24318,-1
24319,-1
24320,3
24323,-1
24324,-1
24325,-1
24326,-1
24328,3
24330,-1
24331,-1
24332,3
24333,-1
24335,-1
24338,-1
24339,3
24340,-1
24341,-1
24342,-1
24349,-1
24351,3
24352,-1
24355,-1
24356,-1
24357,3
24359,3
24361,-1
24362,-1
24363,-1
24364,-1
24365,-1
24366,3
24367,-1
24368,-1
24369,-1
24370,-1
24371,-1
24372,-1
24373,3
24374,3
24377,3
24378,-1
24379,-1
24384,-1
24385,-1
24386,-1
24387,-1
24388,-1
24389,3
24391,1
24392,3
24393,-1
24394,-1
24395,-1
24396,3
24397,-1
24398,3
24402,-1
24403,-1
24404,2
24406,3
24407,3
24408,3
24409,3
24410,-1
24412,-1
24413,-1
24414,-1
24415,3
24416,3
24417,3
24418,-1
24419,-1
24422,-1
24424,-1
24428,3
24430,-1
24431,-1
24432,-1
24433,3
24435,-1
24436,-1
24438,-1
24439,-1
24441,3
24442,-1
24445,3
24448,3
24449,0
24450,-1
24452,3
24454,3
24457,-1
24458,-1
24459,-1
24460,-1
24461,3
24463,-1
24466,3
24467,-1
24468,-1
24469,3
24471,-1
24472,3
24473,3
24475,3
24476,3
24477,3
24479,-1
24482,-1
24484,-1
24488,3
24490,3
24492,3
24495,3
24497,-1
24498,3
24499,-1
24504,3
24505,-1
24506,-1
24507,-1
24508,-1
24510,-1
24511,-1
24512,-1
24514,-1
24518,-1
24520,3
24521,3
24524,3
24527,-1
24530,-1
24531,-1
24534,-1
24535,-1
24537,-1
24539,3
24543,-1
24544,0
24546,-1
24548,-1
24550,-1
24551,3
24556,-1
24557,3
24558,-1
24560,3
24562,3
24564,-1
24565,-1
24566,-1
24567,-1
24568,-1
24570,-1
24571,-1
24573,-1
24574,-1
24575,3
24576,-1
24577,-1
24579,-1
24580,3
24581,-1
24582,3
24584,-1
24589,3
24590,-1
24591,3
24593,3
24594,3
24595,-1
24596,-1
24598,-1
24599,-1
24601,-1
24603,3
24606,-1
24607,3
24610,-1
24612,3
24613,-1
24614,3
24615,-1
24616,-1
24621,-1
24622,3
24624,-1
24625,-1
24627,-1
24629,-1
24630,-1
24632,3
24633,-1
24635,-1
24637,-1
24641,-1
24643,-1
24646,1
24647,-1
24648,-1
24649,-1
24651,-1
24653,-1
24655,-1
24656,-1
24657,-1
24658,-1
24659,-1
24660,-1
24661,3
24662,-1
24663,-1
24664,-1
24665,-1
24666,-1
24669,-1
24670,-1
24671,-1
24672,-1
24673,-1
24676,-1
24677,3
24679,-1
24683,-1
24684,-1
24686,3
24688,-1
24689,3
24690,3
24691,-1
24693,-1
24694,3
24695,2
24696,3
24697,-1
24698,-1
24701,-1
24702,-1
24704,-1
24705,-1
24706,-1
24708,3
24709,3
24710,1
24711,-1
24714,-1
24715,3
24716,-1
24718,-1
24721,-1
24724,-1
24728,3
24731,-1
24732,-1
24733,-1
24734,2
24735,-1
24737,-1
24738,-1
24739,3
24741,-1
24742,-1
24743,-1
24744,-1
24745,3
24747,-1
24748,-1
24749,-1
24750,3
24752,-1
24754,-1
24755,3
24757,3
24759,-1
24760,-1
24761,3
24764,-1
24765,0
24767,3
24768,-1
24769,-1
24770,-1
24771,-1
24773,-1
24775,3
24779,-1
24781,-1
24783,3
24784,-1
24789,-1
24790,-1
24791,3
24792,-1
24793,-1
24794,3
24795,-1
24796,-1
24797,-1
24798,-1
24799,-1
24800,-1
24802,-1
24803,-1
24807,3
24808,-1
24809,-1
24811,-1
24812,-1
24813,-1
24814,-1
24817,3
24819,-1
24821,-1
24822,-1
24826,-1
24827,3
24829,-1
24830,-1
24831,3
24832,3
24833,2
24834,3
24836,-1
24837,-1
24840,-1
24841,-1
24843,-1
24845,-1
24847,-1
24848,-1
24849,3
24851,-1
24853,-1
24854,3
24855,-1
24856,-1
24857,-1
24858,-1
24859,-1
24860,-1
24861,-1
24862,3
24863,-1
24865,-1
24866,-1
24867,3
24868,3
24869,3
24870,-1
24871,3
24876,3
24878,-1
24879,-1
24880,-1
24883,-1
24888,-1
24889,-1
24890,-1
24894,-1
24895,-1
24896,-1
24897,-1
24900,3
24901,3
24902,-1
24903,-1
24904,-1
24905,-1
24906,-1
24908,-1
24909,-1
24911,3
24913,-1
24914,-1
24915,3
24916,3
24918,-1
24919,-1
24923,-1
24924,-1
24926,-1
24927,-1
24928,-1
24932,-1
24933,3
24935,-1
24936,-1
24937,-1
24938,3
24939,-1
24940,-1
24941,-1
24942,-1
24943,-1
24944,-1
24945,-1
24946,-1
24949,-1
24950,3
24951,-1
24953,3
24955,-1
24956,-1
24957,-1
24958,-1
24959,3
24961,3
24962,-1
24963,3
24964,-1
24966,-1
24967,-1
24970,-1
24971,-1
24973,0
24975,-1
24976,3
24977,-1
24978,1
24980,-1
24984,3
24986,-1
24987,-1
24988,3
24989,-1
24990,-1
24991,-1
24992,-1
24993,-1
24994,-1
24995,-1
24996,3
24997,-1
24998,-1
24999,-1
25000,-1
25001,-1
25002,-1
25008,3
25009,3
25011,-1
25012,-1
25013,3
25014,-1
25016,-1
25017,-1
25019,-1
25021,-1
25022,-1
25023,3
25024,-1
25026,-1
25027,-1
25028,-1
25029,1
25030,-1
25031,-1
25032,3
25038,-1
25039,-1
25040,3
25041,-1
25044,-1
25046,-1
25047,-1
25048,-1
25049,3
25050,-1
25051,-1
25052,3
25053,-1
25054,3
25055,-1
25056,-1
25057,-1
25060,-1
25062,-1
25065,3
25066,-1
25068,-1
25070,-1
25072,3
25074,-1
25075,-1
25076,3
25078,3
25079,3
25080,3
25082,-1
25083,-1
25085,3
25086,-1
25087,-1
25089,-1
25092,-1
25093,3
25095,-1
25096,-1
25098,-1
25099,-1
25101,3
25102,-1
25103,-1
25104,-1
25105,3
25107,-1
25111,3
25113,3
25114,-1
25116,-1
25117,-1
25118,-1
25119,3
25120,-1
25122,-1
25124,3
25125,-1
25128,-1
25129,3
25131,-1
25133,3
25136,-1
25138,-1
25139,-1
25141,-1
25143,-1
25144,-1
25146,-1
25150,-1
25151,-1
25152,-1
25153,1
25156,-1
25157,-1
25158,3
25159,-1
25160,-1
25161,3
25162,3
25163,-1
25164,-1
25166,-1
25167,-1
25170,-1
25171,-1
25173,3
25174,3
25176,3
25177,-1
25179,-1
25180,-1
25181,-1
25184,3
25185,-1
25186,-1
25190,-1
25192,3
25193,3
25195,-1
25196,-1
25197,-1
25198,-1
25199,3
25200,-1
25201,3
25202,-1
25203,-1
25206,-1
25207,-1
25209,3
25210,-1
25211,-1
25214,3
25216,-1
25217,3
25219,-1
25221,-1
25223,3
25225,3
25226,-1
25227,3
25230,3
25231,3
25232,-1
25233,-1
25234,3
25235,-1
25236,-1
25238,-1
25239,-1
25241,-1
25242,-1
25245,-1
25247,-1
25248,-1
25251,3
25252,-1
25253,-1
25254,3
25255,3
25257,-1
25259,-1
25260,3
25262,-1
25263,3
25264,3
25265,-1
25267,-1
25268,-1
25269,-1
25271,3
25272,-1
25275,3
25277,3
25278,-1
25279,-1
25280,3
25281,-1
25282,-1
25284,-1
25285,-1
25287,-1
25290,3
25291,-1
25292,-1
25293,-1
25294,-1
25295,-1
25296,3
25297,-1
25300,3
25302,-1
25304,-1
25305,3
25306,-1
25307,-1
25308,3
25309,-1
25312,-1
25313,-1
25316,-1
25317,3
25318,-1
25319,-1
25321,-1
25322,3
25323,-1
25324,-1
25326,-1
25327,-1
25328,3
25330,-1
25331,-1
25332,-1
25333,-1
25334,3
25336,-1
25337,-1
25339,-1
25342,3
25343,-1
25344,3
25345,-1
25346,-1
25347,-1
25350,3
25353,-1
25355,-1
25356,-1
25359,3
25360,-1
25363,-1
25366,-1
25367,-1
25368,3
25369,-1
25370,-1
25373,-1
25374,3
25375,3
25376,-1
25377,-1
25378,-1
25381,3
25384,3
25391,3
25394,-1
25395,-1
25396,3
25397,3
25398,-1
25399,3
25402,-1
25403,-1
25404,-1
25405,3
25409,3
25410,3
25411,-1
25413,-1
25414,-1
25416,-1
25417,-1
25418,3
25419,-1
25420,3
25424,-1
25426,-1
25427,-1
25429,3
25432,-1
25435,-1
25437,-1
25438,3
25440,-1
25442,-1
25443,-1
25445,-1
25447,-1
25449,-1
25451,3
25452,-1
25454,-1
25456,-1
25457,-1
25459,-1
25460,-1
25461,3
25462,3
25464,-1
25465,-1
25466,3
25467,-1
25469,3
25474,3
25475,-1
25477,-1
25479,3
25480,-1
25481,-1
25482,-1
25483,3
25484,-1
25485,-1
25486,-1
25489,3
25492,-1
25493,3
25495,-1
25497,3
25498,-1
25501,-1
25502,-1
25503,-1
25504,-1
25505,-1
25506,-1
25508,-1
25509,3
25510,-1
25511,3
25512,-1
25513,-1
25514,3
25516,-1
25517,-1
25518,3
25520,-1
25525,-1
25528,3
25529,-1
25530,3
25532,-1
25534,-1
25535,-1
25536,-1
25537,-1
25538,3
25540,3
25542,-1
25545,-1
25547,-1
25548,3
25550,-1
25554,-1
25556,-1
25558,-1
25559,-1
25561,3
25562,-1
25563,-1
25564,-1
25565,-1
25566,-1
25567,-1
25571,-1
25572,3
25573,-1
25575,-1
25577,3
25578,-1
25579,-1
25580,3
25581,-1
25582,-1
25583,-1
25584,-1
25585,-1
25586,-1
25588,-1
25589,-1
25590,3
25592,3
25595,-1
25599,-1
25600,3
25603,3
25604,-1
25606,3
25607,3
25609,3
25610,-1
25612,-1
25614,3
25615,-1
25616,-1
25617,-1
25619,3
25620,-1
25621,3
25622,-1
25624,3
25625,3
25627,3
25629,-1
25631,3
25633,3
25635,-1
25636,3
25639,-1
25640,-1
25641,-1
25642,3
25644,-1
25645,-1
25646,3
25649,3
25650,1
25652,-1
25655,-1
25656,-1
25658,-1
25659,3
25660,-1
25661,3
25662,-1
25663,-1
25665,-1
25669,-1
25670,3
25671,3
25672,-1
25673,2
25674,3
25675,-1
25677,-1
25678,3
25680,-1
25682,-1
25683,-1
25684,-1
25685,-1
25686,-1
25689,3
25691,-1
25692,3
25695,-1
25700,3
25702,-1
25704,-1
25707,-1
25709,-1
25710,-1
25712,-1
25715,-1
25717,3
25718,0
25719,0
25720,-1
25721,-1
25722,-1
25723,3
25724,3
25725,-1
25726,-1
25728,-1
25729,-1
25731,-1
25734,-1
25736,-1
25738,3
25740,3
25741,3
25742,-1
25744,-1
25745,-1
25746,3
25747,3
25748,3
25749,-1
25751,-1
25754,3
25755,3
25757,-1
25758,3
25760,3
25762,-1
25765,3
25766,3
25767,-1
25769,-1
25770,3
25773,-1
25774,-1
25775,3
25776,-1
25777,-1
25781,-1
25784,-1
25788,-1
25789,-1
25790,-1
25792,-1
25793,-1
25794,-1
25799,-1
25800,-1
25801,-1
25802,3
25804,-1
25805,-1
25806,-1
25807,-1
25808,3
25811,-1
25812,3
25813,-1
25814,-1
25818,3
25819,-1
25823,-1
25824,-1
25825,-1
25826,-1
25827,-1
25828,3
25829,-1
25830,3
25831,-1
25832,-1
25834,-1
25835,-1
25838,3
25839,3
25840,-1
25841,-1
25842,3
25845,3
25846,3
25848,-1
25850,-1
25853,-1
25854,3
25856,-1
25857,-1
25859,-1
25860,3
25861,-1
25863,-1
25865,-1
25866,-1
25867,-1
25868,-1
25869,-1
25870,3
25871,-1
25872,-1
25873,-1
25874,3
25875,-1
25879,3
25880,-1
25881,-1
25882,-1
25883,-1
25884,-1
25885,-1
25886,-1
25888,-1
25889,-1
25890,-1
25891,-1
25894,3
25895,-1
25898,-1
25900,3
25901,-1
25902,-1
25904,3
25905,-1
25906,-1
25908,-1
25913,-1
25914,-1
25916,3
25917,-1
25918,3
25919,3
25920,-1
25922,-1
25925,-1
25926,3
25927,-1
25928,-1
25930,3
25931,-1
25933,3
25935,-1
25937,-1
25941,-1
25942,-1
25943,-1
25946,3
25947,3
25948,3
25951,-1
25952,-1
25953,3
25956,-1
25957,3
25962,-1
25963,3
25964,-1
25966,-1
25968,-1
25969,-1
25972,-1
25973,-1
25974,-1
25975,-1
25977,3
25979,-1
25981,3
25982,2
25983,1
25985,-1
25987,-1
25988,-1
25989,2
25990,3
25991,-1
25992,3
25994,-1
25995,-1
25996,3
25997,-1
25999,-1
26000,-1
26001,-1
26003,-1
26005,-1
26006,-1
26007,-1
26008,-1
26009,-1
26010,-1
26011,3
26013,-1
26015,-1
26017,-1
26018,3
26019,-1
26020,-1
26021,-1
26023,-1
26026,1
26027,-1
26028,3
26030,-1
26031,3
26033,3
26034,-1
26036,-1
26037,-1
26038,-1
26040,3
26042,-1
26043,-1
26044,-1
26045,3
26048,3
26050,-1
26051,-1
26052,-1
26054,-1
26055,-1
26057,3
26059,-1
26060,-1
26061,3
26062,3
26063,-1
26065,3
26066,3
26067,-1
26068,-1
26070,-1
26071,-1
26072,-1
26074,3
26075,-1
26076,-1
26077,3
26080,3
26081,-1
26082,-1
26083,-1
26084,-1
26085,-1
26087,-1
26088,-1
26089,-1
26090,-1
26092,-1
26093,3
26094,-1
26095,-1
26096,3
26097,3
26098,-1
26099,-1
26100,3
26101,-1
26102,3
26105,3
26106,-1
26109,-1
26111,3
26114,-1
26115,3
26116,-1
26117,3
26119,-1
26120,-1
26121,-1
26122,-1
26123,-1
26124,2
26126,3
26128,3
26129,-1
26130,-1
26131,3
26132,-1
26133,-1
26134,3
26136,-1
26138,3
26139,-1
26140,-1
26143,-1
26146,-1
26147,-1
26150,3
26151,-1
26153,3
26154,-1
26155,-1
26157,-1
26159,3
26160,-1
26161,3
26162,0
26163,-1
26165,3
26167,-1
26169,3
26171,3
26172,3
26173,-1
26175,-1
26177,3
26178,-1
26179,-1
26181,3
26184,-1
26186,3
26188,3
26189,1
26191,-1
26193,-1
26196,3
26197,-1
26198,-1
26201,-1
26202,-1
26203,-1
26204,-1
26205,-1
26206,-1
26207,-1
26208,-1
26209,-1
26210,-1
26211,-1
26214,-1
26216,-1
26217,-1
26218,-1
26219,-1
26221,-1
26222,-1
26226,3
26227,3
26228,-1
26229,-1
26230,3
26232,3
26234,-1
26236,-1
26237,-1
26238,-1
26241,-1
26242,-1
26243,-1
26244,-1
26245,-1
26246,3
26247,3
26248,3
26250,-1
26251,-1
26252,-1
26254,-1
26255,3
26256,-1
26259,-1
26264,-1
26267,-1
26268,-1
26269,3
26270,-1
26272,3
26274,-1
26277,-1
26278,-1
26280,-1
26281,-1
26283,-1
26284,-1
26285,-1
26286,-1
26287,3
26288,-1
26289,3
26290,-1
26291,-1
26292,-1
26293,-1
26295,-1
26296,-1
26297,-1
26299,-1
26300,-1
26301,-1
26302,3
26303,3
26304,-1
26305,3
26306,-1
26307,-1
26308,-1
26309,-1
26310,-1
26311,-1
26314,-1
26315,3
26316,-1
26317,3
26318,-1
26319,3
26322,-1
26324,-1
26327,-1
26328,-1
26329,3
26331,-1
26332,-1
26333,-1
26334,-1
26335,-1
26336,3
26337,-1
26338,3
26339,-1
26340,-1
26341,3
26342,3
26345,-1
26346,-1
26347,-1
26350,-1
26353,-1
26354,-1
26356,3
26357,-1
26358,3
26359,3
26360,-1
26361,-1
26362,-1
26364,3
26366,3
26367,-1
26369,3
26371,3
26373,-1
26374,-1
26375,-1
26377,3
26378,-1
26379,-1
26381,-1
26382,-1
26383,-1
26384,-1
26388,-1
26389,-1
26390,-1
26391,3
26393,-1
26395,3
26398,-1
26399,1
26400,-1
26401,3
26402,-1
26404,-1
26406,3
26407,-1
26412,-1
26413,-1
26415,-1
26416,3
26419,3
26421,-1
26422,-1
26423,-1
26424,-1
26425,-1
26426,3
26428,-1
26432,-1
26433,-1
26434,3
26436,3
26437,1
26438,3
26441,-1
26442,-1
26443,-1
26444,3
26445,-1
26446,3
26447,-1
26449,3
26450,3
26452,-1
26453,-1
26455,-1
26457,-1
26458,3
26461,-1
26464,3
26467,3
26469,-1
26471,-1
26472,3
26474,-1
26475,-1
26476,-1
26477,-1
26478,-1
26479,-1
26480,3
26481,3
26482,3
26483,-1
26484,3
26485,-1
26486,-1
26487,3
26489,-1
26492,3
26493,-1
26495,3
26496,-1
26497,-1
26498,3
26500,3
26502,3
26504,-1
26505,3
26509,-1
26510,-1
26511,3
26514,3
26516,3
26517,-1
26518,-1
26519,3
26521,3
26523,-1
26525,3
26526,-1
26528,-1
26530,-1
26531,-1
26532,-1
26534,-1
26535,-1
26540,-1
26542,3
26543,3
26545,-1
26548,-1
26550,3
26551,-1
26552,-1
26554,3
26556,-1
26558,-1
26561,-1
26563,-1
26564,-1
26568,-1
26571,-1
26573,-1
26574,-1
26575,3
26576,-1
26578,-1
26579,-1
26581,-1
26585,3
26588,-1
26589,3
26590,-1
26591,3
26593,-1
26595,-1
26598,-1
26600,0
26602,-1
26603,-1
26605,-1
26607,3
26609,-1
26611,-1
26612,-1
26615,3
26616,3
26618,3
26619,-1
26620,3
26622,-1
26624,-1
26625,-1
26629,3
26631,-1
26632,-1
26635,-1
26637,-1
26639,-1
26641,-1
26642,3
26643,-1
26646,-1
26647,-1
26648,3
26649,3
26652,-1
26653,-1
26654,3
26655,-1
26657,-1
26658,3
26660,-1
26662,3
26663,-1
26666,-1
26667,3
26669,-1
26671,-1
26672,-1
26673,-1
26675,-1
26676,3
26677,-1
26682,-1
26683,-1
26684,-1
26685,-1
26686,-1
26688,3
26689,-1
26692,-1
26693,-1
26694,-1
26695,3
26698,-1
26699,-1
26701,-1
26703,3
26704,-1
26705,-1
26706,-1
26708,-1
26709,-1
26711,-1
26712,3
26714,-1
26715,-1
26716,3
26717,-1
26720,-1
26721,-1
26722,-1
26724,-1
26725,-1
26728,3
26730,-1
26731,3
26733,-1
26734,3
26735,3
26739,-1
26741,-1
26743,-1
26752,-1
26753,3
26757,-1
26760,-1
26761,-1
26763,3
26764,-1
26767,3
26770,-1
26772,3
26773,-1
26774,3
26775,-1
26777,3
26779,3
26780,-1
26781,3
26782,-1
26783,-1
26784,3
26788,-1
26789,-1
26790,-1
26792,-1
26795,3
26796,-1
26798,-1
26799,-1
26800,-1
26801,-1
26802,-1
26803,-1
26804,-1
26805,-1
26806,-1
26807,-1
26808,-1
26812,-1
26814,-1
26815,-1
26816,-1
26817,3
26818,-1
26819,-1
26821,-1
26822,-1
26823,1
26824,3
26828,-1
26829,-1
26833,-1
26836,-1
26837,-1
26838,3
26840,-1
26841,-1
26843,-1
26844,3
26845,3
26849,-1
26850,-1
26851,-1
26853,-1
26855,-1
26856,-1
26857,-1
26858,-1
26859,3
26861,-1
26862,-1
26863,-1
26864,3
26865,-1
26867,-1
26868,-1
26870,3
26871,-1
26872,-1
26873,-1
26874,-1
26875,3
26876,-1
26878,-1
26879,-1
26880,-1
26881,-1
26883,-1
26885,3
26886,-1
26887,3
26888,-1
26891,3
26892,-1
26893,-1
26896,-1
26897,3
26900,-1
26904,-1
26906,3
26909,3
26910,-1
26911,-1
26912,3
26913,-1
26914,3
26917,-1
26918,-1
26919,-1
26920,-1
26921,3
26922,3
26923,-1
26924,-1
26926,-1
26930,3
26931,-1
26933,-1
26935,-1
26936,3
26937,-1
26938,-1
26940,-1
26941,3
26942,-1
26943,-1
26945,-1
26946,-1
26948,3
26949,-1
26953,3
26955,3
26956,-1
26957,-1
26958,-1
26959,-1
26960,-1
26962,-1
26963,3
26964,-1
26965,3
26968,-1
26972,3
26973,-1
26975,-1
26976,-1
26978,3
26979,-1
26980,-1
26981,3
26982,3
26984,3
26985,-1
26986,-1
26988,-1
26989,3
26993,3
26994,-1
26995,-1
26996,-1
26997,-1
26998,-1
26999,-1
27000,3
27001,3
27003,-1
27004,3
27010,3
27011,-1
27012,-1
27013,3
27014,-1
27020,-1
27021,-1
27022,-1
27023,-1
27024,-1
27026,-1
27029,-1
27030,-1
27031,3
27033,3
27034,-1
27036,-1
27037,-1
27038,3
27039,-1
27040,-1
27043,-1
27044,-1
27047,3
27048,3
27049,-1
27050,-1
27051,3
27052,-1
27053,-1
27056,3
27057,3
27059,-1
27062,-1
27065,-1
27067,-1
27068,-1
27070,-1
27075,3
27078,-1
27080,-1
27081,-1
27082,-1
27083,-1
27084,-1
27086,-1
27087,-1
27089,3
27090,3
27091,-1
27092,3
27095,-1
27098,-1
27100,3
27104,-1
27107,3
27109,3
27110,-1
27111,3
27112,-1
27114,-1
27115,3
27116,-1
27117,-1
27118,-1
27119,3
27120,-1
27121,-1
27122,-1
27124,3
27125,3
27126,-1
27127,-1
27130,-1
27131,-1
27132,3
27133,-1
27134,-1
27135,-1
27136,3
27137,-1
27138,3
27141,3
27142,-1
27143,-1
27144,3
27145,-1
27146,-1
27148,-1
27149,-1
27151,-1
27152,-1
27156,3
27157,-1
27158,0
27159,-1
27160,-1
27161,2
27162,-1
27167,-1
27169,-1
27171,3
27175,3
27176,-1
27177,3
27179,-1
27180,3
27181,-1
27182,-1
27184,-1
27185,3
27186,-1
27187,3
27188,3
27190,-1
27192,-1
27193,-1
27194,-1
27195,3
27196,-1
27197,-1
27198,-1
27202,-1
27203,-1
27204,-1
27205,3
27206,-1
27208,3
27212,-1
27213,-1
27214,-1
27215,3
27216,3
27218,-1
27219,-1
27220,-1
27221,-1
27222,-1
27223,-1
27224,3
27226,3
27229,-1
27234,3
27235,-1
27236,-1
27239,-1
27240,3
27245,-1
27248,-1
27249,-1
27250,-1
27251,-1
27252,3
27253,-1
27255,-1
27256,-1
27257,-1
27258,3
27259,-1
27260,3
27261,-1
27264,-1
27265,-1
27267,-1
27268,3
27270,-1
27271,-1
27272,3
27277,-1
27278,-1
27280,-1
27282,3
27283,3
27285,-1
27286,-1
27288,-1
27289,-1
27291,-1
27294,-1
27296,-1
27297,-1
27300,-1
27301,3
27302,3
27303,-1
27305,3
27306,-1
27307,3
27308,3
27311,-1
27312,3
27313,-1
27315,3
27316,-1
27317,3
27318,-1
27319,-1
27320,-1
27321,-1
27322,-1
27324,3
27325,-1
27326,3
27330,-1
27331,-1
27335,-1
27336,-1
27338,3
27339,-1
27340,-1
27342,3
27347,-1
27348,3
27349,3
27350,3
27351,-1
27352,-1
27353,-1
27355,-1
27356,-1
27357,-1
27359,3
27360,-1
27361,3
27363,-1
27364,-1
27365,-1
27366,-1
27367,-1
27372,3
27377,3
27382,-1
27384,-1
27385,-1
27388,-1
27389,-1
27390,3
27392,3
27393,-1
27394,3
27395,-1
27400,-1
27405,-1
27406,3
27407,3
27408,3
27409,-1
27412,-1
27413,3
27414,-1
27415,-1
27416,3
27417,-1
27419,-1
27422,-1
27423,3
27424,-1
27425,-1
27426,-1
27427,-1
27428,3
27429,3
27430,-1
27431,-1
27432,3
27434,-1
27435,3
27436,3
27437,3
27439,-1
27442,-1
27443,-1
27444,-1
27446,-1
27447,3
27448,-1
27450,3
27451,3
27452,3
27457,-1
27459,3
27460,3
27461,3
27465,-1
27466,-1
27467,-1
27469,-1
27471,-1
27472,-1
27475,-1
27477,-1
27479,-1
27480,-1
27482,-1
27483,-1
27484,-1
27485,3
27486,-1
27488,-1
27489,-1
27491,-1
27493,-1
27494,3
27495,-1
27496,-1
27497,-1
27498,-1
27500,-1
27503,-1
27504,3
27505,3
27506,3
27507,-1
27508,-1
27510,-1
27511,-1
27512,3
27513,3
27515,-1
27516,-1
27517,3
27518,-1
27519,-1
27521,3
27522,-1
27523,3
27524,3
27526,-1
27529,-1
27530,3
27531,-1
27533,3
27534,3
27535,-1
27536,3
27545,-1
27546,-1
27547,3
27548,-1
27549,-1
27556,-1
27557,3
27559,3
27560,-1
27561,-1
27562,-1
27564,-1
27566,-1
27568,3
27569,3
27574,3
27576,3
27577,3
27579,2
27580,-1
27582,-1
27583,-1
27588,-1
27589,-1
27592,-1
27594,3
27595,3
27596,-1
27597,3
27598,-1
27599,-1
27601,3
27603,-1
27604,-1
27605,3
27607,-1
27610,-1
27611,-1
27612,3
27615,-1
27618,-1
27619,3
27620,-1
27622,3
27623,3
27624,3
27626,3
27627,3
27628,3
27629,-1
27632,-1
27633,-1
27636,-1
27637,-1
27638,-1
27639,-1
27640,-1
27641,-1
27643,-1
27644,-1
27645,-1
27646,-1
27649,-1
27651,-1
27652,-1
27653,-1
27654,3
27655,-1
27656,3
27660,-1
27661,-1
27663,3
27665,3
27666,-1
27667,-1
27668,0
27669,-1
27670,3
27671,-1
27674,3
27675,-1
27676,-1
27678,-1
27680,-1
27681,-1
27683,-1
27684,3
27685,-1
27686,-1
27687,-1
27690,-1
27691,3
27692,-1
27693,-1
27694,-1
27695,-1
27696,3
27697,3
27700,3
27702,-1
27703,3
27704,-1
27706,-1
27708,-1
27709,-1
27711,3
27712,-1
27713,-1
27714,-1
27715,-1
27716,-1
27717,2
27720,-1
27721,3
27723,3
27724,3
27726,-1
27727,-1
27728,-1
27729,-1
27730,-1
27734,-1
27735,3
27736,-1
27737,-1
27738,3
27739,-1
27740,-1
27741,-1
27742,3
27743,-1
27744,-1
27745,3
27746,-1
27747,3
27748,-1
27749,-1
27750,-1
27754,3
27755,-1
27756,-1
27760,-1
27761,-1
27762,-1
27763,3
27764,-1
27765,-1
27766,3
27767,-1
27768,-1
27769,-1
27770,-1
27772,3
27773,-1
27774,-1
27777,3
27780,-1
27783,-1
27785,3
27790,-1
27791,-1
27792,-1
27793,-1
27794,3
27795,3
27798,-1
27799,-1
27800,-1
27801,-1
27802,3
27803,3
27805,-1
27808,-1
27809,-1
27810,-1
27812,-1
27813,-1
27814,3
27815,3
27816,3
27817,-1
27820,-1
27822,-1
27823,3
27824,-1
27826,-1
27827,-1
27828,-1
27829,-1
27830,-1
27831,-1
27832,-1
27833,-1
27834,-1
27835,3
27836,-1
27837,-1
27839,-1
27840,-1
27844,3
27845,-1
27846,3
27847,-1
27848,-1
27850,3
27851,-1
27852,3
27853,-1
27854,-1
27856,-1
27859,-1
27861,-1
27863,-1
27864,3
27865,3
27868,-1
27869,-1
27871,-1
27873,-1
27875,3
27877,-1
27878,-1
27880,-1
27881,-1
27882,3
27886,-1
27887,-1
27888,-1
27889,-1
27891,3
27892,-1
27893,3
27895,3
27896,3
27897,-1
27899,-1
27902,-1
27903,-1
27904,-1
27905,-1
27906,-1
27910,-1
27911,3
27912,-1
27913,-1
27919,-1
27920,-1
27921,-1
27922,-1
27923,-1
27924,-1
27925,3
27926,0
27927,-1
27929,-1
27930,3
27931,-1
27933,3
27934,3
27940,-1
27941,-1
27942,-1
27943,-1
27944,-1
27947,-1
27948,-1
27951,-1
27953,-1
27955,-1
27956,-1
27958,-1
27959,-1
27961,3
27965,-1
27969,3
27970,3
27971,3
27972,3
27973,-1
27976,-1
27977,-1
27978,-1
27979,-1
27980,-1
27981,-1
27984,-1
27986,-1
27987,3
27991,-1
27995,3
27998,3
27999,-1
28000,3
28002,3
28005,-1
28009,-1
28012,-1
28015,-1
28016,-1
28017,-1
28019,-1
28022,3
28025,-1
28028,-1
28029,-1
28030,-1
28031,3
28032,3
28034,-1
28035,3
28036,-1
28037,-1
28041,-1
28042,3
28050,-1
28051,-1
28057,-1
28058,-1
28059,-1
28064,-1
28066,-1
28068,-1
28069,3
28072,3
28074,-1
28075,-1
28076,3
28077,-1
28080,-1
28081,-1
28082,3
28084,-1
28087,3
28092,-1
28097,-1
28101,-1
28104,-1
28106,-1
28107,0
28108,-1
28112,-1
28113,-1
28114,-1
28116,-1
28117,3
28121,-1
28122,-1
28124,-1
28125,-1
28126,-1
28128,3
28130,3
28131,-1
28132,-1
28133,3
28134,-1
28135,-1
28137,-1
28139,3
28141,-1
28144,-1
28145,-1
28147,-1
28148,-1
28149,3
28150,-1
28151,-1
28152,-1
28153,3
28155,3
28157,-1
28159,-1
28160,-1
28162,-1
28163,-1
28164,3
28165,-1
28169,3
28170,-1
28171,-1
28173,-1
28174,-1
28175,-1
28177,-1
28181,-1
28183,-1
28184,-1
28185,-1
28186,-1
28188,-1
28189,-1
28190,3
28191,-1
28192,3
28193,-1
28194,-1
28195,3
28197,-1
28198,3
28200,3
28201,3
28203,3
28204,3
28206,-1
28207,-1
28209,3
28212,1
28213,3
28215,3
28217,-1
28222,3
28223,3
28224,-1
28225,-1
28226,-1
28231,3
28232,-1
28233,-1
28235,3
28236,3
28237,-1
28240,-1
28242,-1
28243,-1
28244,-1
28245,-1
28246,-1
28247,3
28248,3
28249,-1
28250,-1
28251,-1
28252,-1
28256,-1
28257,-1
28258,3
28259,-1
28260,3
28262,-1
28263,3
28264,-1
28265,-1
28266,-1
28268,3
28270,3
28271,-1
28274,-1
28277,-1
28278,2
28279,3
28281,-1
28282,-1
28286,-1
28289,-1
28291,-1
28292,1
28293,3
28294,3
28295,-1
28297,3
28301,3
28302,-1
28303,3
28305,3
28307,-1
28308,-1
28313,3
28314,-1
28316,-1
28317,-1
28318,-1
28319,-1
28321,-1
28325,-1
28326,-1
28327,-1
28331,-1
28332,3
28333,-1
28335,-1
28336,-1
28338,3
28340,-1
28341,-1
28342,-1
28343,-1
28344,-1
28345,3
28347,-1
28348,3
28351,3
28353,-1
28354,3
28355,3
28358,-1
28359,3
28360,3
28361,-1
28362,-1
28363,-1
28364,3
28365,3
28368,-1
28369,3
28370,3
28371,3
28372,3
28374,-1
28375,3
28377,3
28379,-1
28380,-1
28381,-1
28382,-1
28383,-1
28385,-1
28386,-1
28387,-1
28389,-1
28390,3
28392,-1
28394,-1
28395,-1
28396,-1
28397,3
28398,-1
28399,3
28401,3
28402,1
28403,3
28404,-1
28407,-1
28410,-1
28411,-1
28413,-1
28415,-1
28417,3
28418,-1
28421,3
28422,-1
28423,-1
28424,-1
28425,-1
28427,3
28432,-1
28433,-1
28434,-1
28436,3
28437,-1
28438,-1
28439,-1
28440,3
28442,-1
28443,3
28446,-1
28447,-1
28448,3
28449,-1
28450,-1
28452,-1
28453,3
28457,3
28460,3
28462,3
28464,0
28465,-1
28467,-1
28469,3
28473,-1
28474,3
28475,3
28477,-1
28478,-1
28483,-1
28485,-1
28488,-1
28490,-1
28491,-1
28493,3
28494,3
28497,-1
28500,3
28505,-1
28507,3
28508,3
28510,3
28511,-1
28512,3
28513,-1
28515,-1
28516,3
28517,-1
28518,-1
28520,3
28523,-1
28524,-1
28527,3
28530,3
28531,-1
28532,-1
28533,-1
28534,-1
28535,3
28538,-1
28539,-1
28541,3
28542,-1
28546,-1
28548,-1
28550,3
28551,-1
28552,3
28553,-1
28554,-1
28556,3
28557,-1
28558,3
28559,-1
28561,-1
28562,-1
28563,3
28564,-1
28565,-1
28568,-1
28569,3
28570,-1
28572,-1
28573,-1
28574,-1
28575,-1
28576,-1
28577,3
28578,-1
28579,3
28582,-1
28583,3
28585,-1
28586,-1
28587,-1
28588,-1
28589,-1
28591,3
28592,-1
28595,-1
28596,-1
28597,-1
28598,3
28601,-1
28602,-1
28603,-1
28604,-1
28608,-1
28609,-1
28610,-1
28612,-1
28613,-1
28615,3
28617,-1
28618,-1
28620,-1
28621,3
28626,-1
28627,3
28628,-1
28632,-1
28633,-1
28634,-1
28637,-1
28639,3
28641,-1
28642,3
28643,-1
28645,-1
28647,-1
28648,-1
28651,-1
28652,-1
28653,-1
28655,-1
28657,-1
28658,-1
28659,3
28660,3
28661,-1
28662,-1
28663,-1
28664,-1
28665,-1
28666,0
28669,-1
28672,3
28674,-1
28675,-1
28676,3
28677,-1
28678,3
28679,3
28680,-1
28681,3
28684,3
28686,3
28688,-1
28689,-1
28690,3
28691,-1
28692,3
28695,-1
28697,-1
28698,3
28699,-1
28700,-1
28701,3
28702,3
28703,-1
28704,-1
28705,-1
28706,3
28708,-1
28710,-1
28711,-1
28712,-1
28713,-1
28714,-1
28716,1
28718,-1
28723,3
28724,-1
28725,-1
28726,3
28727,3
28730,-1
28733,-1
28734,3
28737,-1
28738,-1
28740,3
28741,3
28742,0
28745,-1
28746,-1
28747,3
28748,-1
28752,-1
28755,-1
28756,-1
28757,3
28760,-1
28761,-1
28763,3
28765,-1
28767,3
28768,3
28769,-1
28771,-1
28773,-1
28774,-1
28775,3
28777,3
28780,-1
28781,-1
28784,3
28785,-1
28789,-1
28792,-1
28794,-1
28796,-1
28799,3
28800,-1
28802,3
28803,-1
28804,-1
28805,0
28806,-1
28807,3
28808,3
28811,-1
28812,-1
28814,-1
28815,-1
28817,-1
28818,-1
28819,-1
28820,-1
28821,-1
28822,3
28823,-1
28824,-1
28825,-1
28826,3
28827,-1
28828,-1
28830,-1
28832,3
28833,3
28835,-1
28836,-1
28838,3
28841,3
28842,-1
28843,-1
28844,-1
28845,-1
28850,-1
28851,-1
28852,3
28854,-1
28855,3
28856,-1
28858,-1
28859,3
28861,-1
28862,-1
28863,-1
28864,-1
28866,3
28868,3
28870,-1
28873,-1
28874,3
28875,-1
28876,3
28877,-1
28878,3
28880,-1
28881,-1
28883,-1
28884,3
28887,-1
28888,3
28891,3
28895,3
28896,-1
28897,3
28898,-1
28899,-1
28900,-1
28903,-1
28905,-1
28906,3
28908,-1
28910,-1
28911,-1
28915,3
28916,-1
28917,-1
28918,-1
28920,-1
28921,3
28927,3
28929,-1
28930,-1
28932,-1
28933,-1
28935,-1
28936,-1
28938,3
28939,-1
28940,3
28941,3
28942,3
28943,-1
28944,-1
28947,-1
28950,3
28951,-1
28952,0
28955,-1
28957,-1
28958,-1
28960,3
28961,-1
28963,-1
28964,-1
28965,-1
28968,3
28969,-1
28970,-1
28971,3
28973,-1
28975,-1
28976,-1
28977,-1
28978,3
28980,-1
28981,-1
28982,-1
28983,3
28984,3
28987,-1
28988,-1
28989,2
28990,3
28992,-1
28994,-1
28995,-1
28996,3
28997,3
28998,3
28999,3
29003,3
29004,-1
29005,3
29006,-1
29010,3
29012,-1
29014,3
29015,-1
29017,-1
29018,-1
29020,-1
29021,-1
29022,-1
29024,3
29026,-1
29027,-1
29029,3
29030,-1
29031,-1
29032,3
29033,-1
29034,-1
29035,-1
29037,3
29038,-1
29041,-1
29042,-1
29043,3
29044,-1
29045,-1
29046,3
29047,3
29049,-1
29050,-1
29051,3
29052,3
29053,3
29054,-1
29055,-1
29058,3
29059,3
29060,-1
29063,-1
29064,-1
29065,-1
29068,-1
29069,3
29070,-1
29071,-1
29072,-1
29073,2
29075,3
29076,3
29079,-1
29080,-1
29081,-1
29082,-1
29084,-1
29086,3
29089,3
29090,-1
29091,3
29092,3
29093,-1
29096,-1
29104,-1
29105,-1
29106,-1
29108,3
29111,3
29113,3
29114,-1
29115,-1
29116,-1
29118,-1
29119,-1
29121,-1
29125,-1
29127,-1
29128,-1
29129,-1
29131,-1
29133,-1
29134,-1
29137,-1
29138,-1
29139,-1
29140,-1
29141,-1
29142,-1
29144,-1
29145,-1
29147,-1
29149,3
29150,-1
29152,3
29153,-1
29154,3
29155,-1
29159,-1
29160,3
29161,3
29162,3
29163,-1
29164,3
29165,3
29166,-1
29170,3
29171,-1
29173,3
29175,3
29176,-1
29177,3
29181,3
29184,-1
29190,3
29193,3
29194,-1
29195,-1
29196,3
29197,-1
29198,3
29201,3
29203,3
29207,-1
29208,-1
29210,-1
29211,-1
29212,-1
29213,3
29214,-1
29216,-1
29217,-1
29218,-1
29219,-1
29221,3
29222,-1
29223,3
29225,3
29229,3
29230,3
29231,-1
29232,-1
29235,3
29238,-1
29239,-1
29240,-1
29241,3
29242,-1
29243,-1
29245,-1
29247,-1
29250,-1
29251,3
29252,-1
29253,-1
29254,3
29258,-1
29259,-1
29260,3
29263,-1
29264,3
29266,-1
29268,3
29270,3
29272,-1
29273,-1
29274,-1
29275,3
29277,-1
29278,-1
29279,-1
29280,-1
29281,-1
29282,-1
29283,-1
29284,-1
29285,3
29286,3
29287,-1
29289,-1
29290,-1
29291,-1
29292,0
29293,-1
29295,-1
29296,-1
29298,-1
29302,3
29303,-1
29304,-1
29305,-1
29306,3
29308,-1
29309,3
29311,-1
29313,3
29314,-1
29315,-1
29316,-1
29317,3
29319,-1
29320,3
29321,-1
29323,-1
29326,-1
29328,-1
29329,-1
29330,-1
29331,-1
29335,-1
29337,-1
29338,-1
29339,-1
29341,-1
29343,-1
29344,-1
29346,-1
29347,-1
29350,3
29353,3
29354,-1
29355,3
29356,-1
29359,3
29360,-1
29361,-1
29363,3
29364,-1
29365,-1
29366,3
29370,-1
29371,3
29375,1
29377,-1
29380,3
29381,-1
29383,3
29384,-1
29385,-1
29386,3
29387,3
29388,-1
29390,-1
29391,-1
29392,3
29396,-1
29400,-1
29401,-1
29402,-1
29403,3
29405,-1
29406,-1
29407,3
29410,-1
29411,-1
29412,-1
29414,3
29415,-1
29416,-1
29418,-1
29420,-1
29422,-1
29423,3
29424,-1
29425,-1
29426,-1
29427,3
29428,3
29430,-1
29433,-1
29435,-1
29438,3
29439,-1
29445,3
29446,-1
29448,-1
29449,3
29450,3
29451,3
29456,-1
29457,3
29458,3
29459,-1
29460,-1
29461,-1
29463,-1
29466,3
29467,-1
29468,-1
29469,3
29470,-1
29471,-1
29472,-1
29473,-1
29474,-1
29475,-1
29476,-1
29479,-1
29482,-1
29483,3
29484,-1
29485,3
29486,-1
29488,-1
29490,-1
29491,3
29492,3
29494,3
29495,-1
29496,-1
29497,-1
29498,-1
29499,3
29502,3
29505,-1
29508,-1
29510,3
29511,-1
29514,3
29517,3
29519,3
29521,3
29522,-1
29523,3
29524,-1
29526,-1
29528,3
29530,3
29531,3
29532,-1
29533,3
29534,-1
29535,-1
29536,-1
29537,3
29539,-1
29540,-1
29541,3
29543,-1
29544,-1
29545,-1
29547,-1
29548,-1
29551,3
29552,3
29553,-1
29555,-1
29557,3
29558,3
29559,3
29560,3
29561,-1
29562,-1
29565,3
29573,-1
29574,3
29575,-1
29577,-1
29578,0
29579,3
29580,-1
29581,3
29585,-1
29586,-1
29587,-1
29591,-1
29592,-1
29593,-1
29594,3
29597,-1
29600,3
29601,3
29602,3
29603,-1
29604,3
29606,-1
29608,-1
29611,3
29612,3
29615,3
29617,-1
29621,3
29622,3
29623,-1
29624,-1
29625,-1
29629,3
29632,3
29633,3
29634,-1
29635,3
29637,-1
29638,2
29639,-1
29640,-1
29641,3
29642,3
29643,-1
29644,-1
29646,3
29647,3
29649,-1
29650,-1
29652,-1
29653,-1
29654,-1
29655,-1
29658,-1
29659,-1
29660,-1
29665,3
29667,3
29668,3
29669,3
29673,-1
29674,-1
29675,-1
29679,-1
29682,-1
29684,3
29685,3
29686,-1
29687,-1
29689,-1
29690,-1
29691,-1
29692,-1
29696,-1
29698,3
29700,-1
29701,-1
29702,-1
29703,-1
29704,-1
29705,-1
29707,-1
29709,-1
29710,-1
29711,-1
29712,-1
29713,3
29714,-1
29715,-1
29718,3
29720,-1
29722,3
29725,-1
29726,3
29728,3
29730,-1
29731,-1
29734,3
29735,-1
29737,-1
29739,3
29740,-1
29741,3
29742,3
29743,3
29744,3
29745,3
29747,-1
29749,-1
29752,-1
29753,-1
29754,-1
29757,-1
29759,-1
29760,-1
29765,-1
29766,-1
29767,-1
29770,3
29771,-1
29773,-1
29777,-1
29778,-1
29779,3
29780,-1
29782,3
29783,-1
29784,3
29785,3
29786,-1
29787,-1
29789,-1
29790,-1
29791,3
29792,-1
29793,3
29795,-1
29797,-1
29798,3
29801,0
29804,3
29805,-1
29807,-1
29808,-1
29809,-1
29810,3
29812,-1
29813,-1
29814,1
29817,3
29818,3
29819,-1
29820,-1
29822,3
29824,-1
29826,3
29827,3
29829,3
29830,3
29831,3
29832,3
29833,-1
29834,-1
29836,-1
29837,3
29838,-1
29840,3
29842,-1
29843,-1
29844,3
29845,-1
29847,3
29848,-1
29851,-1
29852,-1
29857,-1
29859,3
29860,-1
29863,-1
29864,-1
29866,-1
29867,-1
29868,-1
29869,-1
29870,3
29872,-1
29874,-1
29875,3
29876,-1
29878,-1
29879,-1
29880,-1
29885,-1
29886,-1
29887,-1
29891,-1
29892,-1
29893,-1
29894,-1
29896,3
29897,-1
29898,3
29900,0
29901,-1
29902,3
29903,-1
29904,3
29909,-1
29911,-1
29912,-1
29914,3
29916,-1
29918,3
29921,-1
29922,3
29924,-1
29925,-1
29926,-1
29928,-1
29929,-1
29930,3
29931,3
29932,-1
29934,3
29936,-1
29937,-1
29938,-1
29939,-1
29940,-1
29941,-1
29943,-1
29944,-1
29945,-1
29946,-1
29947,-1
29948,-1
29949,-1
29954,-1
29955,3
29956,-1
29959,-1
29960,-1
29961,3
29962,-1
29963,-1
29964,3
29965,-1
29966,3
29968,-1
29970,3
29971,-1
29972,-1
29973,3
29977,-1
29979,-1
29980,-1
29981,-1
29982,-1
29983,3
29984,-1
29985,-1
29987,-1
29988,-1
29989,-1
29990,-1
29991,-1
29992,-1
29994,-1
29996,-1
29997,-1
29998,-1
29999,-1
30001,-1
30002,-1
30003,3
30004,3
30005,-1
30006,-1
30007,-1
30008,-1
30009,-1
30010,-1
30018,-1
30019,3
30020,-1
30021,-1
30022,-1
30023,-1
30024,3
30025,-1
30027,3
30029,-1
30030,-1
30031,-1
30034,-1
30035,-1
30036,-1
30040,3
30042,-1
30043,-1
30044,-1
30045,-1
30046,-1
30047,3
30049,-1
30053,-1
30054,-1
30055,3
30056,-1
30057,3
30058,-1
30060,3
30062,-1
30063,3
30064,-1
30067,-1
30068,-1
30070,-1
30071,-1
30075,3
30076,-1
30078,-1
30079,3
30082,3
30083,-1
30085,-1
30088,0
30092,3
30093,3
30094,3
30095,3
30096,-1
30097,-1
30098,-1
30100,-1
30101,3
30102,-1
30103,-1
30104,-1
30105,-1
30106,-1
30107,-1
30110,-1
30111,-1
30115,-1
30116,3
30117,-1
30119,-1
30120,-1
30122,3
30123,3
30125,3
30130,-1
30131,-1
30132,3
30133,3
30134,3
30136,3
30137,-1
30139,-1
30141,-1
30142,3
30143,-1
30144,3
30146,-1
30147,-1
30148,-1
30150,3
30151,-1
30152,-1
30153,-1
30154,3
30156,3
30157,-1
30159,-1
30160,3
30161,-1
30162,-1
30163,3
30164,-1
30165,-1
30167,-1
30168,-1
30170,-1
30171,3
30172,-1
30174,-1
30175,-1
30176,1
30178,-1
30179,-1
30182,3
30183,-1
30184,-1
30186,3
30189,2
30190,3
30194,-1
30196,-1
30197,3
30200,3
30201,-1
30202,3
30204,-1
30206,-1
30207,-1
30211,-1
30214,-1
30215,-1
30217,3
30218,3
30219,-1
30222,-1
30223,3
30224,-1
30225,-1
30227,-1
30229,-1
30230,-1
30232,-1
30233,-1
30234,-1
30237,3
30238,-1
30239,3
30240,-1
30244,-1
30245,3
30247,-1
30250,-1
30251,-1
30252,-1
30253,3
30256,-1
30259,2
30260,-1
30263,-1
30265,3
30268,3
30269,-1
30270,-1
30271,-1
30274,3
30275,-1
30277,-1
30278,-1
30279,3
30280,-1
30281,0
30282,-1
30283,-1
30284,3
30285,3
30286,3
30287,3
30289,-1
30290,-1
30291,3
30294,3
30298,-1
30299,3
30304,-1
30306,3
30307,-1
30310,1
30311,3
30314,-1
30315,-1
30316,3
30317,-1
30318,-1
30319,-1
30320,-1
30321,-1
30322,-1
30324,-1
30326,-1
30327,-1
30328,-1
30329,3
30330,-1
30331,-1
30333,-1
30334,3
30335,-1
30336,3
30337,3
30339,3
30340,-1
30344,-1
30345,-1
30346,-1
30348,3
30350,-1
30351,-1
30352,-1
30354,3
30357,-1
30361,3
30363,3
30369,3
30370,-1
30371,-1
30373,-1
30375,2
30376,-1
30377,-1
30378,-1
30379,-1
30380,-1
30381,-1
30383,3
30385,3
30386,-1
30387,-1
30388,-1
30389,-1
30391,-1
30393,3
30395,-1
30397,-1
30400,-1
30401,-1
30402,-1
30403,3
30404,3
30407,-1
30410,3
30411,3
30412,-1
30413,3
30415,-1
30416,3
30419,3
30420,-1
30423,-1
30424,3
30426,-1
30427,-1
30428,3
30429,3
30433,1
30434,-1
30435,3
30436,-1
30437,-1
30438,-1
30439,3
30442,-1
30443,-1
30444,-1
30447,-1
30448,-1
30449,-1
30450,-1
30452,3
30454,-1
30457,-1
30458,-1
30460,-1
30461,-1
30462,-1
30463,-1
30464,-1
30465,-1
30466,-1
30467,3
30469,-1
30470,3
30471,-1
30472,-1
30473,3
30474,-1
30476,3
30478,-1
30479,3
30480,3
30483,-1
30484,-1
30485,3
30487,-1
30488,-1
30489,-1
30490,-1
30491,-1
30492,-1
30493,-1
30494,-1
30496,-1
30497,-1
30502,-1
30503,-1
30506,-1
30508,-1
30509,3
30511,3
30512,-1
30513,-1
30514,3
30516,-1
30517,-1
30519,-1
30522,-1
30524,-1
30525,-1
30526,-1
30527,3
30528,3
30530,-1
30531,-1
30532,-1
30533,-1
30537,3
30538,-1
30539,-1
30540,-1
30541,3
30543,3
30544,3
30545,-1
30546,-1
30547,-1
30549,-1
30550,3
30553,-1
30555,-1
30556,3
30558,3
30560,-1
30561,-1
30564,3
30566,-1
30567,3
30568,-1
30569,3
30570,-1
30571,-1
30572,-1
30573,-1
30576,-1
30577,3
30578,-1
30579,-1
30582,-1
30583,3
30591,-1
30596,-1
30598,3
30599,3
30601,3
30602,-1
30603,-1
30604,-1
30605,-1
30606,-1
30611,-1
30613,3
30615,-1
30618,-1
30620,3
30621,-1
30623,3
30624,-1
30628,-1
30633,3
30634,-1
30636,3
30637,-1
30642,3
30645,3
30646,-1
30649,3
30650,3
30653,3
30654,-1
30655,-1
30658,-1
30659,-1
30660,-1
30661,-1
30662,3
30664,-1
30666,-1
30668,-1
30669,-1
30670,-1
30672,-1
30673,-1
30674,-1
30675,-1
30676,-1
30677,-1
30678,-1
30680,-1
30683,-1
30686,-1
30687,-1
30689,3
30690,3
30692,-1
30695,3
30696,3
30698,-1
30701,-1
30702,-1
30704,-1
30707,-1
30711,-1
30712,-1
30713,-1
30714,-1
30720,-1
30721,-1
30722,-1
30724,-1
30725,3
30726,3
30727,3
30729,-1
30730,3
30731,-1
30732,-1
30734,-1
30736,-1
30738,-1
30740,3
30741,-1
30743,-1
30744,-1
30745,-1
30748,-1
30749,-1
30750,-1
30753,-1
30754,-1
30755,3
30756,-1
30757,-1
30758,-1
30759,3
30760,-1
30761,-1
30763,-1
30765,-1
30769,-1
30770,-1
30773,-1
30775,-1
30777,3
30778,-1
30779,3
30780,-1
30781,-1
30783,3
30784,-1
30785,-1
30786,3
30788,-1
30793,3
30794,3
30795,3
30796,-1
30797,-1
30799,0
30800,-1
30801,-1
30802,-1
30803,-1
30807,-1
30808,3
30809,-1
30810,-1
30811,-1
30812,-1
30813,-1
30814,3
30816,-1
30817,-1
30818,3
30819,-1
30820,-1
30821,-1
30822,-1
30824,-1
30827,-1
30829,-1
30830,3
30831,-1
30832,-1
30833,-1
30834,-1
30835,-1
30838,-1
30839,-1
30841,3
30842,-1
30844,-1
30845,-1
30847,-1
30848,-1
30849,0
30850,1
30851,3
30852,-1
30853,3
30855,3
30856,-1
30858,3
30859,-1
30860,-1
30861,-1
30862,-1
30865,3
30867,-1
30869,3
30870,-1
30873,3
30874,-1
30875,-1
30876,3
30878,-1
30879,3
30880,2
30881,-1
30883,-1
30884,3
30885,3
30887,-1
30888,-1
30889,-1
30891,3
30896,-1
30897,-1
30898,-1
30900,-1
30902,3
30905,-1
30908,-1
30909,-1
30910,3
30911,-1
30912,-1
30913,-1
30914,-1
30915,3
30917,-1
30918,3
30920,3
30921,3
30922,3
30924,3
30925,-1
30927,-1
30930,3
30932,-1
30933,-1
30934,-1
30936,-1
30938,-1
30940,-1
30941,-1
30942,3
30944,-1
30945,-1
30946,-1
30947,-1
30948,-1
30949,3
30950,-1
30951,-1
30952,-1
30954,-1
30956,-1
30958,3
30960,1
30962,-1
30963,3
30965,3
30968,3
30969,3
30970,-1
30971,-1
30973,3
30974,-1
30976,-1
30979,-1
30983,-1
30984,3
30987,-1
30988,-1
30989,-1
30990,3
30991,-1
30993,-1
30995,-1
30997,-1
30998,-1
30999,-1
31001,-1
31002,-1
31003,-1
31004,0
31005,-1
31006,3
31007,-1
31009,1
31010,-1
31011,3
31012,-1
31013,-1
31014,3
31016,3
31017,-1
31018,-1
31019,-1
31020,-1
31021,-1
31022,3
31024,-1
31025,-1
31027,-1
31028,3
31029,-1
31030,-1
31031,3
31032,-1
31033,-1
31034,-1
31035,3
31036,-1
31037,-1
31040,-1
31041,3
31042,-1
31043,-1
31044,-1
31045,-1
31046,-1
31048,-1
31049,3
31050,3
31052,-1
31053,3
31056,-1
31059,3
31060,-1
31061,-1
31063,-1
31064,-1
31066,3
31068,-1
31070,-1
31071,3
31072,3
31073,3
31074,-1
31075,-1
31076,-1
31077,3
31078,-1
31079,3
31080,-1
31081,3
31082,-1
31083,3
31084,-1
31085,-1
31088,-1
31089,3
31090,3
31091,-1
31095,3
31096,3
31097,3
31099,-1
31101,-1
31102,3
31103,3
31104,-1
31105,-1
31106,3
31107,-1
31108,-1
31109,3
31110,-1
31111,-1
31113,-1
31115,-1
31116,-1
31119,-1
31123,-1
31124,-1
31126,3
31127,-1
31128,-1
31130,-1
31132,-1
31133,-1
31134,-1
31136,-1
31137,-1
31138,-1
31142,-1
31143,3
31145,-1
31146,-1
31147,-1
31148,3
31150,-1
31151,-1
31152,-1
31154,3
31155,-1
31157,-1
31160,-1
31162,-1
31163,-1
31164,3
31165,-1
31168,-1
31169,2
31170,3
31171,3
31173,3
31174,3
31175,-1
31176,3
31177,-1
31178,-1
31179,-1
31180,-1
31181,-1
31182,3
31184,-1
31185,-1
31190,3
31192,-1
31193,3
31195,3
31198,-1
31199,-1
31201,-1
31203,-1
31204,-1
31205,-1
31206,-1
31207,-1
31208,-1
31209,3
31210,-1
31211,-1
31213,-1
31214,-1
31215,3
31216,3
31218,3
31219,3
31220,-1
31222,-1
31223,-1
31224,-1
31225,-1
31226,-1
31228,-1
31230,-1
31233,-1
31237,-1
31239,-1
31240,3
31242,-1
31243,-1
31244,-1
31245,-1
31247,-1
31248,-1
31250,-1
31251,-1
31252,-1
31253,-1
31254,-1
31255,3
31258,3
31259,-1
31260,-1
31261,-1
31265,-1
31267,-1
31269,-1
31270,-1
31271,-1
31272,2
31274,-1
31277,-1
31278,-1
31279,3
31280,-1
31281,-1
31283,-1
31287,-1
31288,-1
31289,3
31290,-1
31291,-1
31295,-1
31296,3
31297,-1
31299,-1
31300,-1
31301,3
31302,-1
31303,3
31304,3
31305,3
31307,-1
31308,-1
31309,-1
31311,1
31312,-1
31314,-1
31315,-1
31316,-1
31318,3
31319,3
31320,-1
31322,-1
31323,2
31325,-1
31327,-1
31336,-1
31339,-1
31340,-1
31341,3
31342,-1
31343,-1
31344,-1
31352,3
31354,-1
31357,-1
31358,-1
31360,-1
31362,-1
31363,-1
31366,-1
31367,3
31371,-1
31372,-1
31373,-1
31375,3
31379,3
31380,-1
31381,3
31382,-1
31384,3
31386,3
31387,-1
31388,-1
31390,-1
31393,-1
31394,-1
31395,3
31396,3
31397,-1
31398,3
31400,-1
31401,-1
31402,-1
31403,-1
31404,-1
31405,3
31406,-1
31408,-1
31409,-1
31410,-1
31412,3
31413,-1
31414,-1
31416,-1
31417,3
31418,-1
31422,-1
31423,-1
31424,-1
31426,3
31428,3
31429,3
31430,-1
31432,3
31433,-1
31435,-1
31436,-1
31438,3
31439,-1
31440,-1
31442,-1
31444,3
31445,3
31446,-1
31447,-1
31449,3
31450,3
31452,-1
31455,-1
31456,-1
31458,3
31459,-1
31460,-1
31461,-1
31463,-1
31464,-1
31466,-1
31467,-1
31470,-1
31472,-1
31473,3
31475,-1
31478,-1
31479,-1
31480,-1
31483,-1
31484,3
31485,-1
31487,-1
31489,-1
31490,-1
31491,3
31492,3
31493,3
31494,3
31496,3
31497,-1
31498,-1
31501,-1
31502,-1
31503,3
31504,3
31505,-1
31506,-1
31507,3
31508,-1
31511,-1
31512,3
31514,-1
31517,-1
31518,-1
31519,-1
31520,-1
31522,3
31524,-1
31526,3
31527,-1
31528,-1
31529,-1
31530,-1
31531,-1
31532,-1
31533,-1
31535,-1
31536,-1
31537,-1
31539,-1
31540,-1
31541,-1
31543,3
31544,-1
31545,-1
31547,-1
31548,-1
31549,3
31550,-1
31552,-1
31553,-1
31555,3
31556,-1
31558,3
31559,-1
31563,-1
31564,-1
31565,-1
31566,3
31567,3
31570,-1
31571,3
31572,-1
31576,-1
31577,-1
31578,-1
31579,-1
31580,-1
31582,-1
31584,-1
31585,3
31586,-1
31587,-1
31588,-1
31589,-1
31592,-1
31594,-1
31606,-1
31607,-1
31608,3
31609,3
31610,-1
31611,3
31612,-1
31613,-1
31614,3
31618,-1
31619,-1
31620,3
31621,3
31623,3
31626,-1
31628,3
31629,-1
31630,-1
31631,-1
31632,-1
31633,-1
31634,-1
31635,-1
31637,3
31642,-1
31643,-1
31644,3
31645,-1
31646,-1
31647,-1
31648,3
31651,-1
31652,-1
31653,-1
31656,-1
31657,3
31660,3
31661,3
31662,-1
31664,3
31665,3
31666,-1
31667,-1
31668,3
31669,-1
31671,-1
31673,-1
31675,3
31676,-1
31678,-1
31679,-1
31681,-1
31682,-1
31684,0
31685,3
31689,-1
31694,-1
31696,3
31697,-1
31699,3
31700,-1
31701,-1
31702,-1
31703,-1
31707,3
31709,3
31710,-1
31712,-1
31713,-1
31715,-1
31716,-1
31717,-1
31719,-1
31720,-1
31721,-1
31722,-1
31723,-1
31724,-1
31726,-1
31728,3
31731,-1
31732,-1
31734,-1
31735,-1
31737,-1
31738,-1
31740,-1
31743,3
31745,-1
31746,-1
31747,-1
31748,-1
31749,3
31751,-1
31752,3
31753,3
31755,-1
31758,3
31759,1
31760,2
31762,-1
31764,3
31765,-1
31766,-1
31767,3
31768,3
31769,3
31770,-1
31772,-1
31775,-1
31776,3
31777,-1
31778,-1
31779,3
31780,-1
31783,-1
31784,-1
31787,3
31788,3
31789,3
31790,-1
31791,3
31792,-1
31794,-1
31796,-1
31799,-1
31800,3
31801,-1
31803,-1
31804,-1
31805,3
31806,-1
31808,3
31809,-1
31813,-1
31818,-1
31819,3
31820,-1
31823,-1
31826,-1
31828,-1
31829,-1
31830,-1
31833,-1
31834,-1
31836,-1
31837,3
31840,-1
31841,-1
31842,3
31843,-1
31844,-1
31845,-1
31848,-1
31849,3
31850,3
31854,-1
31856,3
31857,-1
31860,-1
31861,-1
31862,-1
31864,3
31865,3
31868,-1
31869,-1
31871,-1
31872,-1
31875,-1
31876,3
31878,-1
31879,3
31881,3
31885,-1
31886,3
31887,3
31890,-1
31891,3
31892,-1
31893,3
31895,3
31896,-1
31897,3
31898,3
31899,-1
31901,-1
31902,-1
31903,3
31905,-1
31906,3
31908,-1
31911,-1
31914,-1
31916,-1
31917,-1
31918,-1
31920,3
31921,-1
31922,-1
31924,3
31925,-1
31926,-1
31927,-1
31928,-1
31929,-1
31930,-1
31931,-1
31933,-1
31935,-1
31939,-1
31940,-1
31941,-1
31942,-1
31943,-1
31944,3
31947,-1
31948,-1
31952,-1
31953,-1
31955,3
31956,-1
31957,3
31959,-1
31960,-1
31962,-1
31963,-1
31965,-1
31969,-1
31970,-1
31971,-1
31974,-1
31975,-1
31976,-1
31977,3
31978,-1
31979,3
31981,-1
31983,-1
31984,-1
31985,3
31987,-1
31988,-1
31989,3
31990,-1
31992,-1
31993,2
31994,3
31995,3
31996,3
31998,-1
32001,3
32002,-1
32003,-1
32006,-1
32007,-1
32008,-1
32009,-1
32012,-1
32013,3
32014,-1
32015,-1
32019,-1
32020,-1
32021,-1
32023,-1
32024,-1
32025,-1
32028,-1
32029,-1
32030,-1
32032,-1
32034,-1
32037,-1
32042,-1
32043,3
32045,-1
32046,-1
32047,-1
32048,-1
32049,3
32050,-1
32053,1
32054,3
32055,-1
32059,-1
32061,-1
32065,3
32066,-1
32068,-1
32070,-1
32071,3
32074,-1
32075,-1
32076,-1
32079,-1
32081,-1
32082,3
32083,3
32084,-1
32086,-1
32087,3
32088,-1
32090,-1
32091,-1
32092,3
32096,3
32099,3
32101,3
32102,-1
32104,3
32105,-1
32107,3
32111,-1
32112,3
32115,3
32120,-1
32121,3
32123,-1
32126,-1
32129,-1
32133,-1
32134,3
32135,-1
32136,-1
32140,-1
32141,-1
32142,3
32143,-1
32144,-1
32145,-1
32147,-1
32154,3
32155,3
32157,-1
32159,-1
32160,-1
32162,-1
32167,3
32168,3
32171,-1
32173,-1
32174,-1
32175,3
32176,3
32178,-1
32180,3
32183,-1
32184,-1
32185,3
32186,3
32187,-1
32188,-1
32189,3
32190,-1
32191,-1
32193,-1
32194,-1
32195,-1
32196,-1
32197,-1
32198,-1
32199,3
32202,-1
32203,-1
32204,3
32205,3
32206,-1
32209,-1
32211,3
32213,-1
32214,-1
32215,-1
32217,-1
32218,-1
32219,-1
32221,-1
32222,-1
32223,3
32224,3
32225,-1
32227,-1
32228,-1
32230,-1
32231,-1
32232,-1
32233,-1
32234,-1
32235,-1
32240,3
32241,-1
32242,3
32245,3
32247,-1
32249,-1
32250,3
32252,3
32253,-1
32255,-1
32256,-1
32257,-1
32259,-1
32260,-1
32264,3
32268,-1
32271,3
32272,-1
32273,-1
32274,3
32275,-1
32276,3
32277,-1
32281,-1
32282,-1
32283,3
32284,-1
32285,3
32287,-1
32288,-1
32289,-1
32290,3
32292,-1
32294,3
32295,-1
32296,3
32297,-1
32298,3
32300,3
32302,-1
32303,-1
32305,3
32306,3
32308,3
32309,-1
32312,-1
32313,-1
32314,-1
32316,3
32319,3
32320,-1
32321,3
32322,3
32324,-1
32328,3
32330,3
32333,-1
32335,-1
32337,3
32340,3
32342,3
32344,-1
32345,-1
32346,-1
32347,-1
32348,3
32350,-1
32353,1
32356,-1
32357,3
32358,3
32359,-1
32360,-1
32361,-1
32362,-1
32365,3
32367,-1
32369,-1
32370,-1
32371,3
32372,-1
32373,-1
32374,-1
32375,-1
32379,-1
32380,-1
32381,3
32383,-1
32384,-1
32385,3
32386,-1
32388,-1
32389,-1
32391,-1
32394,-1
32395,3
32397,-1
32398,-1
32399,-1
32401,-1
32406,-1
32408,-1
32410,3
32411,3
32414,-1
32415,-1
32416,-1
32417,-1
32420,3
32422,3
32423,-1
32424,-1
32426,-1
32427,-1
32430,-1
32432,-1
32433,3
32435,-1
32438,3
32439,-1
32440,-1
32441,-1
32442,3
32444,-1
32445,-1
32446,-1
32448,3
32451,-1
32452,3
32453,-1
32454,-1
32456,-1
32457,-1
32459,3
32460,-1
32462,3
32463,-1
32464,-1
32467,-1
32469,-1
32470,-1
32472,-1
32473,-1
32474,3
32475,-1
32477,-1
32479,3
32480,-1
32482,-1
32483,-1
32484,-1
32485,1
32487,-1
32488,3
32490,-1
32491,-1
32492,-1
32493,-1
32495,3
32496,-1
32497,-1
32500,3
32501,-1
32502,-1
32503,-1
32504,-1
32506,-1
32508,-1
32510,-1
32511,-1
32513,-1
32518,-1
32519,3
32520,-1
32521,-1
32522,-1
32523,-1
32524,3
32525,3
32526,-1
32529,-1
32530,3
32531,-1
32532,-1
32533,-1
32534,-1
32535,3
32536,3
32538,3
32539,3
32540,-1
32541,-1
32543,-1
32544,-1
32545,3
32546,-1
32548,3
32550,-1
32552,-1
32553,3
32554,-1
32556,-1
32563,3
32564,-1
32566,-1
32567,-1
32568,-1
32569,-1
32570,-1
32572,-1
32574,-1
32575,3
32578,-1
32579,-1
32580,3
32583,-1
32585,-1
32586,3
32591,-1
32592,-1
32593,-1
32599,-1
32603,3
32604,-1
32605,-1
32606,-1
32608,-1
32609,-1
32610,-1
32611,-1
32613,-1
32618,-1
32619,-1
32620,-1
32621,-1
32622,3
32623,-1
32624,3
32625,-1
32626,3
32627,3
32630,-1
32631,-1
32632,-1
32633,3
32634,-1
32636,-1
32637,3
32638,3
32640,-1
32643,3
32644,3
32645,-1
32646,-1
32647,3
32648,-1
32650,-1
32651,-1
32652,3
32653,-1
32654,-1
32655,-1
32656,3
32657,3
32659,-1
32661,3
32662,-1
32663,3
32664,-1
32665,-1
32666,-1
32667,-1
32668,-1
32669,3
32670,-1
32672,3
32673,-1
32677,3
32683,-1
32684,-1
32685,3
32686,-1
32688,-1
32689,3
32690,-1
32691,-1
32693,3
32695,-1
32696,-1
32697,0
32698,-1
32699,3
32700,-1
32701,-1
32704,-1
32706,-1
32707,-1
32708,-1
32709,-1
32710,3
32711,-1
32713,-1
32714,-1
32715,-1
32719,3
32721,3
32723,-1
32725,-1
32728,-1
32729,3
32732,-1
32734,-1
32735,-1
32736,3
32737,-1
32738,-1
32740,-1
32741,-1
32742,-1
32745,2
32749,-1
32751,-1
32753,-1
32754,-1
32756,-1
32757,-1
32760,-1
32761,-1
32762,-1
32763,3
32764,-1
32768,-1
32769,3
32770,1
32771,-1
32773,-1
32774,-1
32777,-1
32782,-1
32783,-1
32784,-1
32785,-1
32786,-1
32791,3
32792,-1
32793,-1
32794,3
32795,3
32798,-1
32799,-1
32801,3
32802,-1
32803,-1
32804,3
32806,-1
32807,-1
32808,3
32809,3
32810,-1
32811,3
32813,-1
32817,-1
32818,-1
32819,-1
32821,-1
32823,-1
32824,-1
32826,-1
32827,2
32828,3
32831,3
32833,-1
32834,-1
32835,-1
32836,-1
32837,-1
32839,-1
32840,-1
32843,3
32845,3
32846,-1
32847,-1
32848,3
32849,-1
32851,-1
32855,3
32858,-1
32859,-1
32861,3
32863,-1
32864,3
32865,-1
32867,-1
32868,-1
32870,3
32872,3
32873,-1
32874,-1
32875,-1
32876,-1
32877,3
32881,-1
32882,3
32883,-1
32884,-1
32885,3
32886,3
32887,-1
32889,3
32890,3
32893,3
32894,3
32895,3
32896,-1
32897,-1
32898,-1
32899,3
32901,-1
32902,-1
32903,-1
32907,-1
32908,-1
32909,-1
32910,3
32911,-1
32912,3
32915,3
32916,3
32917,-1
32918,-1
32919,3
32920,3
32922,-1
32923,3
32925,-1
32929,-1
32932,3
32933,3
32934,-1
32936,-1
32937,3
32940,-1
32942,-1
32943,3
32946,-1
32947,3
32948,-1
32949,-1
32951,-1
32952,3
32953,-1
32955,-1
32957,-1
32958,-1
32959,-1
32960,-1
32962,-1
32963,-1
32970,3
32972,-1
32973,-1
32974,-1
32975,-1
32977,-1
32979,0
32981,3
32982,-1
32983,-1
32986,3
32987,-1
32988,3
32990,-1
32991,-1
32992,-1
32993,-1
32995,-1
32996,3
33001,3
33003,3
33004,-1
33005,-1
33007,0
33009,-1
33010,-1
33012,-1
33013,-1
33014,-1
33015,-1
33018,-1
33019,3
33021,-1
33022,3
33023,-1
33024,-1
33026,-1
33028,-1
33029,-1
33030,3
33031,3
33033,3
33034,-1
33035,3
33036,3
33038,-1
33039,-1
33042,-1
33043,-1
33044,-1
33046,3
33047,3
33048,3
33049,-1
33050,3
33051,-1
33054,-1
33057,-1
33058,-1
33059,3
33060,-1
33061,-1
33063,-1
33064,-1
33065,3
33067,-1
33069,3
33072,-1
33073,-1
33075,-1
33077,-1
33078,-1
33080,3
33081,-1
33082,3
33083,-1
33084,-1
33087,-1
33088,3
33089,-1
33091,-1
33092,-1
33093,3
33094,-1
33097,-1
33098,3
33099,-1
33100,-1
33101,3
33103,1
33104,-1
33105,3
33107,-1
33108,3
33109,3
33110,-1
33111,-1
33112,-1
33114,-1
33115,3
33116,-1
33117,-1
33118,3
33119,3
33123,-1
33128,-1
33129,-1
33130,-1
33131,3
33132,-1
33134,-1
33135,-1
33136,-1
33137,-1
33138,-1
33139,-1
33140,-1
33141,3
33142,3
33144,-1
33146,-1
33147,-1
33149,-1
33150,-1
33151,3
33154,3
33159,-1
33160,-1
33163,-1
33164,-1
33165,-1
33166,-1
33168,-1
33169,-1
33170,-1
33171,-1
33174,3
33176,-1
33178,-1
33179,3
33180,-1
33181,-1
33183,-1
33184,3
33185,-1
33186,-1
33188,-1
33189,-1
33190,-1
33192,-1
33193,3
33194,-1
33195,3
33196,3
33201,-1
33202,3
33203,-1
33204,3
33205,-1
33207,-1
33208,1
33209,-1
33210,-1
33212,-1
33213,-1
33214,-1
33215,3
33217,-1
33218,3
33219,3
33221,3
33222,-1
33224,3
33226,3
33228,-1
33229,-1
33230,-1
33231,-1
33232,3
33233,3
33234,-1
33235,-1
33238,3
33241,3
33242,3
33243,3
33245,3
33246,3
33247,-1
33249,3
33255,-1
33256,-1
33257,2
33259,-1
33261,3
33264,-1
33265,3
33266,-1
33267,-1
33268,3
33270,3
33271,3
33272,3
33273,-1
33274,-1
33276,3
33277,-1
33279,-1
33280,-1
33281,1
33282,-1
33283,-1
33284,-1
33285,3
33286,-1
33288,3
33289,0
33290,-1
33291,-1
33294,3
33296,-1
33298,3
33299,-1
33300,-1
33302,-1
33303,3
33306,3
33307,3
33308,-1
33310,-1
33311,-1
33314,3
33315,3
33317,3
33318,-1
33321,3
33322,-1
33323,-1
33324,3
33325,3
33327,-1
33328,-1
33330,-1
33331,-1
33332,-1
33333,-1
33334,3
33336,3
33337,3
33338,3
33339,-1
33340,-1
33341,3
33342,3
33343,3
33344,-1
33345,-1
33346,3
33347,3
33348,-1
33349,3
33350,-1
33351,-1
33354,-1
33357,-1
33358,3
33359,3
33360,-1
33364,-1
33366,-1
33367,-1
33369,-1
33370,-1
33373,3
33374,3
33376,-1
33377,-1
33378,1
33381,-1
33382,3
33385,3
33386,-1
33388,-1
33391,-1
33393,-1
33396,-1
33397,-1
33402,3
33403,-1
33407,-1
33408,-1
33409,0
33412,-1
33413,-1
33414,-1
33417,-1
33421,-1
33422,-1
33423,3
33425,-1
33426,-1
33427,-1
33428,-1
33429,3
33430,3
33431,-1
33433,3
33434,-1
33435,-1
33436,-1
33437,-1
33444,-1
33445,3
33446,3
33447,3
33448,3
33449,-1
33450,-1
33451,-1
33453,3
33454,-1
33455,-1
33457,-1
33458,-1
33462,-1
33463,3
33464,3
33467,3
33469,3
33470,-1
33471,-1
33472,-1
33474,3
33475,-1
33477,3
33479,-1
33480,3
33482,3
33483,-1
33484,-1
33485,-1
33487,3
33488,-1
33489,-1
33490,-1
33492,-1
33493,3
33494,-1
33496,-1
33497,-1
33498,-1
33500,-1
33503,-1
33504,3
33505,3
33507,3
33509,-1
33510,-1
33511,-1
33513,-1
33516,3
33517,-1
33518,-1
33519,3
33520,-1
33521,3
33524,-1
33527,-1
33528,-1
33529,-1
33530,3
33531,-1
33533,3
33535,-1
33536,-1
33537,3
33538,-1
33539,3
33540,3
33542,-1
33544,-1
33545,3
33546,3
33547,-1
33549,-1
33550,-1
33551,3
33552,-1
33554,3
33555,3
33557,3
33560,1
33561,3
33562,-1
33563,-1
33564,-1
33565,3
33567,-1
33569,-1
33571,-1
33573,-1
33574,-1
33575,-1
33576,3
33577,-1
33578,-1
33579,-1
33581,3
33582,-1
33583,3
33584,-1
33585,3
33592,-1
33593,3
33594,3
33595,-1
33600,-1
33601,-1
33602,3
33603,3
33606,3
33607,-1
33608,-1
33609,3
33610,-1
33611,-1
33612,-1
33614,3
33615,3
33616,-1
33621,-1
33626,-1
33627,3
33628,-1
33630,-1
33631,-1
33633,-1
33634,1
33636,-1
33637,-1
33638,3
33639,3
33640,3
33642,-1
33643,-1
33644,-1
33645,3
33646,-1
33648,-1
33649,-1
33650,-1
33651,-1
33652,3
33653,-1
33654,-1
33655,-1
33656,-1
33658,-1
33659,-1
33660,-1
33662,3
33663,-1
33664,-1
33665,3
33668,-1
33671,-1
33672,-1
33673,3
33674,3
33676,-1
33678,-1
33679,-1
33682,3
33683,-1
33684,-1
33685,-1
33688,-1
33689,3
33690,-1
33691,3
33692,3
33694,-1
33695,-1
33696,-1
33698,-1
33700,-1
33701,-1
33702,-1
33703,-1
33704,3
33705,-1
33706,-1
33708,-1
33709,-1
33710,-1
33712,3
33713,-1
33714,-1
33716,-1
33717,-1
33718,-1
33719,3
33720,-1
33721,-1
33722,-1
33723,-1
33724,3
33726,-1
33729,-1
33730,-1
33731,-1
33733,-1
33736,-1
33737,-1
33738,3
33739,-1
33740,3
33741,-1
33743,3
33744,3
33745,-1
33749,-1
33752,-1
33753,-1
33754,3
33755,3
33756,-1
33758,-1
33760,-1
33762,3
33763,-1
33764,-1
33768,-1
33770,-1
33771,-1
33773,-1
33774,3
33775,3
33776,-1
33778,3
33779,3
33780,-1
33784,-1
33786,-1
33789,-1
33791,-1
33792,-1
33794,-1
33795,3
33796,-1
33798,-1
33800,3
33801,-1
33802,-1
33805,-1
33806,-1
33808,3
33809,-1
33810,3
33811,-1
33812,-1
33813,-1
33814,-1
33815,3
33817,-1
33821,-1
33823,3
33825,3
33826,3
33827,-1
33828,-1
33833,-1
33834,1
33837,-1
33838,3
33839,3
33840,-1
33841,-1
33844,-1
33845,3
33846,-1
33848,-1
33849,-1
33850,-1
33851,3
33852,-1
33854,-1
33860,-1
33861,-1
33862,-1
33864,-1
33865,-1
33866,-1
33868,-1
33869,-1
33880,-1
33886,-1
33887,-1
33890,3
33891,-1
33894,-1
33895,-1
33896,-1
33897,-1
33898,3
33899,-1
33903,0
33904,3
33907,-1
33908,-1
33911,3
33912,-1
33914,-1
33915,3
33916,-1
33918,-1
33922,1
33923,3
33925,3
33927,-1
33928,3
33929,-1
33932,-1
33933,3
33934,-1
33936,-1
33937,-1
33938,-1
33939,3
33940,-1
33941,3
33942,-1
33943,-1
33944,-1
33945,-1
33946,3
33947,-1
33948,3
33949,3
33950,-1
33952,-1
33953,-1
33954,-1
33955,-1
33956,-1
33957,-1
33958,3
33959,-1
33960,-1
33961,3
33962,-1
33963,-1
33964,-1
33966,3
33967,-1
33968,3
33969,3
33970,3
33972,-1
33974,-1
33975,-1
33976,-1
33977,3
33979,-1
33981,-1
33982,-1
33983,-1
33984,-1
33986,3
33990,-1
33991,3
33992,-1
33993,-1
33997,-1
33998,-1
33999,-1
34000,-1
34001,3
34002,-1
34004,-1
34005,-1
34008,3
34009,3
34012,-1
34013,-1
34017,3
34020,-1
34021,3
34023,3
34029,-1
34031,-1
34032,-1
34033,3
34034,-1
34035,-1
34036,-1
34039,-1
34041,3
34043,-1
34045,3
34047,-1
34048,-1
34049,3
34050,3
34051,3
34052,-1
34053,3
34054,-1
34056,-1
34057,3
34060,-1
34061,-1
34062,3
34063,-1
34064,-1
34066,3
34068,-1
34070,-1
34071,-1
34073,3
34074,-1
34076,3
34078,-1
34081,3
34084,3
34085,3
34086,3
34088,-1
34089,-1
34090,-1
34091,-1
34093,-1
34095,-1
34096,3
34098,-1
34099,-1
34100,-1
34102,-1
34105,3
34106,-1
34111,-1
34113,3
34115,-1
34117,-1
34118,-1
34119,3
34121,-1
34122,3
34123,-1
34124,-1
34128,3
34129,3
34130,-1
34131,-1
34132,-1
34133,2
34135,3
34136,3
34137,-1
34142,3
34143,3
34144,-1
34146,-1
34147,-1
34148,-1
34150,3
34151,-1
34152,-1
34153,3
34154,3
34156,3
34157,-1
34159,2
34160,-1
34161,-1
34162,-1
34163,-1
34164,-1
34165,-1
34168,-1
34170,-1
34172,3
34173,3
34177,-1
34179,3
34182,3
34184,-1
34185,-1
34186,-1
34187,-1
34188,-1
34191,3
34194,3
34196,3
34198,-1
34200,-1
34201,-1
34205,-1
34206,-1
34207,-1
34210,-1
34213,-1
34214,3
34216,-1
34220,-1
34222,-1
34224,-1
34225,-1
34227,-1
34229,-1
34230,3
34231,-1
34233,-1
34236,-1
34239,-1
34240,-1
34241,-1
34242,-1
34243,3
34244,-1
34246,3
34247,-1
34248,3
34249,-1
34250,-1
34256,-1
34257,-1
34258,-1
34259,3
34260,3
34261,-1
34263,-1
34264,-1
34265,3
34266,-1
34267,3
34268,-1
34269,-1
34272,-1
34274,-1
34275,3
34276,3
34277,-1
34279,-1
34280,-1
34282,-1
34283,-1
34285,3
34286,-1
34287,-1
34289,-1
34290,3
34291,3
34292,-1
34293,-1
34295,-1
34296,3
34297,3
34298,-1
34299,-1
34300,-1
34301,-1
34303,3
34305,-1
34306,3
34307,-1
34308,-1
34310,-1
34311,-1
34312,-1
34313,-1
34314,3
34316,-1
34317,3
34318,3
34319,3
34320,-1
34324,-1
34325,3
34326,-1
34327,3
34331,-1
34333,-1
34335,-1
34336,-1
34337,-1
34338,3
34339,-1
34340,-1
34341,-1
34343,-1
34345,-1
34346,-1
34348,-1
34351,-1
34352,-1
34354,3
34355,-1
34357,-1
34358,-1
34360,-1
34361,-1
34362,-1
34363,-1
34364,-1
34365,-1
34366,3
34367,-1
34368,-1
34369,3
34371,0
34373,-1
34374,-1
34375,-1
34376,-1
34377,-1
34378,-1
34379,3
34380,3
34381,-1
34383,-1
34385,-1
34386,-1
34389,-1
34391,-1
34392,3
34393,-1
34394,-1
34396,-1
34397,-1
34398,3
34399,-1
34403,3
34404,-1
34409,-1
34410,-1
34411,-1
34412,-1
34413,-1
34414,-1
34415,3
34417,-1
34419,-1
34423,-1
34424,-1
34425,3
34426,-1
34427,3
34429,-1
34430,-1
34431,3
34432,-1
34433,3
34434,3
34435,-1
34437,3
34438,-1
34439,3
34441,-1
34447,-1
34448,-1
34449,-1
34451,-1
34454,-1
34455,-1
34456,3
34460,-1
34461,-1
34464,-1
34465,-1
34466,-1
34467,-1
34470,3
34471,3
34472,-1
34473,3
34474,3
34475,-1
34477,-1
34480,3
34482,3
34483,-1
34484,-1
34486,-1
34487,-1
34491,-1
34492,-1
34493,-1
34494,-1
34496,3
34497,3
34499,-1
34501,-1
34502,3
34503,-1
34505,-1
34507,-1
34511,-1
34512,3
34516,-1
34517,-1
34520,-1
34523,-1
34524,-1
34525,-1
34526,-1
34527,-1
34528,-1
34531,0
34532,-1
34533,3
34536,-1
34538,3
34539,-1
34540,-1
34542,-1
34544,-1
34545,-1
34546,1
34547,-1
34548,-1
34549,-1
34550,3
34551,-1
34553,-1
34554,-1
34555,-1
34556,3
34559,-1
34563,-1
34564,-1
34565,-1
34567,3
34568,-1
34571,-1
34572,-1
34573,-1
34574,3
34576,3
34578,-1
34580,3
34581,-1
34583,-1
34584,-1
34585,-1
34586,-1
34587,-1
34588,-1
34589,-1
34590,-1
34592,-1
34593,3
34594,-1
34595,-1
34598,-1
34599,3
34602,-1
34603,3
34604,-1
34605,-1
34607,-1
34608,-1
34609,-1
34610,-1
34613,-1
34616,-1
34617,3
34621,3
34622,-1
34624,-1
34625,-1
34626,-1
34628,-1
34629,-1
34630,-1
34637,-1
34639,-1
34644,-1
34645,3
34646,-1
34647,-1
34648,-1
34649,3
34651,3
34652,3
34654,3
34655,-1
34656,-1
34658,-1
34659,-1
34661,-1
34663,-1
34664,-1
34667,-1
34669,-1
34670,3
34671,-1
34672,3
34674,3
34675,-1
34676,-1
34677,-1
34678,-1
34680,-1
34681,-1
34682,-1
34683,3
34684,-1
34687,-1
34693,-1
34694,3
34695,-1
34696,3
34697,-1
34699,-1
34700,-1
34701,3
34704,-1
34708,3
34710,-1
34714,-1
34716,-1
34717,-1
34718,-1
34719,3
34720,-1
34721,3
34722,-1
34725,-1
34730,-1
34731,3
34733,-1
34736,-1
34737,-1
34738,0
34739,-1
34740,-1
34741,-1
34743,-1
34744,3
34745,-1
34746,-1
34747,-1
34749,3
34750,-1
34751,-1
34753,3
34755,-1
34756,-1
34757,-1
34758,3
34759,3
34760,-1
34761,-1
34762,-1
34764,-1
34765,3
34768,-1
34769,-1
34770,-1
34773,3
34774,3
34776,3
34777,3
34779,-1
34782,3
34783,-1
34785,3
34786,-1
34790,-1
34792,-1
34794,-1
34795,3
34796,-1
34797,-1
34798,0
34801,-1
34802,3
34803,3
34804,3
34806,-1
34807,-1
34808,-1
34809,-1
34810,3
34812,2
34813,3
34814,1
34815,-1
34817,-1
34818,-1
34819,3
34820,-1
34821,3
34822,3
34823,3
34824,-1
34825,3
34827,3
34828,3
34830,-1
34831,-1
34832,-1
34835,-1
34836,-1
34837,3
34838,-1
34839,-1
34841,3
34842,3
34843,-1
34844,-1
34845,-1
34846,3
34847,-1
34848,-1
34849,-1
34850,-1
34852,-1
34853,3
34854,3
34855,-1
34856,3
34857,-1
34858,3
34859,-1
34860,-1
34861,-1
34863,-1
34865,-1
34866,-1
34867,3
34868,-1
34869,3
34871,-1
34872,3
34875,-1
34878,-1
34879,-1
34880,-1
34881,-1
34882,3
34883,-1
34884,-1
34885,-1
34887,-1
34888,3
34889,-1
34890,3
34891,3
34892,3
34893,-1
34894,-1
34895,3
34896,3
34897,-1
34899,-1
34900,3
34902,-1
34903,-1
34904,-1
34906,-1
34909,3
34910,-1
34911,3
34912,-1
34913,-1
34916,-1
34918,-1
34921,3
34922,3
34924,-1
34925,3
34926,-1
34928,-1
34930,3
34934,-1
34935,-1
34936,-1
34939,-1
34940,-1
34942,-1
34944,3
34946,3
34947,-1
34949,-1
34950,-1
34951,-1
34952,-1
34953,-1
34956,-1
34957,-1
34960,-1
34961,3
34964,3
34966,3
34968,3
34969,-1
34971,3
34972,-1
34973,-1
34974,3
34975,-1
34976,-1
34977,-1
34979,-1
34981,-1
34984,-1
34985,3
34986,-1
34990,3
34991,-1
34994,-1
34995,3
34996,-1
34997,-1
34998,-1
35000,3
35001,-1
35002,-1
35003,-1
35004,3
35006,-1
35007,-1
35011,-1
35013,3
35016,-1
35017,-1
35018,-1
35019,-1
35020,3
35023,3
35026,-1
35028,3
35029,-1
35030,-1
35031,3
35032,-1
35033,3
35034,-1
35035,3
35037,-1
35038,-1
35039,-1
35040,3
35043,3
35045,-1
35046,3
35047,3
35048,-1
35049,-1
35050,3
35051,-1
35052,3
35053,3
35055,3
35056,3
35057,3
35059,3
35060,3
35061,3
35062,3
35063,-1
35064,-1
35065,-1
35066,3
35067,-1
35068,-1
35070,-1
35072,-1
35074,3
35077,3
35078,3
35080,-1
35081,-1
35083,3
35084,-1
35085,-1
35086,-1
35087,-1
35088,-1
35089,-1
35091,-1
35093,-1
35095,-1
35096,3
35097,-1
35098,-1
35100,3
35102,-1
35103,3
35105,-1
35107,-1
35108,-1
35109,-1
35111,-1
35112,3
35113,-1
35114,-1
35117,3
35118,-1
35119,2
35121,-1
35122,3
35123,-1
35126,-1
35128,-1
35131,-1
35133,-1
35135,3
35136,-1
35137,-1
35138,-1
35139,-1
35140,3
35145,3
35146,-1
35147,-1
35148,-1
35149,-1
35150,-1
35151,-1
35152,-1
35155,-1
35156,3
35157,-1
35158,-1
35163,-1
35164,3
35165,3
35166,-1
35167,3
35169,-1
35171,-1
35172,-1
35173,-1
35176,-1
35181,3
35184,-1
35185,3
35186,-1
35188,-1
35189,-1
35191,-1
35194,3
35195,-1
35196,-1
35198,-1
35199,-1
35200,3
35201,-1
35205,-1
35206,3
35207,-1
35209,-1
35210,-1
35212,-1
35213,-1
35214,-1
35215,-1
35217,-1
35221,3
35223,-1
35227,-1
35229,3
35230,-1
35232,-1
35233,-1
35234,3
35235,-1
35236,3
35239,3
35240,-1
35243,-1
35246,-1
35247,3
35248,-1
35249,3
35250,-1
35252,3
35253,-1
35254,-1
35256,-1
35257,-1
35260,3
35261,-1
35262,-1
35263,-1
35264,-1
35265,-1
35267,-1
35269,-1
35270,-1
35272,-1
35273,3
35274,-1
35277,3
35278,3
35280,-1
35283,-1
35284,-1
35286,-1
35287,3
35288,-1
35289,-1
35291,-1
35292,-1
35293,-1
35294,3
35297,3
35300,3
35301,-1
35302,3
35304,-1
35306,-1
35308,-1
35311,-1
35313,-1
35314,-1
35316,-1
35318,3
35320,-1
35321,3
35322,3
35326,3
35327,3
35328,-1
35329,-1
35330,3
35332,-1
35333,3
35334,-1
35335,3
35336,-1
35339,3
35340,3
35341,-1
35343,-1
35344,-1
35348,3
35349,-1
35350,-1
35353,-1
35354,-1
35355,-1
35356,-1
35357,3
35358,-1
35360,-1
35361,3
35362,-1
35364,-1
35365,-1
35368,-1
35370,3
35371,3
35374,-1
35377,-1
35379,-1
35380,3
35382,3
35383,-1
35389,-1
35390,-1
35392,-1
35393,3
35394,-1
35395,-1
35396,3
35397,3
35398,3
35399,3
35400,3
35401,-1
35403,-1
35404,-1
35405,3
35406,-1
35408,-1
35409,3
35410,-1
35412,3
35419,-1
35421,-1
35423,3
35426,3
35429,-1
35430,3
35434,-1
35435,-1
35438,-1
35439,-1
35440,-1
35441,3
35443,-1
35445,-1
35447,-1
35448,3
35449,-1
35451,-1
35453,-1
35454,-1
35455,-1
35456,3
35457,3
35459,-1
35462,1
35463,3
35465,-1
35466,-1
35467,-1
35469,3
35470,-1
35471,-1
35472,-1
35473,3
35474,-1
35475,-1
35481,-1
35484,-1
35486,-1
35487,-1
35488,-1
35490,3
35491,3
35492,-1
35496,3
35498,3
35499,-1
35500,-1
35501,3
35503,3
35506,-1
35510,-1
35511,-1
35512,-1
35513,3
35514,-1
35515,3
35516,-1
35517,-1
35518,3
35520,2
35523,-1
35524,3
35527,-1
35532,3
35535,-1
35537,-1
35538,3
35539,-1
35541,-1
35543,1
35544,-1
35548,3
35549,-1
35550,2
35553,3
35555,-1
35557,-1
35558,-1
35562,-1
35563,3
35564,-1
35565,-1
35566,-1
35567,3
35568,-1
35569,3
35570,-1
35571,3
35572,3
35573,-1
35574,3
35575,-1
35576,3
35579,-1
35580,3
35581,3
35582,-1
35584,-1
35586,-1
35588,-1
35589,-1
35590,-1
35591,-1
35592,-1
35593,-1
35594,-1
35595,-1
35596,-1
35598,3
35599,-1
35601,-1
35602,-1
35604,-1
35605,-1
35606,3
35607,3
35608,-1
35609,3
35611,-1
35612,-1
35613,-1
35614,3
35615,-1
35616,3
35619,3
35620,-1
35624,-1
35625,3
35628,-1
35629,-1
35632,-1
35633,-1
35634,3
35635,-1
35636,-1
35637,3
35639,3
35640,-1
35641,3
35643,3
35645,3
35646,-1
35647,-1
35648,-1
35649,-1
35650,3
35652,-1
35653,3
35654,-1
35655,3
35656,-1
35657,3
35658,3
35659,-1
35660,-1
35663,-1
35664,-1
35666,3
35668,-1
35669,3
35670,3
35672,-1
35673,-1
35674,-1
35675,-1
35676,-1
35678,3
35679,-1
35680,3
35681,-1
35683,-1
35684,-1
35685,-1
35686,-1
35687,-1
35688,-1
35689,-1
35693,3
35696,3
35698,-1
35699,1
35700,-1
35701,-1
35702,-1
35703,-1
35704,-1
35705,-1
35709,-1
35710,-1
35712,-1
35716,-1
35717,3
35719,-1
35720,-1
35722,-1
35723,-1
35726,-1
35729,3
35731,-1
35732,-1
35736,3
35739,3
35740,3
35741,-1
35742,-1
35744,-1
35745,-1
35749,3
35750,3
35753,-1
35755,-1
35756,-1
35757,-1
35758,3
35760,-1
35761,3
35763,-1
35764,3
35765,-1
35766,3
35768,-1
35769,-1
35771,-1
35772,-1
35773,3
35774,-1
35775,-1
35776,-1
35777,-1
35778,-1
35780,3
35781,-1
35783,-1
35784,-1
35785,-1
35786,3
35787,3
35788,-1
35790,-1
35791,-1
35793,-1
35794,-1
35796,-1
35798,-1
35799,-1
35800,3
35803,3
35805,-1
35806,-1
35807,3
35808,-1
35810,-1
35811,3
35812,3
35813,3
35815,-1
35816,-1
35818,-1
35821,-1
35823,3
35824,3
35826,3
35827,-1
35828,-1
35830,-1
35831,-1
35832,-1
35833,-1
35835,3
35837,-1
35838,-1
35839,-1
35840,-1
35841,-1
35842,-1
35845,3
35846,-1
35847,-1
35848,-1
35849,-1
35851,-1
35852,-1
35853,-1
35854,3
35855,-1
35857,3
35858,-1
35860,-1
35862,-1
35863,-1
35864,3
35866,-1
35867,-1
35868,-1
35869,-1
35870,-1
35871,-1
35872,-1
35873,-1
35875,-1
35877,-1
35878,-1
35880,-1
35881,-1
35882,-1
35884,-1
35885,-1
35886,-1
35887,-1
35889,-1
35890,-1
35892,3
35893,-1
35895,-1
35898,-1
35901,-1
35904,-1
35905,-1
35906,-1
35909,-1
35911,-1
35912,3
35913,-1
35914,-1
35915,-1
35916,-1
35917,0
35918,-1
35919,3
35922,3
35923,-1
35924,3
35925,3
35926,-1
35927,3
35928,-1
35929,-1
35930,3
35932,-1
35933,-1
35936,3
35937,-1
35939,-1
35940,-1
35943,-1
35944,3
35945,3
35948,-1
35949,-1
35951,-1
35952,-1
35955,-1
35958,-1
35959,-1
35960,-1
35961,-1
35962,3
35963,-1
35964,-1
35965,-1
35966,3
35967,-1
35968,-1
35970,-1
35972,-1
35975,-1
35976,-1
35977,-1
35978,-1
35980,3
35984,-1
35985,-1
35986,3
35987,3
35989,3
35990,3
35993,-1
35994,3
35998,-1
35999,-1
36002,-1
36003,-1
36006,3
36009,-1
36010,-1
36011,-1
36012,-1
36013,-1
36016,3
36017,-1
36018,3
36019,3
36020,3
36022,-1
36023,-1
36024,3
36030,3
36031,3
36032,2
36033,-1
36035,-1
36036,-1
36037,3
36038,3
36041,-1
36042,-1
36046,3
36047,-1
36051,-1
36052,-1
36053,-1
36055,3
36057,-1
36059,3
36060,3
36061,3
36062,-1
36065,-1
36068,3
36072,0
36073,-1
36079,-1
36080,-1
36082,-1
36083,-1
36085,3
36087,-1
36088,3
36091,-1
36092,-1
36095,-1
36096,-1
36097,3
36098,-1
36099,-1
36100,-1
36101,-1
36102,-1
36103,-1
36104,3
36105,-1
36106,-1
36108,-1
36109,3
36112,-1
36113,3
36116,-1
36117,3
36118,-1
36120,-1
36121,-1
36122,3
36123,-1
36124,-1
36125,-1
36126,-1
36130,3
36131,3
36132,3
36134,-1
36137,-1
36139,-1
36143,-1
36145,-1
36146,-1
36150,-1
36151,-1
36152,3
36153,-1
36154,-1
36155,3
36156,-1
36157,-1
36158,3
36159,3
36163,-1
36164,-1
36166,3
36167,3
36169,-1
36173,-1
36174,3
36175,3
36177,-1
36181,-1
36182,-1
36183,-1
36185,3
36186,-1
36187,-1
36188,-1
36190,-1
36192,-1
36195,3
36199,3
36200,3
36202,3
36203,-1
36205,3
36208,-1
36210,-1
36211,-1
36213,-1
36215,-1
36220,-1
36221,3
36222,3
36226,3
36227,-1
36228,3
36229,-1
36231,-1
36233,-1
36234,-1
36235,-1
36238,-1
36239,-1
36242,3
36243,3
36244,-1
36246,-1
36247,-1
36249,-1
36252,-1
36253,-1
36254,-1
36255,-1
36257,3
36258,3
36259,-1
36260,-1
36262,-1
36264,-1
36265,-1
36266,-1
36267,-1
36268,3
36270,-1
36271,3
36274,-1
36275,-1
36276,-1
36277,-1
36279,-1
36280,3
36281,-1
36283,-1
36284,-1
36285,3
36286,-1
36287,-1
36288,-1
36290,3
36291,-1
36293,-1
36294,-1
36296,-1
36299,-1
36300,-1
36301,-1
36303,-1
36304,3
36305,-1
36306,-1
36307,-1
36308,3
36309,-1
36310,-1
36314,-1
36315,-1
36317,3
36320,-1
36321,3
36323,-1
36325,-1
36327,3
36328,-1
36329,-1
36331,-1
36334,-1
36337,-1
36339,-1
36341,3
36342,-1
36343,-1
36344,-1
36345,3
36346,-1
36347,3
36348,3
36352,-1
36355,-1
36356,-1
36357,-1
36358,3
36360,-1
36362,-1
36364,-1
36366,-1
36368,3
36369,-1
36370,-1
36372,-1
36373,-1
36374,-1
36375,3
36377,3
36378,-1
36379,-1
36380,3
36382,-1
36384,3
36385,-1
36386,-1
36387,-1
36388,-1
36389,-1
36390,3
36392,-1
36393,-1
36395,-1
36396,-1
36397,-1
36401,-1
36402,-1
36403,3
36404,-1
36405,3
36406,3
36407,3
36410,3
36412,-1
36413,-1
36414,-1
36415,3
36416,-1
36417,-1
36418,-1
36419,-1
36421,-1
36422,3
36424,-1
36426,-1
36427,3
36428,-1
36431,0
36432,3
36433,-1
36434,-1
36436,3
36437,-1
36438,-1
36440,-1
36441,-1
36442,-1
36444,-1
36445,3
36446,3
36449,3
36451,-1
36452,-1
36453,3
36455,-1
36456,3
36457,-1
36458,3
36459,-1
36461,-1
36463,-1
36464,3
36467,-1
36468,-1
36472,3
36474,-1
36475,-1
36477,-1
36478,-1
36480,-1
36481,3
36482,-1
36483,3
36484,-1
36486,-1
36487,-1
36488,-1
36489,-1
36490,-1
36491,3
36493,3
36494,-1
36495,-1
36496,-1
36498,3
36499,-1
36500,3
36502,-1
36503,3
36505,-1
36506,3
36508,3
36511,-1
36512,-1
36513,-1
36514,-1
36516,-1
36517,-1
36518,-1
36519,-1
36521,-1
36522,3
36523,-1
36524,-1
36525,-1
36527,-1
36528,3
36529,-1
36530,3
36531,-1
36533,3
36534,-1
36536,-1
36537,-1
36540,-1
36541,-1
36543,-1
36545,-1
36547,3
36549,3
36550,-1
36553,-1
36555,3
36556,-1
36560,-1
36562,0
36564,-1
36567,-1
36568,3
36570,-1
36571,-1
36572,-1
36578,3
36579,3
36581,-1
36582,3
36583,3
36585,-1
36587,-1
36589,-1
36590,-1
36591,-1
36592,3
36596,-1
36597,-1
36601,3
36603,3
36604,3
36605,-1
36606,3
36607,2
36608,-1
36609,3
36610,-1
36611,3
36612,-1
36613,3
36614,3
36616,-1
36617,-1
36618,-1
36619,-1
36620,-1
36621,-1
36622,-1
36623,-1
36624,-1
36625,3
36626,3
36627,3
36628,-1
36632,-1
36633,-1
36634,-1
36637,-1
36638,3
36639,3
36640,-1
36641,-1
36642,-1
36643,-1
36644,3
36645,-1
36647,-1
36648,3
36649,3
36650,-1
36652,3
36656,-1
36657,-1
36658,-1
36659,-1
36660,-1
36661,-1
36662,3
36664,3
36666,-1
36667,3
36668,-1
36670,-1
36671,-1
36672,-1
36674,-1
36675,-1
36677,3
36678,-1
36679,3
36680,-1
36681,3
36682,-1
36684,-1
36685,-1
36686,-1
36687,-1
36690,0
36691,-1
36693,3
36694,3
36695,-1
36696,-1
36697,-1
36700,-1
36703,3
36706,-1
36707,3
36708,3
36709,3
36710,3
36711,-1
36713,-1
36714,-1
36715,3
36717,-1
36719,-1
36720,-1
36721,-1
36722,-1
36723,2
36724,-1
36726,-1
36730,-1
36731,-1
36732,3
36734,3
36735,3
36736,-1
36738,-1
36739,-1
36742,-1
36743,-1
36745,-1
36748,2
36750,3
36751,3
36752,-1
36753,3
36754,-1
36756,-1
36758,3
36759,3
36760,3
36763,-1
36764,3
36765,3
36767,-1
36768,-1
36770,-1
36772,3
36773,-1
36774,3
36777,3
36778,-1
36779,-1
36780,3
36781,-1
36782,3
36783,-1
36785,-1
36786,-1
36787,-1
36789,-1
36791,-1
36792,-1
36793,3
36794,-1
36795,-1
36797,-1
36799,-1
36800,-1
36802,-1
36803,-1
36804,-1
36806,3
36807,-1
36808,1
36810,-1
36813,-1
36816,-1
36817,-1
36818,-1
36820,3
36821,3
36822,-1
36823,3
36825,-1
36827,-1
36828,3
36829,3
36830,-1
36831,-1
36835,-1
36836,-1
36840,-1
36841,-1
36842,3
36843,3
36844,3
36845,-1
36846,3
36849,3
36850,-1
36851,3
36852,-1
36854,-1
36855,3
36856,-1
36857,3
36858,3
36859,-1
36860,-1
36863,3
36864,-1
36865,3
36866,-1
36867,-1
36868,-1
36870,-1
36872,3
36876,-1
36878,-1
36880,3
36885,2
36887,3
36888,3
36889,-1
36893,-1
36894,-1
36895,3
36899,-1
36900,3
36903,3
36904,-1
36905,-1
36908,3
36909,3
36910,-1
36911,-1
36915,-1
36916,-1
36917,-1
36918,3
36919,-1
36921,-1
36922,-1
36925,-1
36927,-1
36928,-1
36929,-1
36930,-1
36931,3
36932,3
36933,-1
36936,-1
36937,-1
36938,-1
36939,-1
36941,3
36942,3
36946,3
36949,0
36950,-1
36954,-1
36955,-1
36957,-1
36958,-1
36960,-1
36961,1
36962,-1
36963,-1
36964,-1
36965,-1
36966,-1
36970,3
36971,-1
36972,-1
36973,3
36975,-1
36976,-1
36978,-1
36979,3
36980,-1
36981,-1
36982,3
36983,-1
36984,-1
36986,-1
36988,3
36990,-1
36992,3
36993,-1
36997,-1
36998,-1
36999,-1
37000,-1
37001,-1
37002,3
37003,-1
37006,-1
37007,-1
37009,-1
37012,3
37016,-1
37017,-1
37018,3
37019,-1
37021,-1
37022,-1
37023,3
37026,-1
37028,-1
37029,-1
37031,-1
37032,-1
37033,3
37035,-1
37036,3
37037,3
37038,3
37039,-1
37043,3
37044,3
37046,-1
37049,-1
37050,3
37051,-1
37052,3
37053,-1
37054,-1
37055,-1
37057,-1
37058,-1
37060,-1
37063,3
37066,-1
37067,-1
37069,3
37070,3
37071,3
37072,3
37073,-1
37074,3
37075,-1
37076,3
37078,-1
37080,-1
37083,-1
37086,3
37087,-1
37089,-1
37090,-1
37091,-1
37093,-1
37094,-1
37096,-1
37099,-1
37100,-1
37101,-1
37102,3
37104,-1
37105,3
37106,-1
37108,-1
37109,-1
37110,3
37111,3
37112,-1
37114,-1
37115,-1
37116,3
37117,-1
37118,-1
37119,-1
37120,-1
37121,-1
37122,-1
37123,-1
37126,-1
37128,3
37129,3
37132,-1
37134,3
37137,-1
37139,-1
37141,-1
37143,-1
37144,3
37145,-1
37146,3
37147,3
37148,-1
37149,3
37150,-1
37151,3
37152,-1
37153,3
37156,-1
37157,-1
37158,-1
37159,3
37162,-1
37163,-1
37164,-1
37167,-1
37169,3
37171,3
37174,-1
37175,3
37176,3
37178,3
37180,-1
37181,-1
37183,-1
37186,-1
37187,-1
37188,-1
37191,-1
37193,3
37194,-1
37196,3
37198,-1
37200,-1
37203,-1
37204,-1
37205,-1
37209,-1
37210,-1
37214,3
37215,-1
37217,-1
37218,3
37220,3
37221,-1
37223,-1
37224,-1
37225,3
37226,-1
37227,-1
37229,-1
37230,3
37231,-1
37232,-1
37234,3
37236,-1
37239,3
37241,3
37242,3
37243,3
37244,3
37245,3
37247,-1
37249,3
37251,-1
37252,-1
37255,-1
37256,-1
37257,-1
37258,-1
37259,-1
37260,-1
37261,-1
37265,-1
37270,3
37273,-1
37274,-1
37275,3
37278,3
37280,-1
37282,3
37283,3
37284,-1
37288,3
37290,-1
37291,-1
37292,3
37293,-1
37294,3
37295,-1
37296,3
37297,3
37298,-1
37299,-1
37302,3
37306,-1
37307,-1
37308,-1
37310,-1
37312,-1
37314,-1
37315,-1
37316,3
37317,-1
37320,-1
37322,-1
37323,3
37324,-1
37327,-1
37329,-1
37333,-1
37334,-1
37335,3
37340,3
37341,-1
37342,3
37343,3
37344,-1
37345,-1
37346,-1
37347,3
37348,-1
37349,3
37350,-1
37351,-1
37354,-1
37355,-1
37356,-1
37357,-1
37360,-1
37361,-1
37362,-1
37366,-1
37368,-1
37370,-1
37372,-1
37373,3
37374,3
37375,-1
37377,3
37378,3
37379,-1
37380,3
37381,-1
37382,3
37383,-1
37384,-1
37385,-1
37386,-1
37389,-1
37391,-1
37392,3
37393,-1
37398,3
37400,-1
37403,-1
37405,-1
37406,-1
37409,-1
37411,0
37415,-1
37416,-1
37417,-1
37418,3
37419,-1
37420,3
37425,-1
37426,3
37427,-1
37431,-1
37432,3
37433,-1
37435,-1
37436,-1
37440,-1
37442,-1
37443,3
37445,-1
37447,3
37448,-1
37449,-1
37450,-1
37451,-1
37452,-1
37453,-1
37454,-1
37455,3
37463,-1
37464,3
37465,3
37466,3
37469,-1
37470,-1
37471,3
37474,3
37475,3
37476,-1
37477,-1
37478,-1
37479,3
37483,-1
37484,3
37485,3
37486,-1
37488,-1
37489,-1
37490,-1
37492,-1
37493,3
37496,-1
37498,3
37500,-1
37502,-1
37504,3
37505,-1
37506,-1
37507,-1
37509,-1
37511,-1
37512,-1
37514,-1
37515,-1
37517,-1
37518,3
37519,3
37523,-1
37524,3
37525,-1
37526,3
37527,3
37528,-1
37529,3
37531,-1
37533,-1
37534,-1
37537,-1
37540,-1
37541,3
37542,-1
37544,3
37545,-1
37546,-1
37548,-1
37549,3
37550,-1
37552,-1
37554,-1
37555,-1
37556,-1
37557,3
37558,3
37559,-1
37560,-1
37562,-1
37563,3
37564,3
37568,3
37569,-1
37570,-1
37571,3
37573,-1
37575,3
37576,-1
37577,-1
37578,3
37579,-1
37581,-1
37582,-1
37583,3
37584,3
37589,-1
37590,3
37593,-1
37594,-1
37595,-1
37596,-1
37597,3
37602,3
37603,-1
37604,-1
37605,-1
37607,-1
37608,3
37609,-1
37610,-1
37613,-1
37615,3
37617,-1
37618,1
37619,3
37621,3
37625,-1
37626,3
37627,-1
37628,-1
37629,3
37631,3
37633,-1
37634,3
37635,3
37639,-1
37640,-1
37641,-1
37642,1
37643,-1
37644,3
37646,3
37647,-1
37649,3
37650,3
37654,-1
37657,3
37658,-1
37659,3
37660,3
37661,3
37665,3
37668,-1
37671,3
37673,-1
37674,-1
37675,3
37676,-1
37677,-1
37679,-1
37681,-1
37683,-1
37685,-1
37687,-1
37688,3
37689,-1
37690,-1
37691,-1
37693,3
37694,3
37696,-1
37697,-1
37698,3
37699,3
37701,-1
37702,-1
37703,-1
37704,3
37705,3
37706,-1
37707,-1
37708,-1
37709,3
37713,3
37714,-1
37715,-1
37716,-1
37717,-1
37718,-1
37719,3
37721,-1
37722,-1
37725,-1
37727,-1
37730,-1
37731,-1
37732,-1
37734,-1
37735,3
37736,-1
37737,-1
37739,-1
37740,-1
37741,-1
37743,3
37744,-1
37746,3
37747,-1
37748,-1
37749,3
37750,-1
37751,3
37752,3
37753,-1
37755,-1
37756,-1
37757,-1
37758,-1
37759,-1
37761,3
37762,-1
37763,-1
37764,-1
37766,-1
37767,3
37770,3
37772,3
37773,-1
37775,-1
37776,3
37778,-1
37779,-1
37781,-1
37783,3
37784,3
37785,-1
37787,-1
37788,3
37789,3
37792,-1
37793,-1
37794,-1
37795,-1
37797,-1
37798,3
37799,-1
37800,-1
37801,-1
37802,-1
37804,-1
37805,3
37806,-1
37807,-1
37808,3
37809,-1
37810,-1
37811,-1
37813,-1
37814,-1
37817,-1
37818,-1
37820,3
37821,3
37823,-1
37824,3
37826,-1
37827,-1
37828,3
37829,-1
37830,3
37831,3
37832,-1
37833,-1
37834,3
37836,-1
37837,-1
37838,-1
37840,0
37842,-1
37843,-1
37844,-1
37845,-1
37847,3
37848,-1
37849,-1
37850,3
37851,-1
37852,3
37853,-1
37855,-1
37856,3
37858,-1
37859,-1
37861,-1
37862,3
37864,-1
37865,-1
37866,-1
37867,-1
37868,-1
37869,-1
37870,3
37872,3
37873,-1
37875,-1
37876,3
37877,-1
37878,-1
37879,-1
37881,-1
37882,-1
37886,3
37887,-1
37888,3
37890,-1
37891,-1
37893,3
37894,3
37895,3
37896,-1
37897,3
37899,-1
37901,-1
37902,-1
37904,3
37905,-1
37906,3
37908,-1
37910,-1
37913,3
37915,3
37916,-1
37918,-1
37922,3
37923,-1
37925,-1
37927,-1
37928,-1
37929,-1
37930,-1
37931,-1
37932,3
37933,-1
37934,3
37936,-1
37937,-1
37938,-1
37939,-1
37940,-1
37942,3
37943,3
37944,-1
37945,-1
37947,-1
37950,3
37953,-1
37954,-1
37955,-1
37956,3
37957,-1
37958,-1
37959,3
37961,-1
37962,3
37963,-1
37964,-1
37965,-1
37969,-1
37971,-1
37972,-1
37976,3
37978,3
37979,3
37980,3
37983,-1
37984,-1
37985,-1
37986,-1
37988,-1
37990,-1
37992,3
37994,-1
37996,-1
37997,0
37999,-1
38001,-1
38003,-1
38004,3
38005,-1
38007,-1
38009,-1
38010,-1
38013,-1
38015,3
38016,3
38017,-1
38020,3
38023,3
38024,-1
38025,1
38028,3
38029,3
38030,-1
38031,-1
38032,-1
38033,-1
38034,-1
38036,-1
38039,-1
38040,-1
38043,-1
38044,3
38045,-1
38046,3
38048,3
38049,3
38050,-1
38051,3
38052,3
38053,-1
38054,-1
38057,-1
38058,-1
38059,3
38067,3
38068,0
38070,-1
38071,3
38072,-1
38073,-1
38074,-1
38075,-1
38076,3
38077,3
38078,-1
38080,3
38082,-1
38083,3
38084,3
38086,3
38091,-1
38092,-1
38093,3
38094,-1
38096,-1
38097,3
38098,3
38099,-1
38100,-1
38101,-1
38102,3
38103,3
38105,3
38106,3
38107,-1
38109,-1
38110,3
38111,-1
38112,-1
38113,-1
38116,-1
38118,-1
38120,3
38121,-1
38122,-1
38124,-1
38127,-1
38129,-1
38130,3
38131,-1
38132,-1
38135,-1
38136,3
38138,-1
38139,0
38142,3
38143,-1
38144,-1
38145,-1
38146,-1
38148,-1
38149,-1
38150,3
38152,-1
38154,3
38155,3
38156,-1
38157,-1
38160,3
38162,2
38164,3
38167,-1
38168,-1
38169,3
38170,3
38171,-1
38172,3
38173,3
38174,-1
38176,-1
38178,-1
38179,-1
38180,3
38181,-1
38185,3
38186,-1
38188,3
38190,3
38191,-1
38192,-1
38193,-1
38194,-1
38196,-1
38197,-1
38198,-1
38199,-1
38202,3
38203,-1
38204,3
38205,3
38206,-1
38207,3
38208,-1
38209,-1
38210,3
38211,3
38212,3
38213,3
38215,3
38218,-1
38219,-1
38221,-1
38223,3
38224,3
38225,-1
38227,-1
38228,-1
38230,3
38231,-1
38233,-1
38234,3
38236,-1
38237,3
38238,-1
38239,3
38240,-1
38241,-1
38242,-1
38243,-1
38246,3
38248,-1
38249,1
38251,3
38254,-1
38255,3
38257,-1
38261,-1
38262,-1
38263,-1
38267,3
38271,3
38272,-1
38273,-1
38274,-1
38277,-1
38279,3
38280,-1
38282,3
38283,-1
38284,3
38287,3
38288,3
38289,3
38291,3
38292,-1
38294,-1
38295,-1
38297,-1
38298,3
38300,3
38302,3
38303,-1
38304,-1
38305,-1
38307,3
38308,-1
38309,-1
38311,3
38312,-1
38313,-1
38314,-1
38315,-1
38316,-1
38317,3
38319,-1
38323,3
38324,-1
38329,-1
38331,-1
38333,-1
38334,-1
38335,-1
38336,3
38337,-1
38338,-1
38339,-1
38340,-1
38341,-1
38342,-1
38343,-1
38345,3
38346,-1
38347,-1
38348,-1
38349,3
38350,-1
38351,-1
38353,-1
38354,-1
38355,-1
38357,-1
38360,-1
38365,-1
38366,-1
38367,3
38369,3
38370,3
38371,-1
38372,-1
38375,-1
38379,-1
38380,-1
38381,0
38382,-1
38383,3
38384,-1
38385,-1
38386,-1
38390,-1
38391,-1
38393,3
38395,3
38396,3
38397,3
38398,-1
38399,-1
38400,-1
38401,3
38402,3
38403,-1
38404,-1
38405,3
38406,3
38407,-1
38409,-1
38411,3
38412,3
38413,-1
38414,-1
38417,-1
38418,-1
38419,3
38420,-1
38422,3
38423,-1
38424,-1
38425,-1
38426,-1
38428,-1
38429,-1
38430,-1
38431,3
38432,-1
38436,-1
38439,-1
38441,3
38442,-1
38443,-1
38444,-1
38445,-1
38446,-1
38447,-1
38448,-1
38450,3
38452,-1
38453,3
38454,-1
38455,-1
38457,-1
38458,3
38459,3
38460,-1
38461,-1
38464,3
38465,-1
38466,3
38470,-1
38471,-1
38472,3
38473,-1
38474,-1
38475,-1
38476,3
38478,-1
38479,3
38480,3
38483,-1
38484,-1
38485,-1
38487,-1
38488,-1
38489,-1
38490,3
38491,3
38497,-1
38501,-1
38502,-1
38504,-1
38505,-1
38506,3
38508,-1
38510,3
38514,-1
38515,-1
38517,3
38518,3
38519,-1
38520,-1
38521,-1
38522,-1
38523,-1
38525,-1
38526,1
38527,-1
38528,-1
38529,3
38530,-1
38531,-1
38532,-1
38533,-1
38537,3
38538,3
38539,-1
38541,-1
38542,3
38543,-1
38546,-1
38547,-1
38548,-1
38549,-1
38552,3
38553,3
38554,-1
38555,3
38556,-1
38560,-1
38561,-1
38564,-1
38566,3
38567,-1
38571,1
38572,-1
38573,3
38574,-1
38576,-1
38577,-1
38578,-1
38579,-1
38584,-1
38585,-1
38586,-1
38587,-1
38588,-1
38589,-1
38592,3
38593,3
38594,3
38595,-1
38596,3
38597,-1
38598,-1
38599,-1
38600,3
38602,-1
38604,-1
38606,-1
38609,-1
38610,3
38611,-1
38613,-1
38614,-1
38615,3
38617,3
38618,-1
38619,-1
38620,-1
38621,-1
38622,-1
38623,3
38625,-1
38627,3
38630,-1
38633,-1
38637,3
38639,-1
38640,-1
38641,3
38644,-1
38645,-1
38646,-1
38647,3
38650,3
38651,3
38652,-1
38655,-1
38656,-1
38657,-1
38658,-1
38660,3
38661,-1
38663,3
38664,-1
38665,3
38667,3
38670,-1
38671,-1
38672,-1
38673,-1
38674,-1
38675,-1
38676,-1
38677,3
38678,-1
38681,-1
38682,-1
38688,3
38689,3
38690,-1
38691,3
38692,-1
38693,3
38694,-1
38695,3
38696,3
38697,-1
38698,3
38699,-1
38702,3
38703,-1
38704,-1
38705,3
38706,-1
38707,3
38709,3
38712,-1
38714,-1
38716,-1
38718,-1
38719,3
38722,-1
38724,-1
38725,3
38727,-1
38728,-1
38729,-1
38730,-1
38731,-1
38733,-1
38734,-1
38735,-1
38736,-1
38738,-1
38739,3
38740,3
38741,-1
38742,-1
38747,-1
38749,3
38750,3
38751,3
38753,3
38754,3
38755,-1
38758,-1
38762,-1
38763,3
38764,3
38765,-1
38766,-1
38767,-1
38768,-1
38770,3
38771,3
38772,3
38777,-1
38778,-1
38779,-1
38782,-1
38783,3
38785,-1
38786,-1
38787,-1
38789,-1
38791,-1
38793,-1
38794,-1
38798,-1
38799,-1
38800,-1
38802,3
38803,3
38804,3
38806,-1
38807,-1
38808,-1
38811,-1
38813,-1
38814,-1
38815,-1
38816,3
38817,3
38819,3
38820,3
38824,-1
38825,3
38827,-1
38829,3
38832,3
38833,-1
38835,3
38837,-1
38839,-1
38840,-1
38841,-1
38842,-1
38843,3
38845,-1
38846,-1
38847,-1
38848,3
38849,-1
38850,-1
38851,3
38852,3
38853,3
38854,-1
38856,-1
38857,-1
38858,-1
38859,-1
38861,-1
38863,3
38864,3
38868,-1
38869,-1
38872,-1
38874,3
38875,-1
38876,3
38877,-1
38881,-1
38882,-1
38883,-1
38886,-1
38888,-1
38889,-1
38890,-1
38893,-1
38894,3
38897,-1
38898,2
38899,3
38900,-1
38902,-1
38904,-1
38905,-1
38906,3
38907,-1
38908,-1
38911,-1
38912,3
38915,3
38918,-1
38920,-1
38921,-1
38922,-1
38923,3
38924,-1
38926,-1
38927,-1
38928,-1
38931,3
38934,-1
38940,-1
38943,-1
38945,3
38948,3
38950,-1
38951,-1
38954,2
38956,3
38957,-1
38958,3
38959,-1
38960,3
38961,-1
38962,3
38964,-1
38965,-1
38966,-1
38968,-1
38969,-1
38971,3
38974,-1
38976,3
38977,-1
38978,-1
38979,-1
38980,3
38981,3
38982,3
38983,3
38985,-1
38987,-1
38988,-1
38989,-1
38992,3
38993,-1
38994,-1
38995,-1
38996,-1
38998,3
39000,-1
39002,-1
39005,3
39006,-1
39007,-1
39009,-1
39011,3
39013,-1
39015,-1
39017,-1
39020,3
39021,3
39022,3
39023,-1
39024,-1
39025,-1
39027,-1
39028,-1
39031,-1
39032,3
39033,-1
39034,3
39035,-1
39036,-1
39038,-1
39039,3
39040,-1
39045,-1
39047,3
39048,-1
39049,-1
39050,-1
39051,3
39052,-1
39055,-1
39056,-1
39057,-1
39058,-1
39059,3
39062,3
39063,3
39066,-1
39067,3
39068,3
39069,-1
39070,3
39071,-1
39072,3
39073,-1
39075,-1
39076,3
39077,-1
39078,-1
39081,-1
39083,-1
39087,3
39088,-1
39092,-1
39093,-1
39095,-1
39096,-1
39097,-1
39099,3
39101,-1
39103,-1
39107,-1
39111,-1
39113,3
39114,-1
39115,-1
39116,-1
39119,-1
39120,-1
39121,-1
39123,-1
39124,-1
39125,-1
39126,0
39127,3
39129,-1
39131,3
39132,-1
39133,-1
39134,-1
39136,-1
39137,3
39138,-1
39140,-1
39141,3
39142,-1
39144,-1
39147,3
39148,-1
39149,3
39151,-1
39154,-1
39157,-1
39160,-1
39161,-1
39164,-1
39165,-1
39166,-1
39167,-1
39168,-1
39170,-1
39171,-1
39172,-1
39173,3
39175,-1
39176,-1
39177,-1
39180,3
39181,3
39183,3
39185,-1
39187,-1
39189,-1
39191,-1
39193,-1
39194,3
39195,-1
39196,-1
39197,3
39198,3
39199,-1
39200,-1
39203,-1
39204,-1
39205,-1
39206,-1
39207,-1
39209,3
39210,-1
39211,-1
39212,3
39213,3
39214,-1
39216,-1
39219,3
39220,-1
39221,-1
39224,-1
39225,-1
39226,-1
39227,-1
39229,-1
39230,-1
39231,-1
39232,-1
39234,-1
39235,-1
39239,-1
39240,-1
39241,-1
39243,-1
39244,-1
39246,-1
39251,-1
39252,3
39253,-1
39254,-1
39255,-1
39256,-1
39257,-1
39258,-1
39261,3
39262,-1
39263,-1
39265,0
39268,-1
39270,-1
39271,-1
39272,-1
39273,3
39279,-1
39280,-1
39281,-1
39282,-1
39283,3
39286,3
39287,-1
39290,-1
39294,3
39297,-1
39298,-1
39299,-1
39300,-1
39302,3
39303,-1
39307,3
39309,-1
39310,-1
39311,-1
39312,-1
39313,-1
39314,-1
39316,-1
39317,-1
39319,3
39320,-1
39323,3
39324,-1
39325,3
39326,-1
39327,-1
39328,-1
39329,-1
39330,-1
39331,-1
39332,-1
39334,-1
39337,-1
39338,-1
39339,-1
39340,-1
39341,-1
39344,-1
39345,3
39346,-1
39347,-1
39350,-1
39351,-1
39352,-1
39354,-1
39355,-1
39356,3
39357,-1
39358,-1
39359,-1
39360,3
39362,-1
39364,3
39367,3
39369,-1
39370,-1
39373,-1
39374,-1
39375,-1
39377,-1
39378,-1
39381,0
39382,-1
39383,-1
39384,-1
39385,3
39387,-1
39388,-1
39389,-1
39390,3
39391,-1
39392,-1
39393,-1
39396,-1
39397,-1
39399,3
39400,-1
39402,-1
39403,-1
39404,3
39405,-1
39406,-1
39407,-1
39411,-1
39412,-1
39413,3
39414,-1
39415,3
39416,3
39418,3
39419,-1
39420,-1
39422,-1
39424,-1
39426,-1
39427,-1
39428,3
39429,-1
39430,-1
39431,3
39432,-1
39434,-1
39436,3
39437,-1
39438,3
39439,-1
39442,-1
39443,-1
39444,3
39445,-1
39447,3
39449,-1
39455,-1
39457,3
39458,2
39460,-1
39461,-1
39462,-1
39463,-1
39464,-1
39466,3
39467,1
39469,3
39470,-1
39471,-1
39472,-1
39473,-1
39474,-1
39475,3
39478,-1
39479,3
39481,-1
39483,-1
39485,-1
39486,3
39487,-1
39488,3
39491,-1
39493,-1
39495,-1
39496,3
39498,3
39499,-1
39500,-1
39501,-1
39502,-1
39505,-1
39511,-1
39512,-1
39514,-1
39516,-1
39517,-1
39518,-1
39519,3
39522,-1
39523,-1
39525,-1
39527,3
39528,-1
39529,-1
39532,-1
39533,-1
39536,-1
39537,3
39538,3
39539,-1
39540,-1
39541,-1
39542,3
39543,-1
39544,-1
39546,-1
39548,-1
39549,3
39553,-1
39554,-1
39558,0
39559,-1
39560,-1
39562,-1
39564,-1
39568,-1
39571,-1
39575,-1
39576,-1
39578,3
39580,-1
39583,-1
39584,-1
39586,-1
39587,-1
39589,0
39590,-1
39591,-1
39592,3
39593,-1
39595,3
39596,3
39597,-1
39598,3
39599,-1
39601,3
39603,-1
39606,-1
39608,-1
39610,-1
39611,-1
39614,-1
39615,-1
39617,-1
39618,-1
39619,-1
39620,-1
39625,3
39626,3
39627,-1
39629,-1
39633,-1
39634,3
39636,-1
39637,-1
39639,-1
39642,3
39643,-1
39644,-1
39646,3
39647,-1
39648,-1
39649,-1
39651,-1
39653,3
39654,-1
39655,-1
39656,3
39657,-1
39658,3
39660,-1
39661,-1
39662,-1
39663,-1
39664,-1
39669,1
39670,-1
39673,-1
39674,3
39675,-1
39676,-1
39677,-1
39682,-1
39683,3
39684,-1
39685,3
39686,-1
39688,3
39689,3
39690,-1
39692,3
39693,-1
39694,-1
39695,-1
39699,3
39700,-1
39702,3
39705,-1
39709,3
39711,3
39712,3
39713,-1
39715,3
39717,-1
39718,3
39719,-1
39720,-1
39721,-1
39723,-1
39724,-1
39725,-1
39726,-1
39727,-1
39729,3
39731,3
39732,-1
39735,3
39736,-1
39737,-1
39740,-1
39741,3
39743,-1
39746,-1
39748,3
39751,3
39752,0
39753,3
39754,-1
39758,-1
39759,-1
39760,3
39762,-1
39764,-1
39766,-1
39767,3
39768,-1
39769,-1
39770,-1
39772,-1
39773,0
39774,-1
39775,3
39777,3
39778,-1
39781,-1
39782,-1
39785,-1
39788,-1
39789,-1
39790,3
39792,-1
39794,-1
39796,-1
39798,3
39799,3
39800,-1
39804,-1
39807,3
39808,-1
39809,3
39810,3
39811,3
39814,3
39815,3
39817,-1
39819,-1
39820,3
39824,2
39826,-1
39827,3
39829,3
39833,-1
39834,-1
39835,3
39837,3
39838,-1
39839,-1
39840,-1
39842,-1
39844,-1
39848,-1
39849,-1
39850,-1
39851,3
39852,-1
39854,3
39856,-1
39858,-1
39859,-1
39861,3
39862,-1
39866,-1
39871,-1
39873,-1
39875,3
39876,-1
39877,3
39878,3
39881,-1
39884,-1
39886,-1
39887,-1
39891,-1
39892,-1
39893,3
39894,-1
39895,3
39900,3
39901,-1
39902,3
39903,-1
39904,-1
39905,-1
39906,-1
39907,-1
39909,-1
39912,3
39913,-1
39914,-1
39915,3
39916,-1
39918,3
39919,-1
39922,-1
39923,-1
39927,-1
39928,-1
39929,3
39930,-1
39931,-1
39932,-1
39933,-1
39937,-1
39938,3
39939,-1
39940,-1
39942,3
39943,-1
39945,3
39946,-1
39947,-1
39948,-1
39950,-1
39951,-1
39952,-1
39953,-1
39955,-1
39956,3
39957,3
39958,-1
39959,3
39960,-1
39962,3
39963,3
39964,-1
39966,-1
39967,-1
39969,-1
39971,3
39973,-1
39976,3
39977,-1
39978,-1
39979,-1
39981,3
39982,3
39983,3
39985,-1
39988,-1
39989,-1
39990,-1
39991,3
39993,-1
39994,-1
39996,3
39997,-1
39998,-1
40000,3
40002,3
40003,-1
40004,3
40005,-1
40007,-1
40009,-1
40010,-1
40011,-1
40013,3
40015,-1
40016,-1
40017,-1
40019,3
40020,-1
40023,-1
40025,3
40026,0
40028,-1
40029,3
40030,-1
40032,3
40033,-1
40034,-1
40036,-1
40038,-1
40039,-1
40041,-1
40042,3
40044,-1
40045,3
40047,-1
40050,-1
40051,-1
40053,3
40054,-1
40056,-1
40057,-1
40059,3
40060,-1
40061,3
40062,3
40064,3
40066,3
40067,-1
40069,3
40070,-1
40072,-1
40073,3
40075,3
40077,-1
40078,-1
40082,-1
40083,-1
40084,-1
40086,-1
40087,-1
40089,3
40090,3
40092,-1
40093,-1
40096,-1
40097,-1
40098,-1
40100,3
40101,3
40102,-1
40104,-1
40105,3
40107,-1
40108,-1
40109,3
40110,-1
40112,3
40113,-1
40114,-1
40115,-1
40116,-1
40118,3
40119,-1
40120,3
40121,-1
40122,3
40123,-1
40124,-1
40125,-1
40127,-1
40128,3
40130,-1
40131,-1
40132,-1
40133,-1
40134,-1
40137,-1
40138,3
40139,-1
40141,3
40142,3
40143,-1
40144,3
40145,-1
40146,3
40147,3
40148,-1
40149,-1
40151,-1
40152,3
40153,-1
40154,-1
40156,3
40159,-1
40160,3
40161,3
40163,3
40164,-1
40165,-1
40166,3
40167,-1
40168,-1
40169,-1
40170,-1
40171,-1
40172,-1
40174,-1
40175,-1
40176,-1
40177,3
40180,3
40181,3
40183,-1
40184,-1
40185,-1
40191,-1
40192,-1
40193,3
40195,-1
40196,-1
40199,3
40200,-1
40201,-1
40203,3
40204,-1
40205,-1
40206,3
40207,3
40209,-1
40210,3
40211,3
40212,-1
40213,3
40216,-1
40219,-1
40220,-1
40222,3
40223,-1
40224,-1
40226,-1
40229,3
40230,-1
40231,-1
40232,3
40233,-1
40234,-1
40235,3
40238,-1
40239,-1
40240,3
40241,3
40242,-1
40243,3
40244,3
40245,-1
40246,-1
40247,-1
40248,-1
40250,-1
40251,-1
40252,-1
40254,-1
40255,-1
40256,-1
40260,3
40261,-1
40262,-1
40264,-1
40265,-1
40268,3
40269,0
40270,3
40271,-1
40273,3
40274,-1
40275,-1
40277,-1
40278,-1
40281,-1
40282,3
40283,3
40284,-1
40286,-1
40289,3
40290,-1
40291,-1
40293,-1
40294,3
40296,-1
40297,-1
40298,-1
40299,-1
40300,-1
40304,-1
40306,-1
40307,3
40310,-1
40311,-1
40312,-1
40313,-1
40314,-1
40315,-1
40316,-1
40319,3
40320,3
40324,3
40325,-1
40326,-1
40328,-1
40330,-1
40331,-1
40332,3
40334,3
40335,-1
40344,-1
40345,-1
40346,3
40348,-1
40349,3
40350,-1
40351,3
40352,-1
40353,-1
40354,-1
40357,-1
40358,3
40359,-1
40361,-1
40362,-1
40363,-1
40364,-1
40365,-1
40368,-1
40370,-1
40371,-1
40373,3
40375,-1
40376,3
40377,-1
40379,-1
40380,3
40381,-1
40385,-1
40386,-1
40387,3
40389,-1
40390,3
40391,-1
40392,3
40393,-1
40394,3
40400,-1
40401,-1
40402,-1
40403,-1
40404,3
40406,-1
40407,3
40408,3
40409,3
40411,-1
40412,3
40413,3
40414,-1
40417,3
40418,-1
40420,-1
40423,-1
40426,-1
40427,-1
40428,3
40429,-1
40431,3
40432,-1
40434,-1
40435,-1
40436,-1
40437,3
40438,-1
40439,-1
40441,-1
40442,3
40443,-1
40445,3
40446,3
40448,-1
40449,3
40451,-1
40452,-1
40454,-1
40455,-1
40456,3
40457,3
40458,3
40460,-1
40461,3
40463,-1
40464,3
40465,-1
40467,-1
40468,-1
40471,-1
40475,3
40478,3
40479,-1
40480,3
40482,3
40483,-1
40485,-1
40488,-1
40489,-1
40490,3
40491,-1
40492,-1
40493,-1
40496,-1
40497,-1
40498,3
40504,-1
40506,3
40507,3
40508,-1
40512,-1
40514,-1
40515,-1
40516,-1
40517,3
40518,-1
40519,-1
40520,3
40522,-1
40525,3
40526,-1
40527,3
40532,3
40533,-1
40534,-1
40535,3
40536,-1
40537,-1
40539,-1
40541,-1
40543,-1
40546,3
40549,-1
40552,-1
40553,-1
40554,-1
40555,3
40556,3
40560,3
40561,-1
40562,-1
40563,-1
40564,-1
40567,3
40570,-1
40571,-1
40572,-1
40573,-1
40574,-1
40575,0
40577,3
40578,-1
40579,3
40581,3
40582,-1
40583,-1
40584,3
40585,-1
40586,-1
40590,3
40593,3
40594,-1
40595,-1
40596,-1
40597,-1
40598,-1
40599,-1
40602,-1
40604,-1
40605,-1
40606,-1
40607,-1
40609,-1
40611,3
40612,-1
40614,-1
40615,-1
40618,3
40619,-1
40620,-1
40624,3
40625,-1
40628,3
40629,-1
40630,3
40632,-1
40633,-1
40636,-1
40637,3
40638,3
40639,-1
40642,-1
40643,-1
40645,-1
40648,3
40649,-1
40652,-1
40653,3
40654,3
40655,-1
40656,-1
40657,-1
40658,-1
40659,3
40662,3
40663,-1
40664,3
40665,-1
40667,-1
40668,-1
40671,-1
40673,-1
40674,3
40675,3
40676,-1
40679,3
40680,-1
40681,-1
40682,-1
40684,3
40686,-1
40687,3
40688,-1
40689,3
40690,3
40691,2
40692,-1
40693,3
40694,3
40695,-1
40697,-1
40698,-1
40699,-1
40700,0
40701,-1
40702,-1
40705,3
40706,-1
40707,-1
40708,3
40709,-1
40710,3
40712,-1
40713,-1
40714,-1
40716,3
40718,3
40719,-1
40720,3
40722,-1
40723,3
40725,-1
40726,3
40734,3
40735,-1
40736,3
40737,-1
40738,3
40739,3
40740,-1
40744,-1
40745,-1
40747,-1
40748,3
40749,-1
40750,-1
40751,-1
40752,3
40753,1
40758,-1
40760,3
40761,-1
40762,-1
40763,3
40764,-1
40765,3
40768,-1
40769,-1
40771,3
40772,-1
40773,3
40774,-1
40775,-1
40778,-1
40783,-1
40784,-1
40785,3
40786,-1
40787,3
40789,-1
40793,-1
40794,-1
40795,-1
40796,3
40798,-1
40799,-1
40801,-1
40802,3
40803,-1
40806,-1
40807,-1
40808,-1
40809,-1
40810,-1
40811,-1
40812,-1
40814,-1
40815,-1
40816,3
40817,3
40818,3
40819,-1
40821,3
40822,3
40825,-1
40827,-1
40828,3
40829,-1
40830,-1
40831,-1
40832,3
40833,3
40834,-1
40835,3
40836,3
40838,3
40839,-1
40841,3
40844,-1
40846,-1
40848,-1
40849,-1
40850,-1
40851,-1
40852,-1
40854,3
40855,-1
40856,-1
40857,3
40859,-1
40860,-1
40862,-1
40863,3
40864,-1
40866,3
40867,-1
40868,-1
40871,3
40872,3
40873,-1
40875,-1
40876,-1
40877,3
40878,3
40881,3
40882,-1
40883,-1
40884,-1
40885,3
40886,-1
40887,3
40888,3
40890,-1
40891,3
40892,3
40894,-1
40896,-1
40898,-1
40899,-1
40900,3
40901,-1
40902,-1
40903,-1
40904,-1
40905,3
40906,-1
40907,-1
40909,-1
40910,-1
40912,3
40914,3
40916,3
40917,3
40918,3
40919,-1
40920,3
40922,3
40923,3
40925,3
40927,-1
40929,3
40930,0
40931,3
40932,-1
40935,-1
40936,-1
40937,-1
40939,-1
40940,1
40941,-1
40946,-1
40947,3
40949,-1
40950,-1
40951,-1
40954,-1
40955,-1
40956,-1
40958,3
40959,3
40961,-1
40962,-1
40963,-1
40964,-1
40965,-1
40966,3
40967,-1
40968,-1
40969,3
40970,3
40973,-1
40975,-1
40976,3
40978,3
40981,-1
40982,3
40983,3
40985,3
40987,3
40988,3
40989,-1
40992,3
40994,-1
40995,3
40997,3
40998,3
41004,-1
41006,-1
41008,3
41009,-1
41012,-1
41013,-1
41014,-1
41015,-1
41016,-1
41017,-1
41018,3
41019,-1
41020,-1
41021,-1
41022,3
41025,-1
41026,3
41027,-1
41030,-1
41032,-1
41033,-1
41034,3
41035,-1
41038,-1
41039,-1
41040,-1
41041,-1
41042,3
41043,-1
41044,-1
41046,3
41047,-1
41050,-1
41052,-1
41053,3
41054,-1
41055,-1
41056,3
41057,-1
41059,-1
41060,-1
41061,-1
41062,-1
41063,0
41064,-1
41066,3
41067,-1
41069,-1
41070,-1
41075,-1
41078,-1
41081,-1
41084,-1
41085,-1
41087,-1
41088,3
41089,-1
41090,-1
41091,3
41094,-1
41095,-1
41096,-1
41097,-1
41098,3
41099,3
41100,-1
41103,-1
41104,-1
41105,3
41106,-1
41108,-1
41109,-1
41111,-1
41114,-1
41115,-1
41116,-1
41117,-1
41120,-1
41121,-1
41122,-1
41123,-1
41125,3
41126,-1
41129,3
41131,-1
41132,-1
41133,-1
41135,3
41136,-1
41137,-1
41138,-1
41139,-1
41140,-1
41142,3
41143,3
41144,-1
41146,-1
41147,3
41150,3
41152,-1
41153,-1
41156,-1
41157,-1
41158,-1
41159,-1
41160,-1
41162,-1
41163,-1
41165,-1
41166,-1
41168,-1
41169,3
41170,-1
41171,3
41172,-1
41173,3
41174,-1
41175,-1
41176,-1
41178,-1
41180,-1
41182,-1
41183,3
41184,3
41186,-1
41187,3
41189,-1
41190,3
41192,3
41193,-1
41194,-1
41195,-1
41196,-1
41200,0
41201,-1
41202,3
41203,-1
41204,3
41206,1
41207,-1
41208,-1
41209,-1
41212,3
41215,-1
41217,3
41218,3
41220,-1
41222,-1
41224,3
41225,-1
41227,-1
41233,-1
41236,-1
41237,-1
41246,3
41247,3
41248,-1
41250,-1
41251,-1
41253,-1
41254,3
41255,-1
41257,3
41258,3
41259,-1
41262,-1
41265,-1
41267,-1
41268,-1
41270,-1
41272,-1
41273,-1
41276,-1
41277,-1
41281,3
41282,3
41284,3
41285,3
41287,-1
41289,3
41291,3
41292,3
41293,-1
41294,3
41297,-1
41298,-1
41299,-1
41301,3
41303,-1
41304,3
41305,3
41308,-1
41310,3
41312,-1
41314,3
41317,-1
41320,3
41323,3
41324,-1
41326,-1
41327,-1
41329,3
41330,3
41331,-1
41333,3
41334,-1
41336,-1
41337,-1
41343,-1
41345,-1
41346,-1
41347,-1
41350,-1
41351,-1
41354,3
41355,-1
41356,3
41357,3
41358,3
41359,3
41360,-1
41362,3
41363,-1
41364,-1
41365,-1
41368,-1
41369,-1
41371,-1
41372,-1
41373,-1
41374,3
41375,-1
41376,3
41379,-1
41380,-1
41381,-1
41382,-1
41383,3
41384,-1
41385,-1
41386,3
41387,-1
41388,-1
41389,-1
41391,-1
41392,-1
41394,-1
41395,-1
41396,-1
41397,-1
41398,-1
41399,-1
41401,-1
41403,-1
41405,3
41407,-1
41408,-1
41409,3
41412,-1
41413,3
41414,-1
41415,3
41417,-1
41418,-1
41419,-1
41420,-1
41422,-1
41431,-1
41432,-1
41433,-1
41434,3
41436,3
41439,-1
41440,-1
41441,-1
41442,-1
41444,-1
41446,-1
41447,3
41448,-1
41449,3
41450,-1
41452,3
41453,-1
41454,-1
41456,2
41457,3
41458,-1
41460,-1
41465,3
41466,3
41467,-1
41468,-1
41469,-1
41470,-1
41471,-1
41472,-1
41473,-1
41476,3
41477,3
41478,-1
41479,-1
41480,-1
41481,1
41484,-1
41485,3
41486,-1
41487,-1
41488,-1
41489,-1
41491,3
41492,3
41495,-1
41496,-1
41497,-1
41499,-1
41503,-1
41504,3
41505,-1
41506,-1
41508,-1
41509,3
41510,-1
41511,-1
41513,-1
41514,-1
41517,3
41518,-1
41519,-1
41520,3
41522,-1
41525,-1
41526,3
41527,3
41528,-1
41529,-1
41530,-1
41531,3
41533,-1
41535,3
41537,-1
41538,-1
41539,-1
41540,-1
41541,3
41542,3
41544,-1
41545,-1
41546,3
41547,-1
41548,3
41549,-1
41551,-1
41552,-1
41554,3
41557,-1
41558,3
41559,3
41560,3
41561,-1
41562,-1
41563,-1
41565,-1
41566,3
41567,3
41569,-1
41571,3
41572,-1
41574,3
41576,3
41577,3
41583,-1
41584,3
41585,3
41587,-1
41588,3
41589,3
41590,-1
41591,-1
41592,-1
41595,-1
41598,-1
41599,3
41601,3
41602,3
41603,3
41604,3
41605,3
41606,-1
41607,-1
41608,-1
41613,-1
41615,-1
41616,-1
41618,-1
41619,-1
41620,-1
41621,-1
41623,3
41627,-1
41628,3
41630,-1
41631,-1
41633,-1
41634,-1
41636,-1
41637,-1
41638,-1
41639,3
41641,3
41642,-1
41643,-1
41644,3
41645,3
41646,-1
41647,-1
41648,-1
41651,-1
41652,-1
41655,-1
41658,3
41659,-1
41660,-1
41663,3
41664,-1
41665,-1
41667,-1
41668,-1
41670,3
41671,-1
41672,-1
41674,3
41675,-1
41677,3
41678,-1
41679,-1
41682,-1
41684,-1
41685,-1
41687,3
41688,-1
41689,-1
41690,-1
41691,-1
41693,3
41696,-1
41697,-1
41698,3
41700,3
41701,3
41703,-1
41706,-1
41707,3
41708,-1
41709,3
41710,-1
41714,-1
41716,-1
41717,3
41720,-1
41726,-1
41727,-1
41728,-1
41729,-1
41730,3
41731,3
41732,-1
41733,-1
41734,-1
41735,-1
41737,3
41740,-1
41741,-1
41743,-1
41744,-1
41745,-1
41747,-1
41749,-1
41752,3
41753,3
41754,-1
41755,-1
41760,-1
41761,-1
41762,-1
41763,-1
41764,-1
41765,0
41769,-1
41771,3
41772,-1
41773,-1
41776,-1
41777,-1
41778,3
41779,-1
41780,3
41781,3
41783,-1
41785,-1
41788,-1
41789,3
41791,-1
41794,3
41795,-1
41797,-1
41799,-1
41802,-1
41806,3
41807,-1
41809,-1
41810,3
41811,3
41812,3
41813,3
41814,-1
41817,3
41818,-1
41820,-1
41822,3
41823,-1
41827,-1
41829,-1
41831,-1
41832,3
41835,-1
41836,-1
41837,3
41838,-1
41839,-1
41841,-1
41842,3
41843,-1
41847,-1
41848,1
41850,-1
41852,-1
41853,3
41854,-1
41855,-1
41856,-1
41857,-1
41858,3
41859,3
41860,-1
41861,-1
41862,-1
41863,-1
41864,-1
41866,-1
41868,-1
41871,3
41874,-1
41875,-1
41876,-1
41877,-1
41878,-1
41880,3
41881,-1
41882,3
41885,-1
41886,3
41887,-1
41888,3
41889,-1
41891,3
41892,-1
41894,-1
41896,-1
41897,-1
41899,-1
41902,-1
41903,-1
41904,-1
41905,-1
41907,-1
41910,-1
41914,-1
41918,-1
41922,-1
41924,-1
41925,3
41926,-1
41927,-1
41928,-1
41929,-1
41930,-1
41931,-1
41932,-1
41935,-1
41939,-1
41940,-1
41942,-1
41946,-1
41948,3
41951,-1
41952,3
41954,-1
41955,-1
41956,-1
41959,3
41960,-1
41963,3
41964,-1
41967,-1
41968,3
41970,3
41971,-1
41972,-1
41973,-1
41974,-1
41975,3
41976,-1
41977,3
41979,3
41980,-1
41981,-1
41982,3
41985,-1
41989,-1
41990,-1
41991,-1
41992,-1
41993,-1
41995,-1
41996,3
41999,-1
42000,3
42003,-1
42005,-1
42006,-1
42007,-1
42008,-1
42010,-1
42012,-1
42014,3
42015,-1
42016,-1
42018,3
42019,-1
42020,-1
42021,3
42022,-1
42026,-1
42031,-1
42032,-1
42033,-1
42035,-1
42036,3
42037,-1
42038,3
42039,-1
42040,3
42042,3
42043,-1
42044,3
42045,-1
42046,-1
42048,-1
42049,-1
42050,-1
42052,-1
42055,-1
42056,-1
42057,-1
42058,-1
42059,3
42061,-1
42062,-1
42063,-1
42064,1
42066,-1
42069,-1
42071,-1
42072,-1
42075,-1
42076,-1
42077,3
42079,-1
42080,-1
42082,-1
42084,-1
42085,-1
42086,-1
42087,-1
42088,-1
42089,3
42092,-1
42093,-1
42094,-1
42096,-1
42098,-1
42099,-1
42100,-1
42101,-1
42103,-1
42104,3
42105,-1
42106,-1
42107,-1
42110,-1
42111,3
42112,-1
42113,-1
42114,-1
42115,-1
42117,-1
42119,3
42121,-1
42122,3
42123,-1
42124,-1
42125,-1
42126,3
42127,-1
42128,-1
42129,-1
42130,-1
42131,-1
42132,-1
42133,-1
42136,-1
42137,-1
42138,3
42139,-1
42142,-1
42143,-1
42145,-1
42147,3
42148,3
42149,-1
42150,-1
42151,-1
42154,-1
42156,-1
42158,-1
42159,-1
42164,3
42165,3
42166,3
42167,-1
42169,-1
42170,3
42171,-1
42172,-1
42176,3
42177,-1
42180,-1
42182,-1
42183,-1
42184,3
42185,-1
42186,-1
42187,3
42188,-1
42189,-1
42191,3
42192,-1
42193,-1
42197,3
42198,3
42199,-1
42203,3
42204,3
42205,3
42206,3
42207,-1
42209,3
42210,3
42213,3
42214,-1
42215,-1
42217,-1
42218,-1
42219,-1
42221,-1
42222,3
42223,3
42226,-1
42230,-1
42231,-1
42232,-1
42235,3
42236,3
42240,3
42241,-1
42242,-1
42243,3
42244,-1
42247,3
42250,3
42251,-1
42255,-1
42257,-1
42258,3
42259,-1
42261,3
42263,-1
42264,-1
42266,3
42268,3
42270,3
42271,-1
42272,3
42274,-1
42277,-1
42278,-1
42279,-1
42281,3
42282,-1
42284,3
42285,-1
42287,-1
42288,-1
42290,3
42291,-1
42292,-1
42293,-1
42294,-1
42295,3
42296,3
42298,-1
42301,-1
42305,3
42306,-1
42307,3
42308,3
42309,-1
42310,-1
42311,3
42312,-1
42313,-1
42315,-1
42316,3
42318,-1
42319,3
42320,-1
42321,3
42322,-1
42323,-1
42324,-1
42325,3
42326,-1
42327,-1
42328,-1
42329,-1
42330,-1
42332,-1
42336,-1
42337,3
42338,1
42339,-1
42341,-1
42342,3
42343,-1
42347,-1
42348,-1
42351,-1
42354,-1
42355,3
42357,3
42360,-1
42362,-1
42363,-1
42364,-1
42365,-1
42366,-1
42367,-1
42369,-1
42371,3
42372,-1
42374,-1
42376,3
42377,-1
42378,-1
42380,-1
42381,3
42382,3
42383,-1
42384,3
42386,-1
42387,3
42388,3
42389,-1
42390,-1
42391,-1
42392,3
42393,3
42396,-1
42397,-1
42398,-1
42400,3
42403,3
42405,-1
42406,-1
42407,2
42408,-1
42409,-1
42412,3
42415,3
42416,-1
42417,3
42420,3
42421,-1
42422,3
42423,0
42424,-1
42426,-1
42427,-1
42429,-1
42430,-1
42431,-1
42433,-1
42435,-1
42436,-1
42437,-1
42438,-1
42440,3
42441,-1
42445,3
42446,3
42447,3
42449,-1
42450,-1
42451,3
42453,-1
42454,-1
42455,-1
42456,3
42457,-1
42458,-1
42459,-1
42461,-1
42463,-1
42465,-1
42466,-1
42468,3
42469,-1
42470,-1
42472,-1
42473,-1
42474,-1
42475,-1
42477,-1
42481,-1
42482,-1
42483,-1
42484,-1
42485,-1
42487,-1
42488,-1
42490,3
42491,-1
42492,-1
42493,-1
42495,0
42497,3
42500,-1
42501,-1
42502,-1
42505,3
42506,-1
42507,-1
42508,-1
42509,-1
42510,-1
42511,-1
42512,-1
42513,-1
42514,-1
42515,0
42519,3
42520,-1
42525,-1
42526,-1
42527,3
42529,-1
42530,3
42536,-1
42537,-1
42538,-1
42539,-1
42540,-1
42542,3
42543,3
42544,-1
42546,-1
42548,3
42550,-1
42551,3
42552,-1
42553,3
42556,-1
42557,3
42558,3
42559,-1
42560,3
42561,-1
42562,3
42563,-1
42564,-1
42565,3
42566,-1
42568,-1
42574,3
42577,-1
42578,3
42579,-1
42580,-1
42581,-1
42583,3
42585,3
42587,-1
42588,-1
42589,-1
42591,-1
42592,-1
42593,3
42594,-1
42596,3
42597,-1
42598,3
42600,3
42602,-1
42607,3
42608,3
42610,-1
42611,3
42614,-1
42615,-1
42616,3
42617,-1
42618,-1
42619,-1
42620,-1
42622,3
42623,3
42624,-1
42625,3
42630,-1
42632,-1
42633,3
42634,-1
42635,-1
42637,-1
42638,-1
42639,-1
42640,-1
42641,3
42642,-1
42643,3
42645,-1
42646,3
42648,3
42650,-1
42653,-1
42654,-1
42655,3
42656,-1
42657,3
42658,-1
42659,-1
42661,3
42662,-1
42664,-1
42665,-1
42667,-1
42668,3
42669,3
42670,-1
42671,-1
42675,-1
42678,-1
42679,0
42680,-1
42681,-1
42682,-1
42685,-1
42687,-1
42689,-1
42690,3
42693,-1
42696,3
42697,-1
42698,3
42701,3
42703,3
42704,3
42705,-1
42708,-1
42711,-1
42712,-1
42714,3
42715,-1
42716,-1
42717,-1
42720,3
42721,-1
42723,-1
42726,-1
42729,3
42730,-1
42731,3
42732,3
42733,-1
42737,3
42740,-1
42741,-1
42742,-1
42743,-1
42744,-1
42745,3
42748,-1
42749,3
42752,-1
42755,3
42757,3
42758,-1
42760,-1
42761,-1
42762,-1
42764,-1
42766,3
42767,-1
42769,-1
42770,-1
42771,-1
42773,3
42774,-1
42775,3
42781,-1
42782,-1
42783,3
42787,-1
42789,-1
42790,3
42793,-1
42795,-1
42798,3
42799,-1
42800,-1
42801,-1
42803,3
42804,-1
42807,3
42808,-1
42810,-1
42811,-1
42813,-1
42814,-1
42815,3
42819,-1
42820,-1
42821,3
42823,-1
42824,-1
42825,-1
42828,-1
42829,3
42833,3
42840,-1
42843,-1
42844,3
42845,3
42846,-1
42847,-1
42849,3
42851,-1
42852,-1
42857,-1
42858,-1
42860,3
42861,-1
42864,3
42865,-1
42866,-1
42867,3
42869,-1
42870,-1
42871,-1
42872,-1
42876,-1
42878,-1
42879,-1
42880,-1
42882,-1
42883,-1
42886,-1
42887,-1
42888,-1
42889,-1
42890,-1
42891,-1
42892,-1
42893,-1
42894,-1
42895,-1
42897,-1
42899,-1
42902,-1
42903,-1
42906,-1
42907,-1
42908,-1
42909,-1
42910,-1
42912,-1
42913,3
42914,-1
42915,-1
42916,-1
42917,3
42918,-1
42920,3
42921,-1
42923,-1
42924,3
42926,-1
42927,-1
42928,-1
42929,-1
42932,3
42933,-1
42935,-1
42937,-1
42938,-1
42939,-1
42940,-1
42941,-1
42944,3
42946,2
42948,-1
42949,-1
42950,3
42951,-1
42953,-1
42955,-1
42958,-1
42960,-1
42961,3
42962,-1
42963,-1
42965,-1
42968,-1
42969,-1
42971,3
42973,-1
42975,3
42976,-1
42977,3
42979,1
42980,-1
42981,-1
42982,-1
42983,-1
42985,-1
42986,-1
42991,-1
42993,-1
42995,3
42996,-1
42998,-1
42999,-1
43000,-1
43001,3
43002,3
43005,3
43006,-1
43008,-1
43009,-1
43010,-1
43014,-1
43015,-1
43016,3
43019,-1
43021,-1
43024,-1
43025,3
43026,-1
43027,-1
43029,-1
43030,-1
43032,-1
43034,3
43036,-1
43037,3
43038,-1
43042,3
43043,-1
43046,3
43049,-1
43050,3
43051,3
43053,-1
43055,3
43056,-1
43057,-1
43059,3
43062,-1
43064,-1
43067,-1
43068,-1
43070,-1
43072,3
43074,-1
43077,3
43080,-1
43082,-1
43084,3
43086,-1
43087,-1
43088,-1
43089,3
43090,3
43092,-1
43093,-1
43096,-1
43098,-1
43100,3
43102,-1
43103,-1
43104,-1
43106,-1
43107,-1
43108,-1
43109,3
43112,-1
43114,3
43115,3
43117,-1
43118,-1
43119,-1
43120,-1
43123,-1
43124,-1
43126,-1
43127,-1
43128,-1
43130,-1
43131,-1
43133,-1
43134,3
43135,-1
43136,-1
43138,3
43140,-1
43142,-1
43143,-1
43144,-1
43145,-1
43146,3
43147,3
43150,3
43151,-1
43155,3
43156,0
43158,3
43159,-1
43160,-1
43162,3
43163,-1
43165,-1
43167,-1
43168,-1
43171,3
43173,3
43174,-1
43176,-1
43177,-1
43179,-1
43181,-1
43183,-1
43184,-1
43185,3
43188,-1
43189,3
43191,3
43192,-1
43195,-1
43196,3
43198,-1
43200,3
43203,-1
43204,-1
43205,3
43207,-1
43208,-1
43209,-1
43210,-1
43211,3
43212,-1
43213,-1
43214,-1
43215,3
43218,-1
43220,3
43222,-1
43223,3
43224,-1
43225,-1
43226,-1
43228,3
43229,-1
43230,-1
43231,-1
43232,-1
43233,-1
43236,3
43238,3
43239,-1
43242,3
43244,-1
43245,3
43246,-1
43247,3
43248,-1
43249,-1
43250,-1
43251,3
43253,-1
43256,-1
43257,-1
43259,-1
43260,-1
43261,-1
43263,-1
43265,3
43267,-1
43268,-1
43270,3
43271,3
43279,3
43281,-1
43283,3
43286,-1
43294,-1
43295,-1
43296,3
43297,3
43299,3
43301,3
43302,-1
43303,3
43304,3
43306,-1
43307,-1
43308,-1
43309,-1
43310,-1
43311,3
43313,-1
43314,-1
43318,-1
43320,3
43321,3
43322,-1
43323,-1
43327,-1
43328,-1
43329,-1
43330,3
43331,-1
43333,-1
43334,-1
43335,3
43336,-1
43337,-1
43339,-1
43340,-1
43341,-1
43343,-1
43345,-1
43346,-1
43347,3
43350,3
43351,-1
43356,-1
43358,-1
43360,-1
43361,3
43362,-1
43365,-1
43366,-1
43370,3
43372,3
43373,-1
43374,-1
43377,-1
43378,-1
43383,-1
43385,-1
43386,3
43388,3
43389,-1
43390,-1
43392,-1
43393,3
43394,-1
43395,-1
43397,-1
43398,3
43401,3
43402,-1
43405,-1
43406,-1
43407,-1
43408,3
43409,-1
43410,3
43411,-1
43412,-1
43413,-1
43417,3
43418,-1
43420,3
43421,-1
43422,-1
43423,-1
43424,-1
43425,-1
43426,-1
43427,-1
43428,-1
43429,-1
43431,3
43433,3
43434,-1
43435,-1
43438,-1
43441,3
43443,-1
43444,3
43445,3
43446,-1
43447,-1
43448,-1
43449,2
43451,-1
43455,-1
43457,3
43459,-1
43460,-1
43461,3
43462,3
43464,-1
43466,-1
43467,-1
43468,-1
43469,3
43470,-1
43471,3
43476,-1
43477,3
43479,0
43480,-1
43482,-1
43483,-1
43484,3
43485,3
43488,-1
43489,-1
43491,3
43492,-1
43493,3
43494,-1
43495,-1
43496,3
43497,3
43498,3
43499,1
43501,0
43505,-1
43506,-1
43510,3
43511,-1
43513,3
43517,3
43518,-1
43519,3
43520,3
43521,-1
43524,3
43527,-1
43528,-1
43529,3
43530,-1
43531,-1
43533,-1
43534,-1
43535,-1
43536,-1
43540,3
43541,-1
43542,-1
43543,-1
43544,-1
43545,3
43547,-1
43548,-1
43551,-1
43552,3
43553,-1
43555,-1
43560,-1
43561,-1
43562,-1
43566,-1
43568,3
43569,3
43570,-1
43571,-1
43572,-1
43573,-1
43574,-1
43575,3
43577,-1
43578,3
43580,-1
43581,-1
43584,-1
43588,-1
43591,-1
43592,-1
43593,3
43599,-1
43600,-1
43601,-1
43604,-1
43605,-1
43606,-1
43607,3
43608,-1
43609,-1
43610,3
43612,-1
43613,-1
43616,3
43618,3
43621,-1
43622,-1
43623,3
43627,-1
43628,-1
43629,-1
43630,3
43633,-1
43637,3
43640,-1
43641,-1
43643,-1
43644,-1
43645,-1
43646,-1
43647,-1
43649,-1
43651,-1
43652,-1
43653,3
43655,3
43656,3
43658,-1
43659,-1
43660,-1
43661,-1
43662,-1
43663,-1
43666,-1
43668,3
43669,3
43670,-1
43673,-1
43675,3
43676,-1
43680,-1
43681,-1
43683,-1
43685,3
43687,3
43689,-1
43690,-1
43691,-1
43693,3
43694,-1
43696,-1
43697,-1
43698,-1
43701,-1
43702,-1
43703,3
43704,-1
43705,-1
43707,-1
43708,-1
43709,-1
43710,-1
43711,-1
43712,3
43715,3
43716,-1
43717,3
43719,-1
43722,-1
43724,-1
43725,3
43726,3
43727,-1
43728,-1
43729,-1
43732,-1
43734,-1
43735,-1
43736,-1
43739,-1
43740,0
43741,-1
43742,2
43743,3
43744,3
43745,3
43746,-1
43747,-1
43748,-1
43749,3
43750,-1
43752,3
43753,3
43756,-1
43758,-1
43766,-1
43767,3
43768,-1
43769,3
43773,3
43775,-1
43777,-1
43779,2
43780,-1
43782,-1
43784,3
43785,-1
43787,-1
43788,-1
43789,-1
43790,-1
43792,-1
43793,-1
43794,3
43795,-1
43796,3
43798,-1
43800,-1
43801,-1
43802,3
43803,-1
43804,3
43805,3
43806,-1
43807,-1
43808,-1
43809,3
43811,-1
43812,3
43815,-1
43816,-1
43819,-1
43820,3
43821,-1
43824,3
43825,-1
43826,-1
43827,3
43828,-1
43831,3
43832,-1
43833,-1
43834,-1
43837,-1
43838,-1
43839,-1
43840,3
43842,-1
43844,3
43845,-1
43847,3
43848,-1
43849,3
43850,3
43851,-1
43852,-1
43853,-1
43854,-1
43856,3
43857,3
43858,-1
43859,-1
43862,-1
43863,-1
43865,-1
43866,-1
43867,3
43868,-1
43870,-1
43871,-1
43873,-1
43874,-1
43875,3
43876,-1
43877,3
43878,3
43883,3
43884,3
43887,-1
43888,-1
43889,3
43892,-1
43894,-1
43895,-1
43896,-1
43897,-1
43900,3
43901,3
43902,-1
43903,-1
43904,-1
43905,3
43906,3
43907,-1
43909,-1
43910,-1
43911,-1
43912,-1
43913,-1
43915,3
43916,-1
43917,-1
43918,3
43919,-1
43921,-1
43924,3
43925,-1
43926,-1
43927,3
43928,-1
43929,3
43930,-1
43931,-1
43934,-1
43935,3
43937,-1
43938,-1
43939,-1
43941,-1
43943,3
43944,-1
43946,3
43947,-1
43948,3
43949,3
43953,-1
43956,-1
43957,-1
43961,3
43962,-1
43965,-1
43967,3
43968,-1
43969,3
43971,-1
43972,-1
43973,-1
43974,-1
43975,3
43978,3
43979,-1
43982,1
43983,-1
43985,3
43987,-1
43989,-1
43991,3
43992,3
43993,-1
43994,-1
43996,-1
43997,-1
43998,-1
44000,-1
44001,3
44002,-1
44003,-1
44005,3
44006,-1
44007,-1
44009,-1
44011,-1
44013,3
44014,-1
44016,-1
44018,3
44019,-1
44021,-1
44022,-1
44026,-1
44027,3
44028,-1
44029,-1
44031,-1
44032,3
44033,-1
44034,3
44035,3
44036,-1
44037,-1
44038,3
44039,3
44042,3
44043,-1
44044,3
44047,-1
44048,-1
44050,-1
44053,-1
44054,-1
44055,-1
44056,-1
44058,-1
44059,-1
44060,-1
44061,3
44063,-1
44064,-1
44065,-1
44066,-1
44067,-1
44068,-1
44069,-1
44070,3
44071,-1
44072,3
44073,-1
44075,3
44081,-1
44082,-1
44083,-1
44084,-1
44087,-1
44090,-1
44091,3
44092,3
44093,-1
44094,-1
44095,-1
44096,-1
44098,-1
44099,3
44100,3
44101,-1
44102,-1
44103,-1
44104,-1
44105,-1
44106,-1
44107,-1
44108,3
44109,3
44110,-1
44111,3
44117,-1
44121,-1
44122,-1
44123,-1
44124,3
44125,-1
44126,-1
44132,3
44133,3
44134,3
44135,-1
44136,3
44139,-1
44140,-1
44144,3
44148,-1
44149,-1
44150,3
44152,3
44153,-1
44154,-1
44155,-1
44156,-1
44157,-1
44158,3
44160,-1
44161,3
44162,3
44165,3
44167,-1
44169,-1
44171,-1
44172,-1
44179,-1
44180,-1
44181,-1
44182,-1
44183,-1
44184,0
44189,-1
44191,3
44192,3
44193,-1
44194,-1
44195,-1
44196,-1
44198,-1
44199,-1
44200,3
44202,-1
44203,3
44204,3
44205,-1
44206,-1
44207,-1
44209,3
44215,-1
44216,-1
44217,-1
44218,-1
44221,-1
44222,3
44223,2
44228,-1
44230,-1
44231,-1
44232,3
44233,3
44236,-1
44237,-1
44238,3
44239,-1
44241,3
44244,-1
44245,-1
44246,3
44248,3
44249,-1
44250,3
44251,-1
44252,-1
44255,3
44257,3
44260,3
44262,1
44263,-1
44264,-1
44265,3
44266,0
44267,3
44269,3
44270,-1
44273,-1
44274,-1
44275,-1
44277,3
44278,-1
44281,3
44283,3
44284,3
44285,-1
44286,-1
44287,-1
44288,-1
44291,-1
44293,3
44296,3
44298,-1
44299,-1
44302,-1
44305,-1
44307,-1
44308,-1
44309,-1
44311,3
44313,-1
44314,3
44315,-1
44316,-1
44317,3
44318,-1
44321,-1
44322,-1
44324,-1
44326,-1
44328,3
44329,-1
44330,-1
44331,3
44332,3
44333,3
44334,3
44335,-1
44336,-1
44337,-1
44338,3
44339,3
44342,-1
44343,-1
44344,3
44345,-1
44346,3
44348,-1
44352,3
44354,-1
44356,-1
44357,-1
44358,3
44361,-1
44363,3
44364,-1
44365,-1
44366,-1
44368,0
44369,-1
44370,3
44372,-1
44373,3
44376,3
44379,-1
44383,-1
44385,-1
44386,3
44387,3
44388,-1
44390,-1
44393,-1
44394,-1
44395,3
44397,-1
44398,3
44399,-1
44400,-1
44401,-1
44402,-1
44404,-1
44405,1
44406,-1
44408,-1
44410,-1
44412,-1
44413,0
44415,3
44418,-1
44420,-1
44421,-1
44422,-1
44423,-1
44424,-1
44425,3
44426,-1
44427,3
44428,-1
44429,3
44430,-1
44431,-1
44435,-1
44438,-1
44439,3
44441,-1
44442,2
44443,3
44444,-1
44445,3
44447,-1
44449,3
44452,-1
44453,-1
44455,-1
44456,-1
44458,3
44459,3
44460,-1
44462,-1
44463,3
44466,1
44468,-1
44469,-1
44471,-1
44472,-1
44474,3
44475,-1
44476,-1
44477,-1
44478,-1
44480,-1
44481,-1
44482,-1
44484,-1
44485,-1
44486,3
44487,-1
44488,3
44490,-1
44492,-1
44494,-1
44495,-1
44499,-1
44500,-1
44502,-1
44503,0
44505,-1
44506,-1
44507,3
44508,-1
44510,3
44511,-1
44512,-1
44514,-1
44517,3
44519,-1
44520,-1
44523,3
44526,-1
44527,-1
44528,-1
44529,-1
44530,-1
44531,3
44533,-1
44534,-1
44538,3
44541,-1
44542,3
44543,-1
44547,3
44549,-1
44551,3
44553,-1
44556,-1
44557,3
44559,3
44560,-1
44561,-1
44563,-1
44564,3
44565,-1
44566,3
44567,-1
44569,-1
44570,3
44571,-1
44573,3
44576,3
44578,3
44579,3
44580,-1
44581,-1
44582,-1
44583,-1
44586,-1
44587,3
44589,3
44590,-1
44591,-1
44592,-1
44593,-1
44594,3
44595,3
44598,3
44602,-1
44604,-1
44606,-1
44607,-1
44609,3
44610,-1
44611,3
44615,3
44616,-1
44617,3
44618,-1
44619,-1
44621,-1
44622,-1
44624,-1
44625,-1
44626,-1
44627,-1
44628,3
44629,-1
44630,-1
44632,-1
44633,3
44635,3
44636,3
44638,3
44639,-1
44640,-1
44642,3
44643,-1
44644,-1
44647,-1
44648,-1
44651,3
44652,1
44653,-1
44659,-1
44662,3
44663,2
44666,3
44667,-1
44668,-1
44669,-1
44670,3
44671,-1
44673,-1
44674,-1
44675,-1
44676,-1
44677,-1
44678,3
44679,-1
44682,-1
44685,-1
44687,-1
44688,3
44691,-1
44692,-1
44693,3
44694,-1
44695,-1
44696,3
44697,-1
44699,-1
44701,-1
44702,3
44704,-1
44705,-1
44707,3
44708,-1
44711,3
44712,-1
44713,3
44719,-1
44720,-1
44724,-1
44725,3
44726,-1
44729,3
44730,-1
44734,3
44736,-1
44737,3
44738,-1
44739,-1
44740,-1
44745,-1
44747,-1
44749,3
44750,-1
44751,3
44753,3
44754,3
44755,-1
44757,-1
44758,3
44760,-1
44763,3
44765,3
44768,3
44771,-1
44772,-1
44774,-1
44777,-1
44778,-1
44779,3
44780,3
44781,-1
44784,-1
44785,-1
44786,-1
44787,-1
44788,-1
44789,-1
44790,-1
44791,-1
44792,-1
44793,3
44794,3
44795,-1
44796,3
44798,-1
44799,-1
44800,-1
44802,-1
44803,3
44804,3
44805,-1
44807,-1
44808,3
44810,-1
44812,-1
44814,3
44815,3
44816,-1
44817,-1
44821,-1
44824,3
44825,3
44827,-1
44828,-1
44829,-1
44833,3
44835,3
44836,-1
44838,-1
44839,3
44840,-1
44844,-1
44845,3
44846,-1
44850,-1
44851,-1
44853,-1
44854,-1
44856,3
44857,-1
44861,3
44862,3
44864,3
44865,-1
44873,-1
44875,-1
44876,-1
44877,-1
44878,-1
44879,-1
44881,-1
44882,-1
44883,3
44884,-1
44885,-1
44888,3
44889,-1
44890,-1
44891,-1
44892,-1
44893,3
44894,-1
44896,3
44897,3
44898,3
44899,-1
44900,-1
44905,-1
44906,-1
44907,-1
44908,3
44910,-1
44912,3
44913,-1
44914,3
44916,-1
44918,-1
44920,-1
44921,3
44922,-1
44923,-1
44924,3
44926,3
44927,-1
44929,-1
44930,3
44931,-1
44932,-1
44933,-1
44934,-1
44936,-1
44937,-1
44939,-1
44941,-1
44942,-1
44945,-1
44946,-1
44948,3
44949,3
44950,-1
44951,-1
44953,3
44955,-1
44956,-1
44957,-1
44958,-1
44961,-1
44962,3
44964,-1
44965,-1
44966,3
44969,-1
44971,-1
44972,3
44973,-1
44975,3
44976,-1
44977,-1
44980,-1
44981,-1
44983,-1
44985,-1
44986,-1
44988,-1
44989,-1
44991,-1
44992,-1
44993,3
44994,-1
44995,-1
44996,3
44997,3
45000,-1
45001,-1
45003,-1
45006,-1
45007,-1
45009,-1
45010,3
45011,3
45014,1
45018,-1
45021,3
45022,-1
45023,-1
45024,-1
45028,-1
45029,-1
45031,3
45032,-1
45033,-1
45035,-1
45038,-1
45039,-1
45042,-1
45044,-1
45045,3
45049,3
45050,-1
45051,-1
45052,-1
45053,-1
45054,3
45057,-1
45059,-1
45060,-1
45064,3
45065,-1
45066,3
45068,-1
45069,-1
45070,-1
45071,3
45073,3
45074,-1
45078,3
45080,-1
45081,3
45082,3
45083,-1
45084,-1
45085,-1
45086,-1
45087,3
45088,-1
45089,-1
45090,-1
45091,3
45092,-1
45093,3
45094,-1
45096,-1
45097,-1
45098,-1
45100,3
45104,-1
45107,-1
45108,-1
45109,-1
45111,-1
45116,-1
45118,3
45121,-1
45122,-1
45123,-1
45124,3
45125,-1
45126,-1
45127,3
45128,3
45129,-1
45132,3
45135,-1
45136,3
45137,3
45139,3
45140,-1
45141,3
45143,-1
45144,3
45145,-1
45146,3
45147,3
45148,-1
45149,3
45151,-1
45152,-1
45153,-1
45154,3
45155,3
45157,-1
45160,3
45162,-1
45164,-1
45165,-1
45166,-1
45167,3
45169,-1
45171,-1
45172,3
45174,3
45175,3
45176,-1
45177,3
45178,3
45179,-1
45180,-1
45181,-1
45183,3
45185,-1
45186,3
45187,-1
45188,-1
45189,3
45192,-1
45193,3
45194,3
45195,-1
45196,-1
45197,3
45198,-1
45199,-1
45201,-1
45202,-1
45203,-1
45204,-1
45205,3
45206,3
45209,-1
45210,3
45211,-1
45215,-1
45216,-1
45218,-1
45220,-1
45221,2
45223,-1
45225,3
45226,-1
45228,-1
45230,-1
45234,-1
45235,-1
45236,3
45237,-1
45238,-1
45240,-1
45241,3
45242,-1
45243,3
45245,-1
45247,-1
45249,-1
45250,-1
45251,-1
45252,-1
45254,-1
45255,-1
45256,-1
45259,-1
45261,3
45262,3
45263,-1
45264,3
45265,-1
45266,3
45267,3
45270,3
45272,3
45274,-1
45275,3
45276,-1
45277,-1
45279,3
45280,3
45282,3
45283,-1
45284,3
45286,-1
45287,3
45288,-1
45290,-1
45292,-1
45293,-1
45294,-1
45297,3
45301,-1
45302,-1
45304,-1
45307,-1
45308,-1
45312,3
45314,-1
45315,-1
45316,-1
45317,3
45318,-1
45320,3
45321,-1
45322,-1
45323,3
45325,-1
45328,-1
45334,-1
45335,-1
45336,-1
45341,3
45342,-1
45347,-1
45349,-1
45352,-1
45353,-1
45356,-1
45359,3
45360,-1
45361,3
45362,-1
45364,3
45365,-1
45366,-1
45368,-1
45369,-1
45371,-1
45372,-1
45373,3
45374,-1
45375,3
45376,3
45378,-1
45379,-1
45380,3
45381,3
45382,3
45383,-1
45384,-1
45387,-1
45388,-1
45391,-1
45392,-1
45393,-1
45394,-1
45395,-1
45398,-1
45399,3
45400,3
45402,-1
45403,-1
45404,3
45405,-1
45406,-1
45407,3
45408,-1
45410,-1
45411,-1
45412,-1
45413,3
45414,3
45415,3
45416,-1
45417,3
45419,-1
45420,-1
45421,3
45422,-1
45424,-1
45425,-1
45428,-1
45429,-1
45430,-1
45431,-1
45432,-1
45433,-1
45434,-1
45435,-1
45436,3
45437,-1
45438,-1
45442,-1
45443,-1
45444,3
45445,3
45447,-1
45448,-1
45449,3
45452,-1
45453,-1
45454,3
45455,-1
45456,3
45457,0
45460,-1
45463,-1
45464,-1
45465,-1
45466,-1
45467,1
45470,-1
45473,-1
45474,-1
45476,-1
45477,-1
45479,-1
45480,3
45481,-1
45482,-1
45483,-1
45485,-1
45486,-1
45487,3
45488,1
45489,3
45490,3
45492,3
45493,3
45495,3
45497,-1
45498,-1
45502,-1
45505,3
45506,-1
45507,-1
45509,-1
45510,-1
45512,-1
45513,-1
45514,3
45515,-1
45516,3
45517,3
45519,-1
45521,3
45522,3
45523,-1
45525,3
45526,-1
45528,-1
45529,3
45534,-1
45535,-1
45536,-1
45537,-1
45539,-1
45540,-1
45541,-1
45543,-1
45544,-1
45546,-1
45547,-1
45548,-1
45550,-1
45551,-1
45552,-1
45553,-1
45558,-1
45559,-1
45560,3
45561,-1
45563,-1
45564,3
45565,-1
45568,-1
45571,-1
45573,-1
45574,3
45578,3
45580,-1
45584,3
45585,-1
45586,3
45587,-1
45588,3
45589,-1
45590,-1
45591,3
45593,3
45594,-1
45595,3
45596,3
45598,-1
45599,3
45600,-1
45601,-1
45602,-1
45603,-1
45606,3
45607,-1
45608,-1
45613,3
45614,3
45615,3
45616,-1
45619,3
45622,-1
45625,-1
45626,3
45627,-1
45629,-1
45634,3
45635,-1
45636,-1
45637,3
45638,3
45639,-1
45640,3
45642,-1
45643,-1
45644,-1
45645,-1
45648,-1
45649,-1
45652,-1
45653,-1
45654,3
45656,3
45659,3
45661,-1
45662,-1
45663,-1
45665,3
45666,-1
45668,-1
45669,-1
45671,-1
45672,3
45673,-1
45674,-1
45675,-1
45676,-1
45678,-1
45679,3
45680,-1
45681,-1
45683,3
45684,-1
45685,-1
45686,-1
45687,3
45689,-1
45690,-1
45691,-1
45692,-1
45693,-1
45697,-1
45698,-1
45699,-1
45700,-1
45702,3
45703,3
45704,-1
45706,-1
45707,3
45711,-1
45712,-1
45713,3
45714,3
45719,-1
45720,3
45721,3
45722,-1
45725,-1
45728,-1
45729,3
45731,-1
45732,-1
45736,-1
45738,-1
45739,3
45741,-1
45742,-1
45743,-1
45744,3
45747,-1
45748,-1
45749,-1
45752,3
45753,-1
45754,1
45760,-1
45761,-1
45762,-1
45763,-1
45764,3
45765,3
45770,-1
45771,3
45772,3
45773,-1
45774,3
45777,3
45779,3
45781,-1
45782,-1
45789,-1
45792,-1
45795,3
45796,3
45798,-1
45799,-1
45800,-1
45802,-1
45803,3
45806,-1
45808,-1
45813,-1
45815,-1
45816,-1
45817,3
45818,-1
45823,-1
45825,-1
45826,-1
45828,-1
45829,-1
45830,2
45832,0
45833,-1
45834,-1
45837,3
45840,-1
45842,-1
45843,2
45846,3
45847,3
45849,3
45850,-1
45851,3
45852,-1
45855,-1
45856,3
45859,-1
45862,-1
45863,-1
45864,-1
45866,-1
45870,-1
45873,3
45876,-1
45877,-1
45878,-1
45879,3
45884,-1
45885,-1
45886,3
45887,3
45888,3
45891,3
45893,-1
45897,-1
45898,-1
45900,3
45902,-1
45903,3
45905,-1
45907,-1
45914,3
45916,-1
45918,-1
45920,-1
45921,3
45922,3
45923,-1
45925,-1
45926,-1
45928,3
45929,-1
45930,-1
45931,-1
45932,-1
45934,-1
45935,-1
45936,-1
45938,-1
45939,3
45941,3
45942,-1
45943,-1
45945,-1
45946,3
45949,-1
45951,-1
45952,3
45953,3
45954,3
45955,-1
45956,3
45958,-1
45959,-1
45960,3
45964,-1
45965,3
45968,-1
45969,-1
45972,-1
45973,-1
45974,3
45975,3
45977,3
45979,-1
45981,-1
45983,-1
45985,-1
45986,3
45988,3
45989,3
45990,-1
45991,-1
45993,-1
45994,3
45996,3
45998,-1
45999,-1
46000,-1
46002,-1
46003,-1
46004,3
46007,-1
46008,3
46009,-1
46010,-1
46011,-1
46012,-1
46015,-1
46016,-1
46017,3
46018,3
46019,-1
46020,-1
46021,-1
46023,3
46025,3
46026,-1
46027,-1
46028,-1
46031,3
46033,-1
46037,-1
46038,3
46043,3
46044,-1
46046,-1
46047,3
46048,-1
46049,3
46051,-1
46052,3
46055,-1
46056,-1
46059,-1
46060,-1
46061,-1
46065,-1
46066,-1
46067,3
46068,-1
46069,-1
46070,-1
46071,3
46074,3
46075,-1
46076,-1
46077,3
46079,-1
46080,-1
46081,-1
46083,3
46084,-1
46085,-1
46086,-1
46087,-1
46089,3
46092,3
46093,-1
46096,3
46097,-1
46100,-1
46101,-1
46102,-1
46103,-1
46104,-1
46107,-1
46108,3
46109,-1
46110,-1
46112,3
46114,-1
46115,-1
46116,-1
46117,-1
46118,-1
46119,-1
46122,3
46123,3
46124,3
46126,-1
46128,-1
46129,-1
46132,-1
46133,-1
46135,3
46137,-1
46139,-1
46140,-1
46144,-1
46145,-1
46147,-1
46148,-1
46149,-1
46150,-1
46151,-1
46152,-1
46153,-1
46155,0
46158,-1
46159,3
46160,-1
46161,3
46163,3
46165,3
46166,3
46167,-1
46168,-1
46169,3
46170,-1
46171,3
46172,-1
46173,3
46174,-1
46175,3
46176,3
46177,-1
46178,-1
46179,-1
46181,3
46184,3
46187,-1
46189,-1
46190,-1
46191,-1
46192,3
46195,3
46197,3
46198,-1
46199,-1
46200,-1
46201,3
46202,3
46204,-1
46205,3
46209,-1
46211,-1
46212,3
46214,-1
46215,3
46216,-1
46217,3
46219,-1
46223,-1
46224,3
46226,-1
46227,-1
46228,3
46231,-1
46233,-1
46235,3
46237,-1
46239,-1
46240,3
46242,-1
46244,-1
46245,3
46246,-1
46248,3
46251,-1
46253,-1
46255,3
46256,3
46259,-1
46260,-1
46261,-1
46262,-1
46263,3
46265,3
46266,-1
46268,-1
46269,-1
46271,3
46273,1
46274,-1
46276,3
46278,3
46279,-1
46280,-1
46282,3
46283,-1
46284,-1
46285,-1
46287,-1
46288,-1
46289,1
46290,-1
46291,-1
46294,-1
46295,-1
46296,-1
46300,-1
46301,-1
46303,-1
46304,-1
46305,3
46306,3
46308,-1
46310,-1
46312,3
46313,-1
46314,-1
46315,3
46316,-1
46317,-1
46318,-1
46322,-1
46325,3
46326,-1
46327,-1
46328,3
46329,-1
46330,3
46331,-1
46332,3
46334,-1
46335,-1
46337,-1
46338,-1
46342,-1
46343,3
46344,2
46345,-1
46346,3
46349,-1
46350,3
46352,-1
46353,3
46354,-1
46355,-1
46356,-1
46359,-1
46362,3
46363,-1
46365,-1
46366,3
46367,-1
46369,3
46370,-1
46371,-1
46372,3
46375,3
46379,-1
46380,3
46383,-1
46387,-1
46388,3
46389,3
46390,-1
46392,-1
46394,3
46396,-1
46397,-1
46398,-1
46399,3
46401,3
46402,-1
46403,3
46405,-1
46407,-1
46411,3
46412,-1
46414,-1
46415,3
46416,-1
46417,-1
46418,-1
46419,-1
46420,3
46421,3
46422,0
46424,-1
46425,3
46426,-1
46427,-1
46428,-1
46429,3
46430,3
46432,-1
46437,-1
46438,-1
46439,3
46440,-1
46441,3
46444,3
46445,-1
46446,-1
46448,-1
46449,-1
46451,-1
46452,-1
46453,-1
46454,-1
46455,-1
46456,-1
46457,-1
46458,-1
46459,3
46460,3
46461,-1
46462,-1
46463,3
46464,-1
46465,-1
46466,3
46467,-1
46469,3
46474,-1
46475,-1
46480,-1
46481,3
46482,-1
46484,-1
46485,-1
46486,0
46487,-1
46489,-1
46491,-1
46492,-1
46493,-1
46494,3
46495,3
46496,-1
46497,-1
46498,-1
46499,-1
46501,-1
46502,-1
46503,-1
46504,-1
46506,-1
46507,-1
46512,3
46515,3
46517,-1
46521,-1
46522,2
46523,-1
46524,3
46526,3
46528,-1
46530,-1
46531,-1
46534,3
46538,-1
46539,-1
46540,3
46541,-1
46542,-1
46543,-1
46544,-1
46545,-1
46546,-1
46548,-1
46549,-1
46550,-1
46551,-1
46552,-1
46553,-1
46555,3
46556,3
46557,-1
46558,-1
46561,-1
46566,3
46568,-1
46569,-1
46571,3
46574,0
46575,3
46576,-1
46579,-1
46580,3
46581,3
46582,-1
46583,-1
46584,3
46585,-1
46586,-1
46588,-1
46589,-1
46591,-1
46592,3
46593,-1
46594,-1
46595,-1
46596,-1
46597,-1
46598,-1
46599,-1
46600,-1
46601,3
46602,-1
46603,3
46605,-1
46606,-1
46607,3
46608,-1
46609,3
46610,3
46612,-1
46614,3
46619,-1
46621,-1
46624,-1
46626,-1
46627,-1
46629,-1
46631,-1
46632,-1
46636,-1
46638,-1
46644,-1
46647,-1
46650,-1
46651,3
46652,-1
46654,-1
46656,3
46657,3
46658,3
46660,-1
46661,3
46663,-1
46664,-1
46666,-1
46667,-1
46670,-1
46671,-1
46672,-1
46673,-1
46675,-1
46677,-1
46679,-1
46680,-1
46681,-1
46682,-1
46684,-1
46686,-1
46690,-1
46691,-1
46692,3
46693,-1
46694,3
46695,3
46697,3
46698,-1
46699,-1
46703,-1
46704,-1
46706,-1
46707,-1
46708,3
46709,-1
46710,-1
46711,-1
46714,0
46716,-1
46717,3
46718,3
46719,3
46720,-1
46721,-1
46725,3
46726,-1
46728,-1
46730,3
46731,-1
46733,-1
46734,3
46735,2
46737,-1
46738,3
46740,-1
46741,-1
46742,3
46743,-1
46745,-1
46746,-1
46747,-1
46749,-1
46752,-1
46754,3
46755,3
46756,-1
46758,-1
46759,-1
46761,-1
46763,2
46764,3
46767,-1
46768,-1
46769,-1
46770,-1
46771,3
46772,3
46773,-1
46774,-1
46775,3
46777,3
46778,-1
46779,-1
46783,3
46786,3
46787,3
46788,-1
46789,3
46790,-1
46791,-1
46793,3
46794,-1
46795,-1
46796,-1
46797,3
46798,3
46799,3
46800,-1
46801,-1
46803,3
46806,3
46807,-1
46808,3
46810,3
46812,3
46813,-1
46815,3
46816,-1
46817,-1
46818,3
46820,-1
46824,3
46829,-1
46830,3
46831,-1
46832,-1
46834,-1
46835,-1
46836,-1
46838,-1
46839,3
46840,-1
46841,-1
46842,3
46845,-1
46846,3
46847,-1
46848,-1
46849,-1
46850,-1
46851,3
46852,1
46853,3
46855,3
46856,-1
46859,3
46860,-1
46861,-1
46862,3
46863,-1
46864,3
46865,-1
46867,-1
46869,3
46870,3
46871,3
46873,-1
46874,3
46875,-1
46877,3
46878,-1
46881,-1
46883,-1
46885,-1
46887,-1
46888,-1
46890,3
46891,3
46895,3
46896,-1
46897,-1
46898,-1
46903,-1
46904,-1
46907,3
46908,3
46909,-1
46911,3
46912,-1
46914,-1
46915,3
46916,3
46917,-1
46919,-1
46920,-1
46921,-1
46922,3
46924,-1
46930,-1
46931,-1
46933,-1
46935,-1
46936,-1
46937,-1
46938,-1
46939,-1
46941,-1
46942,-1
46943,-1
46945,3
46946,3
46948,-1
46951,3
46952,3
46953,-1
46955,3
46956,-1
46958,-1
46960,3
46961,-1
46963,-1
46964,-1
46966,-1
46967,-1
46968,0
46969,-1
46970,-1
46971,3
46972,-1
46973,-1
46974,-1
46975,-1
46977,-1
46978,-1
46979,3
46981,-1
46982,3
46984,-1
46985,-1
46987,-1
46989,-1
46992,3
46994,-1
46995,3
46998,-1
47000,3
47001,1
47003,3
47004,3
47006,-1
47007,-1
47008,3
47009,-1
47012,-1
47014,-1
47015,-1
47016,3
47017,-1
47019,-1
47020,3
47021,3
47025,-1
47026,3
47027,-1
47028,-1
47029,-1
47030,-1
47032,-1
47033,3
47034,-1
47037,3
47038,-1
47039,3
47040,-1
47041,-1
47042,3
47043,-1
47047,-1
47049,3
47051,-1
47055,-1
47056,3
47057,-1
47058,-1
47059,-1
47060,3
47061,3
47062,-1
47064,-1
47065,3
47066,-1
47067,-1
47068,-1
47070,-1
47071,-1
47072,-1
47074,-1
47079,3
47080,-1
47083,-1
47084,3
47087,-1
47088,-1
47090,-1
47091,-1
47092,-1
47093,3
47094,3
47095,3
47096,3
47097,3
47098,-1
47101,-1
47102,-1
47103,3
47104,3
47105,-1
47106,-1
47107,-1
47109,-1
47111,-1
47113,-1
47116,-1
47117,3
47118,3
47119,3
47120,-1
47121,3
47122,-1
47123,3
47124,3
47125,-1
47126,3
47128,-1
47129,-1
47130,-1
47131,-1
47133,-1
47135,-1
47137,-1
47139,3
47140,-1
47142,3
47144,-1
47145,3
47146,3
47148,-1
47151,-1
47152,-1
47157,-1
47160,-1
47162,3
47163,-1
47165,3
47167,-1
47170,-1
47171,-1
47173,-1
47174,-1
47176,-1
47177,-1
47178,-1
47181,-1
47183,-1
47184,-1
47185,-1
47186,-1
47187,3
47188,-1
47191,-1
47192,-1
47193,3
47194,-1
47200,-1
47203,3
47204,-1
47205,-1
47207,3
47210,-1
47212,3
47213,-1
47215,3
47216,-1
47217,-1
47218,3
47220,-1
47222,-1
47223,3
47225,-1
47226,-1
47228,3
47230,-1
47232,-1
47233,-1
47234,-1
47236,-1
47238,0
47241,-1
47242,-1
47243,-1
47244,-1
47245,0
47248,-1
47249,3
47250,-1
47251,-1
47253,-1
47255,-1
47256,-1
47258,3
47261,-1
47262,-1
47263,3
47264,-1
47266,-1
47268,3
47270,3
47273,-1
47276,3
47277,-1
47278,-1
47279,3
47280,-1
47281,-1
47282,-1
47283,-1
47284,-1
47287,3
47288,-1
47289,-1
47290,0
47291,-1
47293,-1
47294,3
47295,-1
47296,-1
47297,-1
47300,-1
47301,-1
47302,-1
47304,-1
47307,3
47308,3
47310,-1
47312,-1
47316,-1
47317,3
47318,-1
47319,3
47320,-1
47321,3
47322,-1
47324,-1
47325,-1
47327,-1
47329,-1
47330,-1
47331,-1
47334,-1
47335,-1
47336,-1
47337,-1
47339,3
47341,-1
47342,-1
47343,-1
47345,-1
47346,-1
47347,-1
47348,-1
47349,-1
47351,-1
47355,3
47356,3
47357,3
47358,-1
47360,-1
47361,3
47363,-1
47365,-1
47366,3
47370,-1
47372,3
47373,-1
47374,-1
47379,-1
47381,-1
47382,-1
47384,-1
47385,-1
47386,-1
47387,-1
47388,-1
47390,-1
47392,-1
47395,-1
47396,1
47398,-1
47400,-1
47401,3
47402,-1
47403,3
47404,-1
47407,-1
47408,3
47409,-1
47410,3
47411,-1
47412,-1
47413,-1
47415,3
47416,-1
47418,-1
47419,-1
47421,3
47422,-1
47424,-1
47425,-1
47426,3
47427,3
47428,-1
47429,3
47430,3
47433,-1
47435,3
47437,-1
47438,-1
47440,3
47441,-1
47442,3
47443,-1
47444,3
47446,3
47447,-1
47449,0
47451,-1
47452,-1
47453,3
47454,3
47455,-1
47456,-1
47457,-1
47459,-1
47460,3
47461,-1
47462,-1
47463,-1
47466,-1
47467,-1
47468,-1
47469,-1
47470,3
47471,-1
47472,3
47473,-1
47475,3
47476,-1
47477,3
47478,-1
47480,-1
47482,-1
47483,-1
47484,3
47485,-1
47486,-1
47488,3
47490,-1
47491,-1
47494,-1
47496,3
47501,3
47502,3
47504,1
47505,-1
47506,3
47507,-1
47509,3
47510,3
47511,-1
47514,-1
47515,-1
47516,-1
47517,-1
47518,-1
47519,-1
47520,-1
47521,-1
47522,-1
47523,-1
47524,-1
47525,-1
47526,-1
47527,3
47528,-1
47530,-1
47531,-1
47532,-1
47533,-1
47534,3
47535,3
47537,3
47540,-1
47541,-1
47542,-1
47543,-1
47547,3
47548,3
47554,-1
47557,3
47558,3
47559,-1
47561,-1
47563,-1
47564,-1
47566,3
47567,-1
47568,-1
47569,-1
47570,-1
47571,-1
47572,-1
47573,-1
47575,0
47576,-1
47577,-1
47578,-1
47580,-1
47581,3
47582,-1
47585,3
47586,-1
47587,3
47589,-1
47590,-1
47592,-1
47593,-1
47594,-1
47595,-1
47597,3
47598,-1
47599,-1
47600,-1
47601,-1
47603,-1
47604,-1
47605,-1
47606,-1
47607,-1
47608,3
47609,-1
47610,-1
47611,-1
47612,-1
47614,3
47616,-1
47617,3
47618,3
47619,-1
47620,-1
47621,-1
47622,3
47623,-1
47624,-1
47625,-1
47628,-1
47630,-1
47631,-1
47632,3
47633,-1
47634,-1
47635,0
47637,-1
47638,-1
47640,-1
47641,-1
47643,-1
47644,-1
47646,3
47647,-1
47648,-1
47649,-1
47652,-1
47654,3
47655,3
47656,3
47657,-1
47659,-1
47660,-1
47661,3
47663,-1
47664,-1
47665,3
47667,-1
47669,-1
47670,-1
47671,3
47672,-1
47674,-1
47677,-1
47678,3
47680,-1
47681,3
47682,-1
47683,-1
47684,-1
47685,-1
47686,3
47687,3
47688,-1
47689,-1
47692,-1
47693,-1
47695,-1
47696,3
47697,-1
47699,-1
47700,-1
47701,-1
47702,-1
47703,3
47708,-1
47711,3
47712,-1
47713,3
47715,-1
47717,-1
47720,-1
47721,-1
47722,-1
47723,3
47724,3
47728,-1
47729,3
47730,-1
47732,3
47733,-1
47734,3
47735,3
47736,-1
47740,-1
47741,3
47743,3
47744,-1
47745,-1
47746,3
47747,3
47748,3
47750,3
47751,-1
47752,-1
47753,3
47755,-1
47756,-1
47757,-1
47759,3
47764,3
47765,-1
47767,-1
47769,-1
47772,-1
47773,-1
47774,3
47775,3
47776,-1
47777,-1
47779,-1
47780,-1
47783,-1
47784,-1
47789,-1
47790,-1
47791,3
47792,-1
47793,-1
47795,-1
47796,-1
47798,3
47799,-1
47802,-1
47803,-1
47804,3
47805,-1
47806,3
47807,-1
47809,-1
47810,-1
47815,-1
47816,-1
47817,-1
47820,3
47821,3
47823,-1
47826,3
47827,-1
47830,-1
47831,-1
47833,-1
47835,-1
47838,3
47839,-1
47840,-1
47842,-1
47845,3
47847,-1
47848,-1
47851,-1
47852,-1
47855,-1
47856,-1
47859,3
47860,-1
47861,-1
47864,-1
47865,3
47866,3
47868,-1
47869,-1
47871,-1
47874,-1
47875,3
47876,-1
47877,-1
47878,-1
47884,-1
47886,3
47890,3
47891,3
47893,-1
47894,-1
47895,3
47896,-1
47899,2
47900,-1
47901,-1
47902,-1
47903,3
47904,-1
47906,-1
47907,-1
47908,3
47909,3
47910,3
47911,-1
47912,3
47913,3
47917,-1
47918,-1
47919,-1
47921,3
47928,-1
47929,-1
47930,3
47931,-1
47932,-1
47935,-1
47936,-1
47937,-1
47938,-1
47939,-1
47940,-1
47942,-1
47943,-1
47944,3
47945,-1
47947,-1
47948,-1
47950,-1
47953,3
47954,3
47955,-1
47957,3
47960,-1
47961,3
47964,3
47965,-1
47969,-1
47970,3
47971,3
47973,-1
47974,-1
47977,3
47978,-1
47979,-1
47981,3
47982,-1
47983,-1
47985,-1
47986,3
47987,-1
47988,-1
47989,3
47990,-1
47994,-1
47997,-1
47998,-1
48001,-1
48002,-1
48003,3
48004,-1
48006,-1
48007,-1
48008,-1
48009,-1
48010,-1
48012,-1
48013,3
48014,-1
48015,3
48016,3
48022,-1
48024,3
48025,-1
48027,-1
48028,-1
48030,-1
48031,-1
48033,-1
48034,-1
48038,-1
48039,-1
48040,-1
48043,-1
48044,-1
48045,3
48046,-1
48048,3
48051,-1
48052,-1
48053,-1
48057,-1
48058,3
48059,3
48060,-1
48063,2
48064,-1
48066,-1
48071,3
48073,-1
48074,-1
48076,-1
48078,-1
48079,-1
48083,3
48084,3
48085,3
48086,-1
48087,-1
48088,-1
48089,-1
48090,3
48091,-1
48093,-1
48094,-1
48095,-1
48096,-1
48097,-1
48099,-1
48100,3
48101,3
48102,-1
48106,-1
48107,-1
48109,-1
48110,-1
48111,3
48112,3
48114,-1
48115,3
48116,-1
48118,-1
48119,3
48120,3
48121,-1
48122,-1
48123,-1
48124,-1
48127,-1
48128,-1
48129,-1
48133,3
48134,-1
48137,3
48138,3
48143,3
48145,3
48146,-1
48147,-1
48148,-1
48150,-1
48151,-1
48152,-1
48154,-1
48155,-1
48156,-1
48157,3
48158,-1
48159,-1
48162,-1
48163,-1
48164,-1
48166,3
48167,-1
48168,-1
48169,-1
48170,-1
48171,-1
48172,-1
48173,-1
48174,3
48175,3
48179,-1
48180,-1
48183,-1
48186,-1
48187,-1
48188,-1
48189,-1
48190,-1
48192,3
48194,-1
48195,-1
48196,3
48199,-1
48202,-1
48203,-1
48204,-1
48205,-1
48206,3
48207,-1
48208,-1
48209,-1
48210,-1
48211,-1
48214,-1
48215,-1
48217,-1
48219,-1
48220,-1
48221,3
48222,-1
48223,-1
48226,-1
48227,3
48228,-1
48229,-1
48230,3
48231,-1
48234,2
48236,-1
48237,2
48239,3
48240,-1
48241,3
48245,-1
48246,-1
48249,3
48250,-1
48252,-1
48255,-1
48256,-1
48258,-1
48259,-1
48261,-1
48263,-1
48264,-1
48265,3
48267,-1
48271,-1
48272,-1
48276,-1
48277,-1
48278,-1
48281,3
48283,-1
48285,-1
48287,3
48289,3
48290,-1
48291,3
48292,3
48293,3
48297,-1
48298,-1
48300,3
48301,-1
48305,3
48308,3
48309,-1
48310,-1
48312,3
48313,-1
48314,-1
48315,3
48317,-1
48319,-1
48320,-1
48322,3
48323,3
48325,-1
48326,-1
48327,3
48330,-1
48332,-1
48333,3
48334,3
48335,3
48337,-1
48338,-1
48339,-1
48340,3
48341,-1
48345,-1
48346,3
48347,-1
48348,-1
48349,-1
48352,-1
48353,-1
48354,3
48355,-1
48358,-1
48359,-1
48360,-1
48362,-1
48364,-1
48365,1
48366,-1
48367,-1
48368,-1
48369,3
48370,-1
48371,-1
48375,-1
48377,3
48381,-1
48382,-1
48383,-1
48384,-1
48385,-1
48386,-1
48389,-1
48391,-1
48392,3
48395,-1
48397,3
48398,-1
48399,-1
48400,3
48401,-1
48402,-1
48404,3
48406,3
48408,-1
48409,-1
48410,-1
48412,-1
48415,3
48417,3
48418,3
48419,-1
48424,-1
48427,-1
48428,-1
48429,-1
48431,3
48433,-1
48434,-1
48435,3
48436,-1
48438,3
48439,-1
48440,-1
48441,-1
48442,3
48443,3
48444,3
48446,-1
48447,-1
48448,3
48449,3
48450,-1
48452,-1
48453,-1
48454,-1
48455,3
48458,-1
48459,-1
48461,-1
48462,3
48463,-1
48466,-1
48467,3
48468,-1
48469,-1
48471,-1
48472,3
48474,3
48475,-1
48476,-1
48478,-1
48479,-1
48483,-1
48485,-1
48486,-1
48488,-1
48489,-1
48491,-1
48493,3
48494,3
48498,-1
48502,-1
48503,-1
48504,-1
48506,-1
48511,-1
48512,-1
48513,3
48514,0
48515,-1
48516,3
48519,3
48521,-1
48522,-1
48524,-1
48525,-1
48526,-1
48528,3
48530,-1
48531,-1
48532,-1
48533,-1
48534,-1
48536,3
48537,-1
48538,-1
48539,-1
48541,3
48542,-1
48543,3
48545,-1
48546,2
48547,-1
48549,-1
48550,3
48552,-1
48553,-1
48557,3
48558,-1
48559,-1
48560,-1
48561,-1
48562,3
48563,3
48564,-1
48566,3
48568,-1
48569,-1
48570,3
48571,-1
48572,-1
48573,3
48575,-1
48576,-1
48582,-1
48583,-1
48584,3
48586,-1
48587,-1
48588,-1
48591,3
48592,3
48594,-1
48595,-1
48603,3
48605,3
48608,-1
48610,-1
48612,3
48614,3
48615,3
48617,3
48619,3
48620,3
48622,-1
48625,-1
48626,-1
48627,-1
48628,3
48630,-1
48631,-1
48633,-1
48634,3
48635,0
48641,-1
48643,3
48644,-1
48645,-1
48646,-1
48647,-1
48648,0
48650,-1
48651,3
48654,-1
48657,-1
48658,-1
48662,3
48663,3
48664,-1
48665,-1
48666,-1
48668,-1
48671,-1
48672,-1
48674,-1
48676,-1
48678,-1
48681,-1
48682,-1
48683,-1
48685,3
48687,3
48690,-1
48691,-1
48692,3
48693,-1
48694,-1
48695,-1
48696,-1
48697,-1
48698,-1
48699,3
48700,-1
48701,3
48703,-1
48704,-1
48706,3
48709,3
48710,-1
48711,-1
48715,-1
48716,3
48718,-1
48720,-1
48723,-1
48725,-1
48726,3
48727,-1
48728,3
48729,-1
48730,3
48732,-1
48733,-1
48735,3
48736,3
48737,3
48739,3
48740,-1
48743,-1
48744,-1
48745,-1
48747,3
48748,-1
48749,-1
48750,3
48751,3
48753,3
48755,-1
48756,3
48758,-1
48759,-1
48760,3
48763,-1
48767,-1
48769,-1
48770,3
48771,-1
48773,3
48774,3
48776,3
48777,3
48778,-1
48781,3
48784,-1
48786,-1
48791,-1
48792,-1
48794,-1
48795,3
48796,-1
48797,-1
48798,-1
48804,-1
48805,3
48807,3
48808,-1
48809,3
48810,-1
48811,-1
48812,-1
48813,3
48814,3
48815,-1
48816,-1
48817,3
48818,-1
48820,-1
48823,-1
48824,-1
48825,3
48826,-1
48828,-1
48831,3
48833,-1
48834,-1
48835,-1
48836,-1
48839,-1
48840,3
48841,3
48844,-1
48845,-1
48846,-1
48848,3
48850,-1
48852,3
48855,3
48856,-1
48859,-1
48864,-1
48866,-1
48867,3
48872,-1
48873,-1
48874,3
48879,-1
48880,-1
48881,-1
48883,-1
48884,-1
48886,3
48887,-1
48888,-1
48890,-1
48891,-1
48892,-1
48893,3
48894,3
48895,-1
48896,-1
48898,-1
48900,-1
48901,3
48905,-1
48906,3
48907,-1
48909,-1
48911,-1
48915,-1
48916,3
48917,-1
48918,-1
48920,3
48922,-1
48923,-1
48924,3
48925,3
48926,-1
48929,-1
48931,3
48932,3
48934,-1
48937,-1
48938,3
48941,3
48946,-1
48947,3
48948,-1
48949,3
48950,-1
48953,-1
48955,-1
48956,0
48958,-1
48959,-1
48964,3
48966,-1
48968,3
48969,-1
48970,3
48972,-1
48973,-1
48974,-1
48975,-1
48978,-1
48979,-1
48982,1
48983,-1
48984,-1
48985,-1
48986,3
48987,-1
48988,-1
48989,3
48990,-1
48991,-1
48992,3
48993,-1
48994,-1
48995,-1
48996,-1
48997,-1
48999,-1
49000,-1
49001,-1
49002,0
49005,-1
49008,3
49009,-1
49014,3
49016,-1
49017,-1
49018,3
49019,-1
49021,-1
49022,-1
49023,-1
49025,-1
49026,3
49027,-1
49031,-1
49032,-1
49034,3
49035,3
49036,-1
49037,-1
49040,-1
49041,3
49044,-1
49046,3
49047,3
49050,-1
49051,-1
49057,3
49058,-1
49059,-1
49060,-1
49062,-1
49063,3
49066,-1
49067,-1
49068,-1
49070,3
49072,-1
49073,-1
49074,-1
49075,-1
49076,-1
49077,-1
49078,-1
49080,-1
49081,3
49082,-1
49083,-1
49084,-1
49085,3
49086,3
49087,-1
49088,-1
49089,-1
49090,-1
49091,-1
49095,-1
49096,1
49097,2
49099,-1
49101,-1
49102,-1
49104,-1
49105,3
49107,-1
49108,-1
49109,3
49112,-1
49114,3
49116,-1
49117,-1
49118,-1
49121,3
49123,3
49125,-1
49128,-1
49129,-1
49130,-1
49131,-1
49132,3
49133,-1
49134,-1
49135,3
49136,-1
49137,-1
49138,-1
49139,-1
49141,-1
49143,-1
49144,-1
49146,3
49148,-1
49149,-1
49150,-1
49151,3
49152,3
49153,-1
49154,-1
49156,-1
49157,-1
49158,3
49159,3
49161,-1
49163,-1
49165,3
49166,-1
49169,-1
49171,3
49174,-1
49175,-1
49176,-1
49177,3
49180,-1
49182,-1
49183,3
49184,-1
49185,-1
49186,-1
49187,-1
49188,-1
49189,-1
49192,-1
49193,-1
49197,3
49198,-1
49199,-1
49200,-1
49201,-1
49202,-1
49205,3
49207,-1
49208,-1
49209,-1
49210,3
49211,-1
49212,-1
49213,-1
49214,-1
49215,-1
49218,-1
49219,-1
49220,-1
49221,-1
49222,-1
49223,-1
49225,-1
49226,3
49227,-1
49228,-1
49230,-1
49232,-1
49233,-1
49234,-1
49236,-1
49238,3
49240,-1
49241,-1
49244,-1
49245,-1
49246,-1
49247,3
49248,-1
49249,-1
49250,-1
49251,3
49252,3
49253,-1
49254,3
49257,3
49258,-1
49259,-1
49260,-1
49262,3
49263,3
49265,3
49266,-1
49267,-1
49268,-1
49270,-1
49272,3
49274,-1
49276,-1
49277,3
49278,-1
49281,-1
49282,-1
49284,-1
49285,-1
49288,3
49290,-1
49291,-1
49292,-1
49293,-1
49294,-1
49295,-1
49296,3
49299,-1
49300,-1
49302,3
49303,-1
49305,3
49306,-1
49307,-1
49308,-1
49309,-1
49310,3
49311,-1
49312,-1
49314,-1
49317,-1
49322,-1
49327,3
49328,-1
49330,-1
49331,-1
49333,3
49334,1
49336,3
49337,-1
49338,-1
49339,3
49340,-1
49341,-1
49343,3
49344,-1
49345,3
49347,-1
49348,3
49349,-1
49351,3
49352,3
49353,-1
49354,-1
49355,-1
49356,3
49357,3
49359,-1
49360,3
49361,3
49363,3
49365,3
49366,3
49367,-1
49369,3
49370,-1
49371,-1
49373,-1
49374,-1
49375,-1
49376,-1
49377,3
49382,-1
49383,-1
49385,-1
49387,-1
49390,3
49391,3
49393,3
49394,-1
49397,3
49399,-1
49400,-1
49401,-1
49405,-1
49407,3
49410,-1
49411,3
49414,-1
49416,-1
49417,-1
49418,-1
49420,-1
49422,-1
49423,3
49425,-1
49426,-1
49427,-1
49428,-1
49429,-1
49431,3
49433,-1
49435,-1
49436,3
49438,-1
49441,3
49443,-1
49445,3
49447,-1
49448,3
49451,-1
49453,3
49454,-1
49455,3
49457,3
49458,-1
49459,-1
49460,3
49461,-1
49462,-1
49463,-1
49464,3
49466,-1
49467,-1
49468,-1
49469,-1
49471,-1
49472,-1
49474,-1
49476,-1
49477,-1
49481,-1
49482,-1
49486,-1
49487,-1
49488,-1
49490,-1
49491,-1
49492,-1
49493,-1
49494,-1
49496,3
49497,3
49498,3
49499,-1
49500,-1
49501,3
49504,-1
49505,3
49506,3
49509,-1
49511,-1
49513,-1
49514,-1
49515,3
49519,-1
49520,-1
49521,-1
49522,-1
49525,-1
49527,3
49528,-1
49529,3
49530,-1
49531,3
49533,3
49536,-1
49537,-1
49538,-1
49542,3
49543,-1
49544,-1
49545,-1
49546,-1
49549,-1
49550,-1
49553,-1
49554,-1
49556,-1
49558,-1
49559,-1
49560,3
49561,-1
49563,-1
49564,-1
49565,3
49570,-1
49571,3
49573,3
49574,-1
49576,3
49578,3
49580,-1
49581,-1
49583,-1
49586,-1
49589,-1
49591,3
49593,3
49594,-1
49595,3
49597,3
49599,3
49600,-1
49601,-1
49602,-1
49603,-1
49604,3
49605,-1
49606,-1
49607,3
49609,-1
49610,-1
49611,2
49612,3
49613,-1
49615,-1
49618,-1
49619,-1
49621,-1
49622,-1
49624,3
49625,-1
49626,-1
49627,3
49628,-1
49629,0
49633,-1
49636,3
49637,-1
49641,-1
49642,-1
49643,-1
49645,-1
49646,-1
49647,-1
49648,-1
49651,-1
49653,-1
49654,-1
49655,3
49656,3
49657,-1
49658,-1
49659,-1
49663,-1
49664,-1
49665,3
49667,-1
49669,3
49671,3
49672,3
49673,-1
49677,-1
49680,3
49682,3
49683,-1
49684,-1
49685,-1
49688,-1
49689,-1
49692,-1
49694,3
49700,-1
49701,3
49702,-1
49703,3
49706,-1
49708,-1
49709,-1
49710,3
49712,-1
49713,-1
49714,-1
49715,3
49716,-1
49717,3
49718,-1
49720,3
49723,3
49726,0
49727,3
49728,-1
49730,-1
49732,3
49733,3
49735,-1
49736,-1
49738,3
49740,-1
49743,-1
49744,-1
49745,3
49747,-1
49748,3
49749,-1
49754,3
49756,-1
49757,-1
49758,-1
49759,-1
49760,-1
49762,-1
49763,3
49764,-1
49765,3
49766,-1
49768,-1
49769,-1
49770,3
49771,3
49772,-1
49773,3
49776,-1
49777,-1
49778,-1
49779,-1
49780,3
49785,-1
49786,3
49787,3
49788,-1
49789,-1
49790,-1
49793,-1
49794,-1
49796,-1
49798,-1
49799,-1
49800,3
49802,-1
49803,-1
49805,-1
49806,-1
49807,-1
49808,-1
49809,3
49813,3
49816,-1
49817,-1
49818,-1
49821,3
49822,-1
49824,-1
49826,-1
49827,3
49829,3
49830,-1
49831,-1
49832,-1
49835,-1
49836,-1
49838,-1
49840,-1
49842,-1
49843,-1
49844,-1
49846,3
49848,-1
49849,3
49850,-1
49851,3
49854,-1
49855,-1
49860,-1
49861,-1
49862,-1
49864,-1
49865,3
49867,3
49868,-1
49869,3
49870,-1
49871,-1
49872,-1
49873,3
49874,3
49877,-1
49879,3
49881,-1
49883,3
49884,-1
49885,3
49886,-1
49887,-1
49888,-1
49889,-1
49893,-1
49895,3
49896,-1
49897,-1
49898,-1
49900,-1
49901,-1
49902,3
49904,3
49905,3
49906,-1
49907,-1
49908,-1
49909,-1
49910,3
49912,-1
49913,-1
49914,-1
49915,-1
49916,-1
49917,-1
49918,-1
49919,-1
49920,-1
49922,-1
49924,-1
49925,-1
49926,-1
49928,-1
49931,-1
49932,-1
49935,-1
49936,3
49938,3
49940,-1
49942,-1
49943,-1
49945,3
49948,-1
49951,3
49952,3
49953,-1
49957,-1
49959,-1
49961,3
49962,-1
49964,-1
49965,3
49966,3
49967,-1
49968,-1
49969,-1
49970,-1
49971,-1
49972,-1
49973,3
49975,3
49976,-1
49977,-1
49978,-1
49979,-1
49981,-1
49982,-1
49985,-1
49986,-1
49988,-1
49992,-1
49993,-1
49994,-1
49995,-1
49996,-1
